ISO-10303-21;
HEADER;
/* Generated by software containing ST-Developer
 * from STEP Tools, Inc. (www.steptools.com) 
 */

FILE_DESCRIPTION(
/* description */ (''),
/* implementation_level */ '2;1');

FILE_NAME(
/* name */ 'Untitled.step',
/* time_stamp */ '2025-05-30T23:53:37+01:00',
/* author */ (''),
/* organization */ (''),
/* preprocessor_version */ 'ST-DEVELOPER v20.1',
/* originating_system */ 'Autodesk Translation Framework v14.10.0.0',
/* authorisation */ '');

FILE_SCHEMA (('AUTOMOTIVE_DESIGN { 1 0 10303 214 3 1 1 }'));
ENDSEC;

DATA;
#10=MECHANICAL_DESIGN_GEOMETRIC_PRESENTATION_REPRESENTATION('',(#24,#25,
#26),#4615);
#11=ITEM_DEFINED_TRANSFORMATION($,$,#2859,#3046);
#12=ITEM_DEFINED_TRANSFORMATION($,$,#2859,#3047);
#13=(
REPRESENTATION_RELATIONSHIP($,$,#4627,#4626)
REPRESENTATION_RELATIONSHIP_WITH_TRANSFORMATION(#11)
SHAPE_REPRESENTATION_RELATIONSHIP()
);
#14=(
REPRESENTATION_RELATIONSHIP($,$,#4627,#4626)
REPRESENTATION_RELATIONSHIP_WITH_TRANSFORMATION(#12)
SHAPE_REPRESENTATION_RELATIONSHIP()
);
#15=CONTEXT_DEPENDENT_SHAPE_REPRESENTATION(#13,#4624);
#16=CONTEXT_DEPENDENT_SHAPE_REPRESENTATION(#14,#4625);
#17=NEXT_ASSEMBLY_USAGE_OCCURRENCE('Misumi 4040 Cube v1:1',
'Misumi 4040 Cube v1:1','Misumi 4040 Cube v1:1',#4629,#4630,
'Misumi 4040 Cube v1:1');
#18=NEXT_ASSEMBLY_USAGE_OCCURRENCE('Misumi 4040 Cube v1:2',
'Misumi 4040 Cube v1:2','Misumi 4040 Cube v1:2',#4629,#4630,
'Misumi 4040 Cube v1:2');
#19=SHAPE_REPRESENTATION_RELATIONSHIP('SRR','None',#4627,#20);
#20=ADVANCED_BREP_SHAPE_REPRESENTATION('',(#21),#4614);
#21=MANIFOLD_SOLID_BREP('Body1',#2845);
#22=FACE_BOUND('',#374,.T.);
#23=FACE_BOUND('',#376,.T.);
#24=STYLED_ITEM('',(#4642),#2843);
#25=STYLED_ITEM('',(#4642),#2844);
#26=STYLED_ITEM('',(#4641),#21);
#27=CIRCLE('',#2867,1.21758958129807);
#28=CIRCLE('',#2868,1.21758958129807);
#29=CIRCLE('',#2870,0.5);
#30=CIRCLE('',#2871,0.5);
#31=CIRCLE('',#2873,2.1);
#32=CIRCLE('',#2874,2.1);
#33=CIRCLE('',#2876,0.500000000000002);
#34=CIRCLE('',#2877,0.500000000000002);
#35=CIRCLE('',#2879,1.21758958129807);
#36=CIRCLE('',#2880,1.21758958129807);
#37=CIRCLE('',#2889,1.21758958129807);
#38=CIRCLE('',#2890,1.21758958129807);
#39=CIRCLE('',#2892,0.5);
#40=CIRCLE('',#2893,0.5);
#41=CIRCLE('',#2895,2.1);
#42=CIRCLE('',#2896,2.1);
#43=CIRCLE('',#2898,0.500000000000002);
#44=CIRCLE('',#2899,0.500000000000002);
#45=CIRCLE('',#2901,1.21758958129808);
#46=CIRCLE('',#2902,1.21758958129808);
#47=CIRCLE('',#2911,1.21758958129808);
#48=CIRCLE('',#2912,1.21758958129808);
#49=CIRCLE('',#2914,0.5);
#50=CIRCLE('',#2915,0.5);
#51=CIRCLE('',#2917,2.1);
#52=CIRCLE('',#2918,2.1);
#53=CIRCLE('',#2920,0.500000000000002);
#54=CIRCLE('',#2921,0.500000000000002);
#55=CIRCLE('',#2923,1.21758958129809);
#56=CIRCLE('',#2924,1.21758958129809);
#57=CIRCLE('',#2933,1.21758958129808);
#58=CIRCLE('',#2934,1.21758958129808);
#59=CIRCLE('',#2936,0.5);
#60=CIRCLE('',#2937,0.5);
#61=CIRCLE('',#2939,2.1);
#62=CIRCLE('',#2940,2.1);
#63=CIRCLE('',#2942,0.500000000000001);
#64=CIRCLE('',#2943,0.500000000000001);
#65=CIRCLE('',#2945,1.21758958129809);
#66=CIRCLE('',#2946,1.21758958129809);
#67=CIRCLE('',#2958,1.);
#68=CIRCLE('',#2959,1.);
#69=CIRCLE('',#2982,1.);
#70=CIRCLE('',#2983,1.);
#71=CIRCLE('',#3006,1.);
#72=CIRCLE('',#3007,1.);
#73=CIRCLE('',#3030,1.);
#74=CIRCLE('',#3031,1.);
#75=CYLINDRICAL_SURFACE('',#2866,1.21758958129807);
#76=CYLINDRICAL_SURFACE('',#2869,0.5);
#77=CYLINDRICAL_SURFACE('',#2872,2.1);
#78=CYLINDRICAL_SURFACE('',#2875,0.500000000000002);
#79=CYLINDRICAL_SURFACE('',#2878,1.21758958129807);
#80=CYLINDRICAL_SURFACE('',#2888,1.21758958129807);
#81=CYLINDRICAL_SURFACE('',#2891,0.5);
#82=CYLINDRICAL_SURFACE('',#2894,2.1);
#83=CYLINDRICAL_SURFACE('',#2897,0.500000000000002);
#84=CYLINDRICAL_SURFACE('',#2900,1.21758958129808);
#85=CYLINDRICAL_SURFACE('',#2910,1.21758958129808);
#86=CYLINDRICAL_SURFACE('',#2913,0.5);
#87=CYLINDRICAL_SURFACE('',#2916,2.1);
#88=CYLINDRICAL_SURFACE('',#2919,0.500000000000002);
#89=CYLINDRICAL_SURFACE('',#2922,1.21758958129809);
#90=CYLINDRICAL_SURFACE('',#2932,1.21758958129808);
#91=CYLINDRICAL_SURFACE('',#2935,0.5);
#92=CYLINDRICAL_SURFACE('',#2938,2.1);
#93=CYLINDRICAL_SURFACE('',#2941,0.500000000000001);
#94=CYLINDRICAL_SURFACE('',#2944,1.21758958129809);
#95=CYLINDRICAL_SURFACE('',#2957,1.);
#96=CYLINDRICAL_SURFACE('',#2981,1.);
#97=CYLINDRICAL_SURFACE('',#3005,1.);
#98=CYLINDRICAL_SURFACE('',#3029,1.);
#99=FACE_OUTER_BOUND('',#237,.T.);
#100=FACE_OUTER_BOUND('',#238,.T.);
#101=FACE_OUTER_BOUND('',#239,.T.);
#102=FACE_OUTER_BOUND('',#240,.T.);
#103=FACE_OUTER_BOUND('',#241,.T.);
#104=FACE_OUTER_BOUND('',#242,.T.);
#105=FACE_OUTER_BOUND('',#243,.T.);
#106=FACE_OUTER_BOUND('',#244,.T.);
#107=FACE_OUTER_BOUND('',#245,.T.);
#108=FACE_OUTER_BOUND('',#246,.T.);
#109=FACE_OUTER_BOUND('',#247,.T.);
#110=FACE_OUTER_BOUND('',#248,.T.);
#111=FACE_OUTER_BOUND('',#249,.T.);
#112=FACE_OUTER_BOUND('',#250,.T.);
#113=FACE_OUTER_BOUND('',#251,.T.);
#114=FACE_OUTER_BOUND('',#252,.T.);
#115=FACE_OUTER_BOUND('',#253,.T.);
#116=FACE_OUTER_BOUND('',#254,.T.);
#117=FACE_OUTER_BOUND('',#255,.T.);
#118=FACE_OUTER_BOUND('',#256,.T.);
#119=FACE_OUTER_BOUND('',#257,.T.);
#120=FACE_OUTER_BOUND('',#258,.T.);
#121=FACE_OUTER_BOUND('',#259,.T.);
#122=FACE_OUTER_BOUND('',#260,.T.);
#123=FACE_OUTER_BOUND('',#261,.T.);
#124=FACE_OUTER_BOUND('',#262,.T.);
#125=FACE_OUTER_BOUND('',#263,.T.);
#126=FACE_OUTER_BOUND('',#264,.T.);
#127=FACE_OUTER_BOUND('',#265,.T.);
#128=FACE_OUTER_BOUND('',#266,.T.);
#129=FACE_OUTER_BOUND('',#267,.T.);
#130=FACE_OUTER_BOUND('',#268,.T.);
#131=FACE_OUTER_BOUND('',#269,.T.);
#132=FACE_OUTER_BOUND('',#270,.T.);
#133=FACE_OUTER_BOUND('',#271,.T.);
#134=FACE_OUTER_BOUND('',#272,.T.);
#135=FACE_OUTER_BOUND('',#273,.T.);
#136=FACE_OUTER_BOUND('',#274,.T.);
#137=FACE_OUTER_BOUND('',#275,.T.);
#138=FACE_OUTER_BOUND('',#276,.T.);
#139=FACE_OUTER_BOUND('',#277,.T.);
#140=FACE_OUTER_BOUND('',#278,.T.);
#141=FACE_OUTER_BOUND('',#279,.T.);
#142=FACE_OUTER_BOUND('',#280,.T.);
#143=FACE_OUTER_BOUND('',#281,.T.);
#144=FACE_OUTER_BOUND('',#282,.T.);
#145=FACE_OUTER_BOUND('',#283,.T.);
#146=FACE_OUTER_BOUND('',#284,.T.);
#147=FACE_OUTER_BOUND('',#285,.T.);
#148=FACE_OUTER_BOUND('',#286,.T.);
#149=FACE_OUTER_BOUND('',#287,.T.);
#150=FACE_OUTER_BOUND('',#288,.T.);
#151=FACE_OUTER_BOUND('',#289,.T.);
#152=FACE_OUTER_BOUND('',#290,.T.);
#153=FACE_OUTER_BOUND('',#291,.T.);
#154=FACE_OUTER_BOUND('',#292,.T.);
#155=FACE_OUTER_BOUND('',#293,.T.);
#156=FACE_OUTER_BOUND('',#294,.T.);
#157=FACE_OUTER_BOUND('',#295,.T.);
#158=FACE_OUTER_BOUND('',#296,.T.);
#159=FACE_OUTER_BOUND('',#297,.T.);
#160=FACE_OUTER_BOUND('',#298,.T.);
#161=FACE_OUTER_BOUND('',#299,.T.);
#162=FACE_OUTER_BOUND('',#300,.T.);
#163=FACE_OUTER_BOUND('',#301,.T.);
#164=FACE_OUTER_BOUND('',#302,.T.);
#165=FACE_OUTER_BOUND('',#303,.T.);
#166=FACE_OUTER_BOUND('',#304,.T.);
#167=FACE_OUTER_BOUND('',#305,.T.);
#168=FACE_OUTER_BOUND('',#306,.T.);
#169=FACE_OUTER_BOUND('',#307,.T.);
#170=FACE_OUTER_BOUND('',#308,.T.);
#171=FACE_OUTER_BOUND('',#309,.T.);
#172=FACE_OUTER_BOUND('',#310,.T.);
#173=FACE_OUTER_BOUND('',#311,.T.);
#174=FACE_OUTER_BOUND('',#312,.T.);
#175=FACE_OUTER_BOUND('',#313,.T.);
#176=FACE_OUTER_BOUND('',#314,.T.);
#177=FACE_OUTER_BOUND('',#315,.T.);
#178=FACE_OUTER_BOUND('',#316,.T.);
#179=FACE_OUTER_BOUND('',#317,.T.);
#180=FACE_OUTER_BOUND('',#318,.T.);
#181=FACE_OUTER_BOUND('',#319,.T.);
#182=FACE_OUTER_BOUND('',#320,.T.);
#183=FACE_OUTER_BOUND('',#321,.T.);
#184=FACE_OUTER_BOUND('',#322,.T.);
#185=FACE_OUTER_BOUND('',#323,.T.);
#186=FACE_OUTER_BOUND('',#324,.T.);
#187=FACE_OUTER_BOUND('',#325,.T.);
#188=FACE_OUTER_BOUND('',#326,.T.);
#189=FACE_OUTER_BOUND('',#327,.T.);
#190=FACE_OUTER_BOUND('',#328,.T.);
#191=FACE_OUTER_BOUND('',#329,.T.);
#192=FACE_OUTER_BOUND('',#330,.T.);
#193=FACE_OUTER_BOUND('',#331,.T.);
#194=FACE_OUTER_BOUND('',#332,.T.);
#195=FACE_OUTER_BOUND('',#333,.T.);
#196=FACE_OUTER_BOUND('',#334,.T.);
#197=FACE_OUTER_BOUND('',#335,.T.);
#198=FACE_OUTER_BOUND('',#336,.T.);
#199=FACE_OUTER_BOUND('',#337,.T.);
#200=FACE_OUTER_BOUND('',#338,.T.);
#201=FACE_OUTER_BOUND('',#339,.T.);
#202=FACE_OUTER_BOUND('',#340,.T.);
#203=FACE_OUTER_BOUND('',#341,.T.);
#204=FACE_OUTER_BOUND('',#342,.T.);
#205=FACE_OUTER_BOUND('',#343,.T.);
#206=FACE_OUTER_BOUND('',#344,.T.);
#207=FACE_OUTER_BOUND('',#345,.T.);
#208=FACE_OUTER_BOUND('',#346,.T.);
#209=FACE_OUTER_BOUND('',#347,.T.);
#210=FACE_OUTER_BOUND('',#348,.T.);
#211=FACE_OUTER_BOUND('',#349,.T.);
#212=FACE_OUTER_BOUND('',#350,.T.);
#213=FACE_OUTER_BOUND('',#351,.T.);
#214=FACE_OUTER_BOUND('',#352,.T.);
#215=FACE_OUTER_BOUND('',#353,.T.);
#216=FACE_OUTER_BOUND('',#354,.T.);
#217=FACE_OUTER_BOUND('',#355,.T.);
#218=FACE_OUTER_BOUND('',#356,.T.);
#219=FACE_OUTER_BOUND('',#357,.T.);
#220=FACE_OUTER_BOUND('',#358,.T.);
#221=FACE_OUTER_BOUND('',#359,.T.);
#222=FACE_OUTER_BOUND('',#360,.T.);
#223=FACE_OUTER_BOUND('',#361,.T.);
#224=FACE_OUTER_BOUND('',#362,.T.);
#225=FACE_OUTER_BOUND('',#363,.T.);
#226=FACE_OUTER_BOUND('',#364,.T.);
#227=FACE_OUTER_BOUND('',#365,.T.);
#228=FACE_OUTER_BOUND('',#366,.T.);
#229=FACE_OUTER_BOUND('',#367,.T.);
#230=FACE_OUTER_BOUND('',#368,.T.);
#231=FACE_OUTER_BOUND('',#369,.T.);
#232=FACE_OUTER_BOUND('',#370,.T.);
#233=FACE_OUTER_BOUND('',#371,.T.);
#234=FACE_OUTER_BOUND('',#372,.T.);
#235=FACE_OUTER_BOUND('',#373,.T.);
#236=FACE_OUTER_BOUND('',#375,.T.);
#237=EDGE_LOOP('',(#1777,#1778,#1779,#1780));
#238=EDGE_LOOP('',(#1781,#1782,#1783,#1784));
#239=EDGE_LOOP('',(#1785,#1786,#1787,#1788));
#240=EDGE_LOOP('',(#1789,#1790,#1791,#1792));
#241=EDGE_LOOP('',(#1793,#1794,#1795,#1796));
#242=EDGE_LOOP('',(#1797,#1798,#1799,#1800));
#243=EDGE_LOOP('',(#1801,#1802,#1803,#1804));
#244=EDGE_LOOP('',(#1805,#1806,#1807,#1808));
#245=EDGE_LOOP('',(#1809,#1810,#1811,#1812));
#246=EDGE_LOOP('',(#1813,#1814,#1815,#1816));
#247=EDGE_LOOP('',(#1817,#1818,#1819,#1820));
#248=EDGE_LOOP('',(#1821,#1822,#1823,#1824));
#249=EDGE_LOOP('',(#1825,#1826,#1827,#1828));
#250=EDGE_LOOP('',(#1829,#1830,#1831,#1832));
#251=EDGE_LOOP('',(#1833,#1834,#1835,#1836));
#252=EDGE_LOOP('',(#1837,#1838,#1839,#1840));
#253=EDGE_LOOP('',(#1841,#1842,#1843,#1844));
#254=EDGE_LOOP('',(#1845,#1846,#1847,#1848));
#255=EDGE_LOOP('',(#1849,#1850,#1851,#1852));
#256=EDGE_LOOP('',(#1853,#1854,#1855,#1856));
#257=EDGE_LOOP('',(#1857,#1858,#1859,#1860));
#258=EDGE_LOOP('',(#1861,#1862,#1863,#1864));
#259=EDGE_LOOP('',(#1865,#1866,#1867,#1868));
#260=EDGE_LOOP('',(#1869,#1870,#1871,#1872));
#261=EDGE_LOOP('',(#1873,#1874,#1875,#1876));
#262=EDGE_LOOP('',(#1877,#1878,#1879,#1880));
#263=EDGE_LOOP('',(#1881,#1882,#1883,#1884));
#264=EDGE_LOOP('',(#1885,#1886,#1887,#1888));
#265=EDGE_LOOP('',(#1889,#1890,#1891,#1892));
#266=EDGE_LOOP('',(#1893,#1894,#1895,#1896));
#267=EDGE_LOOP('',(#1897,#1898,#1899,#1900));
#268=EDGE_LOOP('',(#1901,#1902,#1903,#1904));
#269=EDGE_LOOP('',(#1905,#1906,#1907,#1908));
#270=EDGE_LOOP('',(#1909,#1910,#1911,#1912));
#271=EDGE_LOOP('',(#1913,#1914,#1915,#1916));
#272=EDGE_LOOP('',(#1917,#1918,#1919,#1920));
#273=EDGE_LOOP('',(#1921,#1922,#1923,#1924));
#274=EDGE_LOOP('',(#1925,#1926,#1927,#1928));
#275=EDGE_LOOP('',(#1929,#1930,#1931,#1932));
#276=EDGE_LOOP('',(#1933,#1934,#1935,#1936));
#277=EDGE_LOOP('',(#1937,#1938,#1939,#1940));
#278=EDGE_LOOP('',(#1941,#1942,#1943,#1944));
#279=EDGE_LOOP('',(#1945,#1946,#1947,#1948));
#280=EDGE_LOOP('',(#1949,#1950,#1951,#1952));
#281=EDGE_LOOP('',(#1953,#1954,#1955,#1956));
#282=EDGE_LOOP('',(#1957,#1958,#1959,#1960));
#283=EDGE_LOOP('',(#1961,#1962,#1963,#1964));
#284=EDGE_LOOP('',(#1965,#1966,#1967,#1968));
#285=EDGE_LOOP('',(#1969,#1970,#1971,#1972));
#286=EDGE_LOOP('',(#1973,#1974,#1975,#1976));
#287=EDGE_LOOP('',(#1977,#1978,#1979,#1980));
#288=EDGE_LOOP('',(#1981,#1982,#1983,#1984));
#289=EDGE_LOOP('',(#1985,#1986,#1987,#1988));
#290=EDGE_LOOP('',(#1989,#1990,#1991,#1992));
#291=EDGE_LOOP('',(#1993,#1994,#1995,#1996));
#292=EDGE_LOOP('',(#1997,#1998,#1999,#2000));
#293=EDGE_LOOP('',(#2001,#2002,#2003,#2004));
#294=EDGE_LOOP('',(#2005,#2006,#2007,#2008));
#295=EDGE_LOOP('',(#2009,#2010,#2011,#2012));
#296=EDGE_LOOP('',(#2013,#2014,#2015,#2016));
#297=EDGE_LOOP('',(#2017,#2018,#2019,#2020));
#298=EDGE_LOOP('',(#2021,#2022,#2023,#2024));
#299=EDGE_LOOP('',(#2025,#2026,#2027,#2028));
#300=EDGE_LOOP('',(#2029,#2030,#2031,#2032));
#301=EDGE_LOOP('',(#2033,#2034,#2035,#2036));
#302=EDGE_LOOP('',(#2037,#2038,#2039,#2040));
#303=EDGE_LOOP('',(#2041,#2042,#2043,#2044));
#304=EDGE_LOOP('',(#2045,#2046,#2047,#2048));
#305=EDGE_LOOP('',(#2049,#2050,#2051,#2052));
#306=EDGE_LOOP('',(#2053,#2054,#2055,#2056));
#307=EDGE_LOOP('',(#2057,#2058,#2059,#2060));
#308=EDGE_LOOP('',(#2061,#2062,#2063,#2064));
#309=EDGE_LOOP('',(#2065,#2066,#2067,#2068));
#310=EDGE_LOOP('',(#2069,#2070,#2071,#2072));
#311=EDGE_LOOP('',(#2073,#2074,#2075,#2076));
#312=EDGE_LOOP('',(#2077,#2078,#2079,#2080));
#313=EDGE_LOOP('',(#2081,#2082,#2083,#2084));
#314=EDGE_LOOP('',(#2085,#2086,#2087,#2088));
#315=EDGE_LOOP('',(#2089,#2090,#2091,#2092));
#316=EDGE_LOOP('',(#2093,#2094,#2095,#2096));
#317=EDGE_LOOP('',(#2097,#2098,#2099,#2100));
#318=EDGE_LOOP('',(#2101,#2102,#2103,#2104));
#319=EDGE_LOOP('',(#2105,#2106,#2107,#2108));
#320=EDGE_LOOP('',(#2109,#2110,#2111,#2112));
#321=EDGE_LOOP('',(#2113,#2114,#2115,#2116));
#322=EDGE_LOOP('',(#2117,#2118,#2119,#2120));
#323=EDGE_LOOP('',(#2121,#2122,#2123,#2124));
#324=EDGE_LOOP('',(#2125,#2126,#2127,#2128));
#325=EDGE_LOOP('',(#2129,#2130,#2131,#2132));
#326=EDGE_LOOP('',(#2133,#2134,#2135,#2136));
#327=EDGE_LOOP('',(#2137,#2138,#2139,#2140));
#328=EDGE_LOOP('',(#2141,#2142,#2143,#2144));
#329=EDGE_LOOP('',(#2145,#2146,#2147,#2148));
#330=EDGE_LOOP('',(#2149,#2150,#2151,#2152));
#331=EDGE_LOOP('',(#2153,#2154,#2155,#2156));
#332=EDGE_LOOP('',(#2157,#2158,#2159,#2160));
#333=EDGE_LOOP('',(#2161,#2162,#2163,#2164));
#334=EDGE_LOOP('',(#2165,#2166,#2167,#2168));
#335=EDGE_LOOP('',(#2169,#2170,#2171,#2172));
#336=EDGE_LOOP('',(#2173,#2174,#2175,#2176));
#337=EDGE_LOOP('',(#2177,#2178,#2179,#2180));
#338=EDGE_LOOP('',(#2181,#2182,#2183,#2184));
#339=EDGE_LOOP('',(#2185,#2186,#2187,#2188));
#340=EDGE_LOOP('',(#2189,#2190,#2191,#2192));
#341=EDGE_LOOP('',(#2193,#2194,#2195,#2196));
#342=EDGE_LOOP('',(#2197,#2198,#2199,#2200));
#343=EDGE_LOOP('',(#2201,#2202,#2203,#2204));
#344=EDGE_LOOP('',(#2205,#2206,#2207,#2208));
#345=EDGE_LOOP('',(#2209,#2210,#2211,#2212));
#346=EDGE_LOOP('',(#2213,#2214,#2215,#2216));
#347=EDGE_LOOP('',(#2217,#2218,#2219,#2220));
#348=EDGE_LOOP('',(#2221,#2222,#2223,#2224));
#349=EDGE_LOOP('',(#2225,#2226,#2227,#2228));
#350=EDGE_LOOP('',(#2229,#2230,#2231,#2232));
#351=EDGE_LOOP('',(#2233,#2234,#2235,#2236));
#352=EDGE_LOOP('',(#2237,#2238,#2239,#2240));
#353=EDGE_LOOP('',(#2241,#2242,#2243,#2244));
#354=EDGE_LOOP('',(#2245,#2246,#2247,#2248));
#355=EDGE_LOOP('',(#2249,#2250,#2251,#2252));
#356=EDGE_LOOP('',(#2253,#2254,#2255,#2256));
#357=EDGE_LOOP('',(#2257,#2258,#2259,#2260));
#358=EDGE_LOOP('',(#2261,#2262,#2263,#2264));
#359=EDGE_LOOP('',(#2265,#2266,#2267,#2268));
#360=EDGE_LOOP('',(#2269,#2270,#2271,#2272));
#361=EDGE_LOOP('',(#2273,#2274,#2275,#2276));
#362=EDGE_LOOP('',(#2277,#2278,#2279,#2280));
#363=EDGE_LOOP('',(#2281,#2282,#2283,#2284));
#364=EDGE_LOOP('',(#2285,#2286,#2287,#2288));
#365=EDGE_LOOP('',(#2289,#2290,#2291,#2292));
#366=EDGE_LOOP('',(#2293,#2294,#2295,#2296));
#367=EDGE_LOOP('',(#2297,#2298,#2299,#2300));
#368=EDGE_LOOP('',(#2301,#2302,#2303,#2304));
#369=EDGE_LOOP('',(#2305,#2306,#2307,#2308));
#370=EDGE_LOOP('',(#2309,#2310,#2311,#2312));
#371=EDGE_LOOP('',(#2313,#2314,#2315,#2316));
#372=EDGE_LOOP('',(#2317,#2318,#2319,#2320));
#373=EDGE_LOOP('',(#2321,#2322,#2323,#2324,#2325,#2326,#2327,#2328,#2329,
#2330,#2331,#2332,#2333,#2334,#2335,#2336,#2337,#2338,#2339,#2340,#2341,
#2342,#2343,#2344,#2345,#2346,#2347,#2348,#2349,#2350,#2351,#2352,#2353,
#2354,#2355,#2356,#2357,#2358,#2359,#2360,#2361,#2362,#2363,#2364,#2365,
#2366,#2367,#2368,#2369,#2370,#2371,#2372,#2373,#2374,#2375,#2376,#2377,
#2378,#2379,#2380,#2381,#2382,#2383,#2384,#2385,#2386,#2387,#2388,#2389,
#2390,#2391,#2392,#2393,#2394,#2395,#2396,#2397,#2398,#2399,#2400,#2401,
#2402,#2403,#2404,#2405,#2406,#2407,#2408));
#374=EDGE_LOOP('',(#2409,#2410,#2411,#2412,#2413,#2414,#2415,#2416,#2417,
#2418,#2419,#2420,#2421,#2422,#2423,#2424,#2425,#2426,#2427,#2428,#2429,
#2430,#2431,#2432,#2433,#2434,#2435,#2436,#2437,#2438,#2439,#2440,#2441,
#2442,#2443,#2444,#2445,#2446,#2447,#2448,#2449,#2450,#2451,#2452,#2453,
#2454,#2455,#2456));
#375=EDGE_LOOP('',(#2457,#2458,#2459,#2460,#2461,#2462,#2463,#2464,#2465,
#2466,#2467,#2468,#2469,#2470,#2471,#2472,#2473,#2474,#2475,#2476,#2477,
#2478,#2479,#2480,#2481,#2482,#2483,#2484,#2485,#2486,#2487,#2488,#2489,
#2490,#2491,#2492,#2493,#2494,#2495,#2496,#2497,#2498,#2499,#2500,#2501,
#2502,#2503,#2504,#2505,#2506,#2507,#2508,#2509,#2510,#2511,#2512,#2513,
#2514,#2515,#2516,#2517,#2518,#2519,#2520,#2521,#2522,#2523,#2524,#2525,
#2526,#2527,#2528,#2529,#2530,#2531,#2532,#2533,#2534,#2535,#2536,#2537,
#2538,#2539,#2540,#2541,#2542,#2543,#2544));
#376=EDGE_LOOP('',(#2545,#2546,#2547,#2548,#2549,#2550,#2551,#2552,#2553,
#2554,#2555,#2556,#2557,#2558,#2559,#2560,#2561,#2562,#2563,#2564,#2565,
#2566,#2567,#2568,#2569,#2570,#2571,#2572,#2573,#2574,#2575,#2576,#2577,
#2578,#2579,#2580,#2581,#2582,#2583,#2584,#2585,#2586,#2587,#2588,#2589,
#2590,#2591,#2592));
#377=LINE('',#3793,#737);
#378=LINE('',#3795,#738);
#379=LINE('',#3797,#739);
#380=LINE('',#3798,#740);
#381=LINE('',#3801,#741);
#382=LINE('',#3803,#742);
#383=LINE('',#3804,#743);
#384=LINE('',#3807,#744);
#385=LINE('',#3809,#745);
#386=LINE('',#3810,#746);
#387=LINE('',#3813,#747);
#388=LINE('',#3815,#748);
#389=LINE('',#3816,#749);
#390=LINE('',#3819,#750);
#391=LINE('',#3821,#751);
#392=LINE('',#3822,#752);
#393=LINE('',#3825,#753);
#394=LINE('',#3827,#754);
#395=LINE('',#3828,#755);
#396=LINE('',#3834,#756);
#397=LINE('',#3840,#757);
#398=LINE('',#3846,#758);
#399=LINE('',#3852,#759);
#400=LINE('',#3858,#760);
#401=LINE('',#3861,#761);
#402=LINE('',#3863,#762);
#403=LINE('',#3864,#763);
#404=LINE('',#3867,#764);
#405=LINE('',#3869,#765);
#406=LINE('',#3870,#766);
#407=LINE('',#3873,#767);
#408=LINE('',#3875,#768);
#409=LINE('',#3876,#769);
#410=LINE('',#3879,#770);
#411=LINE('',#3881,#771);
#412=LINE('',#3882,#772);
#413=LINE('',#3885,#773);
#414=LINE('',#3887,#774);
#415=LINE('',#3888,#775);
#416=LINE('',#3891,#776);
#417=LINE('',#3893,#777);
#418=LINE('',#3894,#778);
#419=LINE('',#3897,#779);
#420=LINE('',#3899,#780);
#421=LINE('',#3900,#781);
#422=LINE('',#3906,#782);
#423=LINE('',#3912,#783);
#424=LINE('',#3918,#784);
#425=LINE('',#3924,#785);
#426=LINE('',#3930,#786);
#427=LINE('',#3933,#787);
#428=LINE('',#3935,#788);
#429=LINE('',#3936,#789);
#430=LINE('',#3939,#790);
#431=LINE('',#3941,#791);
#432=LINE('',#3942,#792);
#433=LINE('',#3945,#793);
#434=LINE('',#3947,#794);
#435=LINE('',#3948,#795);
#436=LINE('',#3951,#796);
#437=LINE('',#3953,#797);
#438=LINE('',#3954,#798);
#439=LINE('',#3957,#799);
#440=LINE('',#3959,#800);
#441=LINE('',#3960,#801);
#442=LINE('',#3963,#802);
#443=LINE('',#3965,#803);
#444=LINE('',#3966,#804);
#445=LINE('',#3969,#805);
#446=LINE('',#3971,#806);
#447=LINE('',#3972,#807);
#448=LINE('',#3978,#808);
#449=LINE('',#3984,#809);
#450=LINE('',#3990,#810);
#451=LINE('',#3996,#811);
#452=LINE('',#4002,#812);
#453=LINE('',#4005,#813);
#454=LINE('',#4007,#814);
#455=LINE('',#4008,#815);
#456=LINE('',#4011,#816);
#457=LINE('',#4013,#817);
#458=LINE('',#4014,#818);
#459=LINE('',#4017,#819);
#460=LINE('',#4019,#820);
#461=LINE('',#4020,#821);
#462=LINE('',#4023,#822);
#463=LINE('',#4025,#823);
#464=LINE('',#4026,#824);
#465=LINE('',#4029,#825);
#466=LINE('',#4031,#826);
#467=LINE('',#4032,#827);
#468=LINE('',#4035,#828);
#469=LINE('',#4037,#829);
#470=LINE('',#4038,#830);
#471=LINE('',#4041,#831);
#472=LINE('',#4043,#832);
#473=LINE('',#4044,#833);
#474=LINE('',#4050,#834);
#475=LINE('',#4056,#835);
#476=LINE('',#4062,#836);
#477=LINE('',#4068,#837);
#478=LINE('',#4074,#838);
#479=LINE('',#4076,#839);
#480=LINE('',#4077,#840);
#481=LINE('',#4081,#841);
#482=LINE('',#4083,#842);
#483=LINE('',#4085,#843);
#484=LINE('',#4086,#844);
#485=LINE('',#4089,#845);
#486=LINE('',#4091,#846);
#487=LINE('',#4092,#847);
#488=LINE('',#4095,#848);
#489=LINE('',#4097,#849);
#490=LINE('',#4098,#850);
#491=LINE('',#4101,#851);
#492=LINE('',#4103,#852);
#493=LINE('',#4104,#853);
#494=LINE('',#4107,#854);
#495=LINE('',#4109,#855);
#496=LINE('',#4110,#856);
#497=LINE('',#4113,#857);
#498=LINE('',#4115,#858);
#499=LINE('',#4116,#859);
#500=LINE('',#4119,#860);
#501=LINE('',#4121,#861);
#502=LINE('',#4122,#862);
#503=LINE('',#4125,#863);
#504=LINE('',#4127,#864);
#505=LINE('',#4128,#865);
#506=LINE('',#4131,#866);
#507=LINE('',#4133,#867);
#508=LINE('',#4134,#868);
#509=LINE('',#4140,#869);
#510=LINE('',#4143,#870);
#511=LINE('',#4145,#871);
#512=LINE('',#4146,#872);
#513=LINE('',#4149,#873);
#514=LINE('',#4151,#874);
#515=LINE('',#4152,#875);
#516=LINE('',#4155,#876);
#517=LINE('',#4157,#877);
#518=LINE('',#4158,#878);
#519=LINE('',#4161,#879);
#520=LINE('',#4163,#880);
#521=LINE('',#4164,#881);
#522=LINE('',#4167,#882);
#523=LINE('',#4169,#883);
#524=LINE('',#4170,#884);
#525=LINE('',#4173,#885);
#526=LINE('',#4175,#886);
#527=LINE('',#4176,#887);
#528=LINE('',#4179,#888);
#529=LINE('',#4181,#889);
#530=LINE('',#4182,#890);
#531=LINE('',#4185,#891);
#532=LINE('',#4187,#892);
#533=LINE('',#4188,#893);
#534=LINE('',#4191,#894);
#535=LINE('',#4193,#895);
#536=LINE('',#4194,#896);
#537=LINE('',#4197,#897);
#538=LINE('',#4199,#898);
#539=LINE('',#4200,#899);
#540=LINE('',#4203,#900);
#541=LINE('',#4205,#901);
#542=LINE('',#4206,#902);
#543=LINE('',#4209,#903);
#544=LINE('',#4211,#904);
#545=LINE('',#4212,#905);
#546=LINE('',#4215,#906);
#547=LINE('',#4217,#907);
#548=LINE('',#4218,#908);
#549=LINE('',#4221,#909);
#550=LINE('',#4223,#910);
#551=LINE('',#4224,#911);
#552=LINE('',#4227,#912);
#553=LINE('',#4229,#913);
#554=LINE('',#4230,#914);
#555=LINE('',#4233,#915);
#556=LINE('',#4235,#916);
#557=LINE('',#4236,#917);
#558=LINE('',#4239,#918);
#559=LINE('',#4241,#919);
#560=LINE('',#4242,#920);
#561=LINE('',#4245,#921);
#562=LINE('',#4247,#922);
#563=LINE('',#4248,#923);
#564=LINE('',#4251,#924);
#565=LINE('',#4253,#925);
#566=LINE('',#4254,#926);
#567=LINE('',#4257,#927);
#568=LINE('',#4259,#928);
#569=LINE('',#4260,#929);
#570=LINE('',#4263,#930);
#571=LINE('',#4265,#931);
#572=LINE('',#4266,#932);
#573=LINE('',#4272,#933);
#574=LINE('',#4275,#934);
#575=LINE('',#4277,#935);
#576=LINE('',#4278,#936);
#577=LINE('',#4281,#937);
#578=LINE('',#4283,#938);
#579=LINE('',#4284,#939);
#580=LINE('',#4287,#940);
#581=LINE('',#4289,#941);
#582=LINE('',#4290,#942);
#583=LINE('',#4293,#943);
#584=LINE('',#4295,#944);
#585=LINE('',#4296,#945);
#586=LINE('',#4299,#946);
#587=LINE('',#4301,#947);
#588=LINE('',#4302,#948);
#589=LINE('',#4305,#949);
#590=LINE('',#4307,#950);
#591=LINE('',#4308,#951);
#592=LINE('',#4311,#952);
#593=LINE('',#4313,#953);
#594=LINE('',#4314,#954);
#595=LINE('',#4317,#955);
#596=LINE('',#4319,#956);
#597=LINE('',#4320,#957);
#598=LINE('',#4323,#958);
#599=LINE('',#4325,#959);
#600=LINE('',#4326,#960);
#601=LINE('',#4329,#961);
#602=LINE('',#4331,#962);
#603=LINE('',#4332,#963);
#604=LINE('',#4335,#964);
#605=LINE('',#4337,#965);
#606=LINE('',#4338,#966);
#607=LINE('',#4341,#967);
#608=LINE('',#4343,#968);
#609=LINE('',#4344,#969);
#610=LINE('',#4347,#970);
#611=LINE('',#4349,#971);
#612=LINE('',#4350,#972);
#613=LINE('',#4353,#973);
#614=LINE('',#4355,#974);
#615=LINE('',#4356,#975);
#616=LINE('',#4359,#976);
#617=LINE('',#4361,#977);
#618=LINE('',#4362,#978);
#619=LINE('',#4365,#979);
#620=LINE('',#4367,#980);
#621=LINE('',#4368,#981);
#622=LINE('',#4371,#982);
#623=LINE('',#4373,#983);
#624=LINE('',#4374,#984);
#625=LINE('',#4377,#985);
#626=LINE('',#4379,#986);
#627=LINE('',#4380,#987);
#628=LINE('',#4383,#988);
#629=LINE('',#4385,#989);
#630=LINE('',#4386,#990);
#631=LINE('',#4389,#991);
#632=LINE('',#4391,#992);
#633=LINE('',#4392,#993);
#634=LINE('',#4395,#994);
#635=LINE('',#4397,#995);
#636=LINE('',#4398,#996);
#637=LINE('',#4404,#997);
#638=LINE('',#4407,#998);
#639=LINE('',#4409,#999);
#640=LINE('',#4410,#1000);
#641=LINE('',#4413,#1001);
#642=LINE('',#4415,#1002);
#643=LINE('',#4416,#1003);
#644=LINE('',#4419,#1004);
#645=LINE('',#4421,#1005);
#646=LINE('',#4422,#1006);
#647=LINE('',#4425,#1007);
#648=LINE('',#4427,#1008);
#649=LINE('',#4428,#1009);
#650=LINE('',#4431,#1010);
#651=LINE('',#4433,#1011);
#652=LINE('',#4434,#1012);
#653=LINE('',#4437,#1013);
#654=LINE('',#4439,#1014);
#655=LINE('',#4440,#1015);
#656=LINE('',#4443,#1016);
#657=LINE('',#4445,#1017);
#658=LINE('',#4446,#1018);
#659=LINE('',#4449,#1019);
#660=LINE('',#4451,#1020);
#661=LINE('',#4452,#1021);
#662=LINE('',#4455,#1022);
#663=LINE('',#4457,#1023);
#664=LINE('',#4458,#1024);
#665=LINE('',#4461,#1025);
#666=LINE('',#4463,#1026);
#667=LINE('',#4464,#1027);
#668=LINE('',#4467,#1028);
#669=LINE('',#4469,#1029);
#670=LINE('',#4470,#1030);
#671=LINE('',#4473,#1031);
#672=LINE('',#4475,#1032);
#673=LINE('',#4476,#1033);
#674=LINE('',#4479,#1034);
#675=LINE('',#4481,#1035);
#676=LINE('',#4482,#1036);
#677=LINE('',#4485,#1037);
#678=LINE('',#4487,#1038);
#679=LINE('',#4488,#1039);
#680=LINE('',#4491,#1040);
#681=LINE('',#4493,#1041);
#682=LINE('',#4494,#1042);
#683=LINE('',#4497,#1043);
#684=LINE('',#4499,#1044);
#685=LINE('',#4500,#1045);
#686=LINE('',#4503,#1046);
#687=LINE('',#4505,#1047);
#688=LINE('',#4506,#1048);
#689=LINE('',#4509,#1049);
#690=LINE('',#4511,#1050);
#691=LINE('',#4512,#1051);
#692=LINE('',#4515,#1052);
#693=LINE('',#4517,#1053);
#694=LINE('',#4518,#1054);
#695=LINE('',#4521,#1055);
#696=LINE('',#4523,#1056);
#697=LINE('',#4524,#1057);
#698=LINE('',#4527,#1058);
#699=LINE('',#4529,#1059);
#700=LINE('',#4530,#1060);
#701=LINE('',#4536,#1061);
#702=LINE('',#4539,#1062);
#703=LINE('',#4541,#1063);
#704=LINE('',#4542,#1064);
#705=LINE('',#4545,#1065);
#706=LINE('',#4547,#1066);
#707=LINE('',#4548,#1067);
#708=LINE('',#4551,#1068);
#709=LINE('',#4553,#1069);
#710=LINE('',#4554,#1070);
#711=LINE('',#4557,#1071);
#712=LINE('',#4559,#1072);
#713=LINE('',#4560,#1073);
#714=LINE('',#4563,#1074);
#715=LINE('',#4565,#1075);
#716=LINE('',#4566,#1076);
#717=LINE('',#4569,#1077);
#718=LINE('',#4571,#1078);
#719=LINE('',#4572,#1079);
#720=LINE('',#4575,#1080);
#721=LINE('',#4577,#1081);
#722=LINE('',#4578,#1082);
#723=LINE('',#4581,#1083);
#724=LINE('',#4583,#1084);
#725=LINE('',#4584,#1085);
#726=LINE('',#4587,#1086);
#727=LINE('',#4589,#1087);
#728=LINE('',#4590,#1088);
#729=LINE('',#4593,#1089);
#730=LINE('',#4595,#1090);
#731=LINE('',#4596,#1091);
#732=LINE('',#4599,#1092);
#733=LINE('',#4601,#1093);
#734=LINE('',#4602,#1094);
#735=LINE('',#4604,#1095);
#736=LINE('',#4605,#1096);
#737=VECTOR('',#3054,10.);
#738=VECTOR('',#3055,10.);
#739=VECTOR('',#3056,10.);
#740=VECTOR('',#3057,10.);
#741=VECTOR('',#3060,10.);
#742=VECTOR('',#3061,10.);
#743=VECTOR('',#3062,10.);
#744=VECTOR('',#3065,10.);
#745=VECTOR('',#3066,10.);
#746=VECTOR('',#3067,10.);
#747=VECTOR('',#3070,10.);
#748=VECTOR('',#3071,10.);
#749=VECTOR('',#3072,10.);
#750=VECTOR('',#3075,10.);
#751=VECTOR('',#3076,10.);
#752=VECTOR('',#3077,10.);
#753=VECTOR('',#3080,10.);
#754=VECTOR('',#3081,10.);
#755=VECTOR('',#3082,10.);
#756=VECTOR('',#3089,10.);
#757=VECTOR('',#3096,10.);
#758=VECTOR('',#3103,10.);
#759=VECTOR('',#3110,10.);
#760=VECTOR('',#3117,10.);
#761=VECTOR('',#3120,10.);
#762=VECTOR('',#3121,10.);
#763=VECTOR('',#3122,10.);
#764=VECTOR('',#3125,10.);
#765=VECTOR('',#3126,10.);
#766=VECTOR('',#3127,10.);
#767=VECTOR('',#3130,10.);
#768=VECTOR('',#3131,10.);
#769=VECTOR('',#3132,10.);
#770=VECTOR('',#3135,10.);
#771=VECTOR('',#3136,10.);
#772=VECTOR('',#3137,10.);
#773=VECTOR('',#3140,10.);
#774=VECTOR('',#3141,10.);
#775=VECTOR('',#3142,10.);
#776=VECTOR('',#3145,9.99999999999999);
#777=VECTOR('',#3146,9.99999999999999);
#778=VECTOR('',#3147,10.);
#779=VECTOR('',#3150,10.);
#780=VECTOR('',#3151,10.);
#781=VECTOR('',#3152,10.);
#782=VECTOR('',#3159,10.);
#783=VECTOR('',#3166,10.);
#784=VECTOR('',#3173,10.);
#785=VECTOR('',#3180,10.);
#786=VECTOR('',#3187,10.);
#787=VECTOR('',#3190,10.);
#788=VECTOR('',#3191,10.);
#789=VECTOR('',#3192,10.);
#790=VECTOR('',#3195,9.99999999999999);
#791=VECTOR('',#3196,9.99999999999999);
#792=VECTOR('',#3197,10.);
#793=VECTOR('',#3200,10.);
#794=VECTOR('',#3201,10.);
#795=VECTOR('',#3202,10.);
#796=VECTOR('',#3205,10.);
#797=VECTOR('',#3206,10.);
#798=VECTOR('',#3207,10.);
#799=VECTOR('',#3210,10.);
#800=VECTOR('',#3211,10.);
#801=VECTOR('',#3212,10.);
#802=VECTOR('',#3215,9.99999999999999);
#803=VECTOR('',#3216,9.99999999999999);
#804=VECTOR('',#3217,10.);
#805=VECTOR('',#3220,10.);
#806=VECTOR('',#3221,10.);
#807=VECTOR('',#3222,10.);
#808=VECTOR('',#3229,10.);
#809=VECTOR('',#3236,10.);
#810=VECTOR('',#3243,10.);
#811=VECTOR('',#3250,10.);
#812=VECTOR('',#3257,10.);
#813=VECTOR('',#3260,10.);
#814=VECTOR('',#3261,10.);
#815=VECTOR('',#3262,10.);
#816=VECTOR('',#3265,10.);
#817=VECTOR('',#3266,10.);
#818=VECTOR('',#3267,10.);
#819=VECTOR('',#3270,10.);
#820=VECTOR('',#3271,10.);
#821=VECTOR('',#3272,10.);
#822=VECTOR('',#3275,10.);
#823=VECTOR('',#3276,10.);
#824=VECTOR('',#3277,10.);
#825=VECTOR('',#3280,10.);
#826=VECTOR('',#3281,10.);
#827=VECTOR('',#3282,10.);
#828=VECTOR('',#3285,10.);
#829=VECTOR('',#3286,10.);
#830=VECTOR('',#3287,10.);
#831=VECTOR('',#3290,10.);
#832=VECTOR('',#3291,10.);
#833=VECTOR('',#3292,10.);
#834=VECTOR('',#3299,10.);
#835=VECTOR('',#3306,10.);
#836=VECTOR('',#3313,10.);
#837=VECTOR('',#3320,10.);
#838=VECTOR('',#3327,10.);
#839=VECTOR('',#3330,10.);
#840=VECTOR('',#3331,10.);
#841=VECTOR('',#3334,10.);
#842=VECTOR('',#3335,10.);
#843=VECTOR('',#3336,10.);
#844=VECTOR('',#3337,10.);
#845=VECTOR('',#3340,10.);
#846=VECTOR('',#3341,10.);
#847=VECTOR('',#3342,10.);
#848=VECTOR('',#3345,10.);
#849=VECTOR('',#3346,10.);
#850=VECTOR('',#3347,10.);
#851=VECTOR('',#3350,10.);
#852=VECTOR('',#3351,10.);
#853=VECTOR('',#3352,10.);
#854=VECTOR('',#3355,10.);
#855=VECTOR('',#3356,10.);
#856=VECTOR('',#3357,10.);
#857=VECTOR('',#3360,10.);
#858=VECTOR('',#3361,10.);
#859=VECTOR('',#3362,10.);
#860=VECTOR('',#3365,10.);
#861=VECTOR('',#3366,10.);
#862=VECTOR('',#3367,10.);
#863=VECTOR('',#3370,10.);
#864=VECTOR('',#3371,10.);
#865=VECTOR('',#3372,10.);
#866=VECTOR('',#3375,10.);
#867=VECTOR('',#3376,10.);
#868=VECTOR('',#3377,10.);
#869=VECTOR('',#3384,10.);
#870=VECTOR('',#3387,10.);
#871=VECTOR('',#3388,10.);
#872=VECTOR('',#3389,10.);
#873=VECTOR('',#3392,10.);
#874=VECTOR('',#3393,10.);
#875=VECTOR('',#3394,10.);
#876=VECTOR('',#3397,10.);
#877=VECTOR('',#3398,10.);
#878=VECTOR('',#3399,10.);
#879=VECTOR('',#3402,10.);
#880=VECTOR('',#3403,10.);
#881=VECTOR('',#3404,10.);
#882=VECTOR('',#3407,10.);
#883=VECTOR('',#3408,10.);
#884=VECTOR('',#3409,10.);
#885=VECTOR('',#3412,10.);
#886=VECTOR('',#3413,10.);
#887=VECTOR('',#3414,10.);
#888=VECTOR('',#3417,10.);
#889=VECTOR('',#3418,10.);
#890=VECTOR('',#3419,10.);
#891=VECTOR('',#3422,10.);
#892=VECTOR('',#3423,10.);
#893=VECTOR('',#3424,10.);
#894=VECTOR('',#3427,10.);
#895=VECTOR('',#3428,10.);
#896=VECTOR('',#3429,10.);
#897=VECTOR('',#3432,10.);
#898=VECTOR('',#3433,10.);
#899=VECTOR('',#3434,10.);
#900=VECTOR('',#3437,10.);
#901=VECTOR('',#3438,10.);
#902=VECTOR('',#3439,10.);
#903=VECTOR('',#3442,10.);
#904=VECTOR('',#3443,10.);
#905=VECTOR('',#3444,10.);
#906=VECTOR('',#3447,10.);
#907=VECTOR('',#3448,10.);
#908=VECTOR('',#3449,10.);
#909=VECTOR('',#3452,10.);
#910=VECTOR('',#3453,10.);
#911=VECTOR('',#3454,10.);
#912=VECTOR('',#3457,10.);
#913=VECTOR('',#3458,10.);
#914=VECTOR('',#3459,10.);
#915=VECTOR('',#3462,10.);
#916=VECTOR('',#3463,10.);
#917=VECTOR('',#3464,10.);
#918=VECTOR('',#3467,10.);
#919=VECTOR('',#3468,10.);
#920=VECTOR('',#3469,10.);
#921=VECTOR('',#3472,10.);
#922=VECTOR('',#3473,10.);
#923=VECTOR('',#3474,10.);
#924=VECTOR('',#3477,10.);
#925=VECTOR('',#3478,10.);
#926=VECTOR('',#3479,10.);
#927=VECTOR('',#3482,10.);
#928=VECTOR('',#3483,10.);
#929=VECTOR('',#3484,10.);
#930=VECTOR('',#3487,10.);
#931=VECTOR('',#3488,10.);
#932=VECTOR('',#3489,10.);
#933=VECTOR('',#3496,10.);
#934=VECTOR('',#3499,10.);
#935=VECTOR('',#3500,10.);
#936=VECTOR('',#3501,10.);
#937=VECTOR('',#3504,10.);
#938=VECTOR('',#3505,10.);
#939=VECTOR('',#3506,10.);
#940=VECTOR('',#3509,10.);
#941=VECTOR('',#3510,10.);
#942=VECTOR('',#3511,10.);
#943=VECTOR('',#3514,10.);
#944=VECTOR('',#3515,10.);
#945=VECTOR('',#3516,10.);
#946=VECTOR('',#3519,10.);
#947=VECTOR('',#3520,10.);
#948=VECTOR('',#3521,10.);
#949=VECTOR('',#3524,10.);
#950=VECTOR('',#3525,10.);
#951=VECTOR('',#3526,10.);
#952=VECTOR('',#3529,10.);
#953=VECTOR('',#3530,10.);
#954=VECTOR('',#3531,10.);
#955=VECTOR('',#3534,10.);
#956=VECTOR('',#3535,10.);
#957=VECTOR('',#3536,10.);
#958=VECTOR('',#3539,10.);
#959=VECTOR('',#3540,10.);
#960=VECTOR('',#3541,10.);
#961=VECTOR('',#3544,10.);
#962=VECTOR('',#3545,10.);
#963=VECTOR('',#3546,10.);
#964=VECTOR('',#3549,10.);
#965=VECTOR('',#3550,10.);
#966=VECTOR('',#3551,10.);
#967=VECTOR('',#3554,10.);
#968=VECTOR('',#3555,10.);
#969=VECTOR('',#3556,10.);
#970=VECTOR('',#3559,10.);
#971=VECTOR('',#3560,10.);
#972=VECTOR('',#3561,10.);
#973=VECTOR('',#3564,10.);
#974=VECTOR('',#3565,10.);
#975=VECTOR('',#3566,10.);
#976=VECTOR('',#3569,10.);
#977=VECTOR('',#3570,10.);
#978=VECTOR('',#3571,10.);
#979=VECTOR('',#3574,10.);
#980=VECTOR('',#3575,10.);
#981=VECTOR('',#3576,10.);
#982=VECTOR('',#3579,10.);
#983=VECTOR('',#3580,10.);
#984=VECTOR('',#3581,10.);
#985=VECTOR('',#3584,10.);
#986=VECTOR('',#3585,10.);
#987=VECTOR('',#3586,10.);
#988=VECTOR('',#3589,10.);
#989=VECTOR('',#3590,10.);
#990=VECTOR('',#3591,10.);
#991=VECTOR('',#3594,10.);
#992=VECTOR('',#3595,10.);
#993=VECTOR('',#3596,10.);
#994=VECTOR('',#3599,10.);
#995=VECTOR('',#3600,10.);
#996=VECTOR('',#3601,10.);
#997=VECTOR('',#3608,10.);
#998=VECTOR('',#3611,10.);
#999=VECTOR('',#3612,10.);
#1000=VECTOR('',#3613,10.);
#1001=VECTOR('',#3616,10.);
#1002=VECTOR('',#3617,10.);
#1003=VECTOR('',#3618,10.);
#1004=VECTOR('',#3621,10.);
#1005=VECTOR('',#3622,10.);
#1006=VECTOR('',#3623,10.);
#1007=VECTOR('',#3626,10.);
#1008=VECTOR('',#3627,10.);
#1009=VECTOR('',#3628,10.);
#1010=VECTOR('',#3631,10.);
#1011=VECTOR('',#3632,10.);
#1012=VECTOR('',#3633,10.);
#1013=VECTOR('',#3636,10.);
#1014=VECTOR('',#3637,10.);
#1015=VECTOR('',#3638,10.);
#1016=VECTOR('',#3641,10.);
#1017=VECTOR('',#3642,10.);
#1018=VECTOR('',#3643,10.);
#1019=VECTOR('',#3646,10.);
#1020=VECTOR('',#3647,10.);
#1021=VECTOR('',#3648,10.);
#1022=VECTOR('',#3651,10.);
#1023=VECTOR('',#3652,10.);
#1024=VECTOR('',#3653,10.);
#1025=VECTOR('',#3656,10.);
#1026=VECTOR('',#3657,10.);
#1027=VECTOR('',#3658,10.);
#1028=VECTOR('',#3661,10.);
#1029=VECTOR('',#3662,10.);
#1030=VECTOR('',#3663,10.);
#1031=VECTOR('',#3666,10.);
#1032=VECTOR('',#3667,10.);
#1033=VECTOR('',#3668,10.);
#1034=VECTOR('',#3671,10.);
#1035=VECTOR('',#3672,10.);
#1036=VECTOR('',#3673,10.);
#1037=VECTOR('',#3676,10.);
#1038=VECTOR('',#3677,10.);
#1039=VECTOR('',#3678,10.);
#1040=VECTOR('',#3681,10.);
#1041=VECTOR('',#3682,10.);
#1042=VECTOR('',#3683,10.);
#1043=VECTOR('',#3686,10.);
#1044=VECTOR('',#3687,10.);
#1045=VECTOR('',#3688,10.);
#1046=VECTOR('',#3691,10.);
#1047=VECTOR('',#3692,10.);
#1048=VECTOR('',#3693,10.);
#1049=VECTOR('',#3696,10.);
#1050=VECTOR('',#3697,10.);
#1051=VECTOR('',#3698,10.);
#1052=VECTOR('',#3701,10.);
#1053=VECTOR('',#3702,10.);
#1054=VECTOR('',#3703,10.);
#1055=VECTOR('',#3706,10.);
#1056=VECTOR('',#3707,10.);
#1057=VECTOR('',#3708,10.);
#1058=VECTOR('',#3711,10.);
#1059=VECTOR('',#3712,10.);
#1060=VECTOR('',#3713,10.);
#1061=VECTOR('',#3720,10.);
#1062=VECTOR('',#3723,10.);
#1063=VECTOR('',#3724,10.);
#1064=VECTOR('',#3725,10.);
#1065=VECTOR('',#3728,10.);
#1066=VECTOR('',#3729,10.);
#1067=VECTOR('',#3730,10.);
#1068=VECTOR('',#3733,10.);
#1069=VECTOR('',#3734,10.);
#1070=VECTOR('',#3735,10.);
#1071=VECTOR('',#3738,10.);
#1072=VECTOR('',#3739,10.);
#1073=VECTOR('',#3740,10.);
#1074=VECTOR('',#3743,10.);
#1075=VECTOR('',#3744,10.);
#1076=VECTOR('',#3745,10.);
#1077=VECTOR('',#3748,10.);
#1078=VECTOR('',#3749,10.);
#1079=VECTOR('',#3750,10.);
#1080=VECTOR('',#3753,10.);
#1081=VECTOR('',#3754,10.);
#1082=VECTOR('',#3755,10.);
#1083=VECTOR('',#3758,10.);
#1084=VECTOR('',#3759,10.);
#1085=VECTOR('',#3760,10.);
#1086=VECTOR('',#3763,10.);
#1087=VECTOR('',#3764,10.);
#1088=VECTOR('',#3765,10.);
#1089=VECTOR('',#3768,10.);
#1090=VECTOR('',#3769,10.);
#1091=VECTOR('',#3770,10.);
#1092=VECTOR('',#3773,10.);
#1093=VECTOR('',#3774,10.);
#1094=VECTOR('',#3775,10.);
#1095=VECTOR('',#3778,10.);
#1096=VECTOR('',#3779,10.);
#1097=VERTEX_POINT('',#3791);
#1098=VERTEX_POINT('',#3792);
#1099=VERTEX_POINT('',#3794);
#1100=VERTEX_POINT('',#3796);
#1101=VERTEX_POINT('',#3800);
#1102=VERTEX_POINT('',#3802);
#1103=VERTEX_POINT('',#3806);
#1104=VERTEX_POINT('',#3808);
#1105=VERTEX_POINT('',#3812);
#1106=VERTEX_POINT('',#3814);
#1107=VERTEX_POINT('',#3818);
#1108=VERTEX_POINT('',#3820);
#1109=VERTEX_POINT('',#3824);
#1110=VERTEX_POINT('',#3826);
#1111=VERTEX_POINT('',#3830);
#1112=VERTEX_POINT('',#3832);
#1113=VERTEX_POINT('',#3836);
#1114=VERTEX_POINT('',#3838);
#1115=VERTEX_POINT('',#3842);
#1116=VERTEX_POINT('',#3844);
#1117=VERTEX_POINT('',#3848);
#1118=VERTEX_POINT('',#3850);
#1119=VERTEX_POINT('',#3854);
#1120=VERTEX_POINT('',#3856);
#1121=VERTEX_POINT('',#3860);
#1122=VERTEX_POINT('',#3862);
#1123=VERTEX_POINT('',#3866);
#1124=VERTEX_POINT('',#3868);
#1125=VERTEX_POINT('',#3872);
#1126=VERTEX_POINT('',#3874);
#1127=VERTEX_POINT('',#3878);
#1128=VERTEX_POINT('',#3880);
#1129=VERTEX_POINT('',#3884);
#1130=VERTEX_POINT('',#3886);
#1131=VERTEX_POINT('',#3890);
#1132=VERTEX_POINT('',#3892);
#1133=VERTEX_POINT('',#3896);
#1134=VERTEX_POINT('',#3898);
#1135=VERTEX_POINT('',#3902);
#1136=VERTEX_POINT('',#3904);
#1137=VERTEX_POINT('',#3908);
#1138=VERTEX_POINT('',#3910);
#1139=VERTEX_POINT('',#3914);
#1140=VERTEX_POINT('',#3916);
#1141=VERTEX_POINT('',#3920);
#1142=VERTEX_POINT('',#3922);
#1143=VERTEX_POINT('',#3926);
#1144=VERTEX_POINT('',#3928);
#1145=VERTEX_POINT('',#3932);
#1146=VERTEX_POINT('',#3934);
#1147=VERTEX_POINT('',#3938);
#1148=VERTEX_POINT('',#3940);
#1149=VERTEX_POINT('',#3944);
#1150=VERTEX_POINT('',#3946);
#1151=VERTEX_POINT('',#3950);
#1152=VERTEX_POINT('',#3952);
#1153=VERTEX_POINT('',#3956);
#1154=VERTEX_POINT('',#3958);
#1155=VERTEX_POINT('',#3962);
#1156=VERTEX_POINT('',#3964);
#1157=VERTEX_POINT('',#3968);
#1158=VERTEX_POINT('',#3970);
#1159=VERTEX_POINT('',#3974);
#1160=VERTEX_POINT('',#3976);
#1161=VERTEX_POINT('',#3980);
#1162=VERTEX_POINT('',#3982);
#1163=VERTEX_POINT('',#3986);
#1164=VERTEX_POINT('',#3988);
#1165=VERTEX_POINT('',#3992);
#1166=VERTEX_POINT('',#3994);
#1167=VERTEX_POINT('',#3998);
#1168=VERTEX_POINT('',#4000);
#1169=VERTEX_POINT('',#4004);
#1170=VERTEX_POINT('',#4006);
#1171=VERTEX_POINT('',#4010);
#1172=VERTEX_POINT('',#4012);
#1173=VERTEX_POINT('',#4016);
#1174=VERTEX_POINT('',#4018);
#1175=VERTEX_POINT('',#4022);
#1176=VERTEX_POINT('',#4024);
#1177=VERTEX_POINT('',#4028);
#1178=VERTEX_POINT('',#4030);
#1179=VERTEX_POINT('',#4034);
#1180=VERTEX_POINT('',#4036);
#1181=VERTEX_POINT('',#4040);
#1182=VERTEX_POINT('',#4042);
#1183=VERTEX_POINT('',#4046);
#1184=VERTEX_POINT('',#4048);
#1185=VERTEX_POINT('',#4052);
#1186=VERTEX_POINT('',#4054);
#1187=VERTEX_POINT('',#4058);
#1188=VERTEX_POINT('',#4060);
#1189=VERTEX_POINT('',#4064);
#1190=VERTEX_POINT('',#4066);
#1191=VERTEX_POINT('',#4070);
#1192=VERTEX_POINT('',#4072);
#1193=VERTEX_POINT('',#4079);
#1194=VERTEX_POINT('',#4080);
#1195=VERTEX_POINT('',#4082);
#1196=VERTEX_POINT('',#4084);
#1197=VERTEX_POINT('',#4088);
#1198=VERTEX_POINT('',#4090);
#1199=VERTEX_POINT('',#4094);
#1200=VERTEX_POINT('',#4096);
#1201=VERTEX_POINT('',#4100);
#1202=VERTEX_POINT('',#4102);
#1203=VERTEX_POINT('',#4106);
#1204=VERTEX_POINT('',#4108);
#1205=VERTEX_POINT('',#4112);
#1206=VERTEX_POINT('',#4114);
#1207=VERTEX_POINT('',#4118);
#1208=VERTEX_POINT('',#4120);
#1209=VERTEX_POINT('',#4124);
#1210=VERTEX_POINT('',#4126);
#1211=VERTEX_POINT('',#4130);
#1212=VERTEX_POINT('',#4132);
#1213=VERTEX_POINT('',#4136);
#1214=VERTEX_POINT('',#4138);
#1215=VERTEX_POINT('',#4142);
#1216=VERTEX_POINT('',#4144);
#1217=VERTEX_POINT('',#4148);
#1218=VERTEX_POINT('',#4150);
#1219=VERTEX_POINT('',#4154);
#1220=VERTEX_POINT('',#4156);
#1221=VERTEX_POINT('',#4160);
#1222=VERTEX_POINT('',#4162);
#1223=VERTEX_POINT('',#4166);
#1224=VERTEX_POINT('',#4168);
#1225=VERTEX_POINT('',#4172);
#1226=VERTEX_POINT('',#4174);
#1227=VERTEX_POINT('',#4178);
#1228=VERTEX_POINT('',#4180);
#1229=VERTEX_POINT('',#4184);
#1230=VERTEX_POINT('',#4186);
#1231=VERTEX_POINT('',#4190);
#1232=VERTEX_POINT('',#4192);
#1233=VERTEX_POINT('',#4196);
#1234=VERTEX_POINT('',#4198);
#1235=VERTEX_POINT('',#4202);
#1236=VERTEX_POINT('',#4204);
#1237=VERTEX_POINT('',#4208);
#1238=VERTEX_POINT('',#4210);
#1239=VERTEX_POINT('',#4214);
#1240=VERTEX_POINT('',#4216);
#1241=VERTEX_POINT('',#4220);
#1242=VERTEX_POINT('',#4222);
#1243=VERTEX_POINT('',#4226);
#1244=VERTEX_POINT('',#4228);
#1245=VERTEX_POINT('',#4232);
#1246=VERTEX_POINT('',#4234);
#1247=VERTEX_POINT('',#4238);
#1248=VERTEX_POINT('',#4240);
#1249=VERTEX_POINT('',#4244);
#1250=VERTEX_POINT('',#4246);
#1251=VERTEX_POINT('',#4250);
#1252=VERTEX_POINT('',#4252);
#1253=VERTEX_POINT('',#4256);
#1254=VERTEX_POINT('',#4258);
#1255=VERTEX_POINT('',#4262);
#1256=VERTEX_POINT('',#4264);
#1257=VERTEX_POINT('',#4268);
#1258=VERTEX_POINT('',#4270);
#1259=VERTEX_POINT('',#4274);
#1260=VERTEX_POINT('',#4276);
#1261=VERTEX_POINT('',#4280);
#1262=VERTEX_POINT('',#4282);
#1263=VERTEX_POINT('',#4286);
#1264=VERTEX_POINT('',#4288);
#1265=VERTEX_POINT('',#4292);
#1266=VERTEX_POINT('',#4294);
#1267=VERTEX_POINT('',#4298);
#1268=VERTEX_POINT('',#4300);
#1269=VERTEX_POINT('',#4304);
#1270=VERTEX_POINT('',#4306);
#1271=VERTEX_POINT('',#4310);
#1272=VERTEX_POINT('',#4312);
#1273=VERTEX_POINT('',#4316);
#1274=VERTEX_POINT('',#4318);
#1275=VERTEX_POINT('',#4322);
#1276=VERTEX_POINT('',#4324);
#1277=VERTEX_POINT('',#4328);
#1278=VERTEX_POINT('',#4330);
#1279=VERTEX_POINT('',#4334);
#1280=VERTEX_POINT('',#4336);
#1281=VERTEX_POINT('',#4340);
#1282=VERTEX_POINT('',#4342);
#1283=VERTEX_POINT('',#4346);
#1284=VERTEX_POINT('',#4348);
#1285=VERTEX_POINT('',#4352);
#1286=VERTEX_POINT('',#4354);
#1287=VERTEX_POINT('',#4358);
#1288=VERTEX_POINT('',#4360);
#1289=VERTEX_POINT('',#4364);
#1290=VERTEX_POINT('',#4366);
#1291=VERTEX_POINT('',#4370);
#1292=VERTEX_POINT('',#4372);
#1293=VERTEX_POINT('',#4376);
#1294=VERTEX_POINT('',#4378);
#1295=VERTEX_POINT('',#4382);
#1296=VERTEX_POINT('',#4384);
#1297=VERTEX_POINT('',#4388);
#1298=VERTEX_POINT('',#4390);
#1299=VERTEX_POINT('',#4394);
#1300=VERTEX_POINT('',#4396);
#1301=VERTEX_POINT('',#4400);
#1302=VERTEX_POINT('',#4402);
#1303=VERTEX_POINT('',#4406);
#1304=VERTEX_POINT('',#4408);
#1305=VERTEX_POINT('',#4412);
#1306=VERTEX_POINT('',#4414);
#1307=VERTEX_POINT('',#4418);
#1308=VERTEX_POINT('',#4420);
#1309=VERTEX_POINT('',#4424);
#1310=VERTEX_POINT('',#4426);
#1311=VERTEX_POINT('',#4430);
#1312=VERTEX_POINT('',#4432);
#1313=VERTEX_POINT('',#4436);
#1314=VERTEX_POINT('',#4438);
#1315=VERTEX_POINT('',#4442);
#1316=VERTEX_POINT('',#4444);
#1317=VERTEX_POINT('',#4448);
#1318=VERTEX_POINT('',#4450);
#1319=VERTEX_POINT('',#4454);
#1320=VERTEX_POINT('',#4456);
#1321=VERTEX_POINT('',#4460);
#1322=VERTEX_POINT('',#4462);
#1323=VERTEX_POINT('',#4466);
#1324=VERTEX_POINT('',#4468);
#1325=VERTEX_POINT('',#4472);
#1326=VERTEX_POINT('',#4474);
#1327=VERTEX_POINT('',#4478);
#1328=VERTEX_POINT('',#4480);
#1329=VERTEX_POINT('',#4484);
#1330=VERTEX_POINT('',#4486);
#1331=VERTEX_POINT('',#4490);
#1332=VERTEX_POINT('',#4492);
#1333=VERTEX_POINT('',#4496);
#1334=VERTEX_POINT('',#4498);
#1335=VERTEX_POINT('',#4502);
#1336=VERTEX_POINT('',#4504);
#1337=VERTEX_POINT('',#4508);
#1338=VERTEX_POINT('',#4510);
#1339=VERTEX_POINT('',#4514);
#1340=VERTEX_POINT('',#4516);
#1341=VERTEX_POINT('',#4520);
#1342=VERTEX_POINT('',#4522);
#1343=VERTEX_POINT('',#4526);
#1344=VERTEX_POINT('',#4528);
#1345=VERTEX_POINT('',#4532);
#1346=VERTEX_POINT('',#4534);
#1347=VERTEX_POINT('',#4538);
#1348=VERTEX_POINT('',#4540);
#1349=VERTEX_POINT('',#4544);
#1350=VERTEX_POINT('',#4546);
#1351=VERTEX_POINT('',#4550);
#1352=VERTEX_POINT('',#4552);
#1353=VERTEX_POINT('',#4556);
#1354=VERTEX_POINT('',#4558);
#1355=VERTEX_POINT('',#4562);
#1356=VERTEX_POINT('',#4564);
#1357=VERTEX_POINT('',#4568);
#1358=VERTEX_POINT('',#4570);
#1359=VERTEX_POINT('',#4574);
#1360=VERTEX_POINT('',#4576);
#1361=VERTEX_POINT('',#4580);
#1362=VERTEX_POINT('',#4582);
#1363=VERTEX_POINT('',#4586);
#1364=VERTEX_POINT('',#4588);
#1365=VERTEX_POINT('',#4592);
#1366=VERTEX_POINT('',#4594);
#1367=VERTEX_POINT('',#4598);
#1368=VERTEX_POINT('',#4600);
#1369=EDGE_CURVE('',#1097,#1098,#377,.T.);
#1370=EDGE_CURVE('',#1098,#1099,#378,.T.);
#1371=EDGE_CURVE('',#1100,#1099,#379,.T.);
#1372=EDGE_CURVE('',#1097,#1100,#380,.T.);
#1373=EDGE_CURVE('',#1101,#1097,#381,.T.);
#1374=EDGE_CURVE('',#1102,#1100,#382,.T.);
#1375=EDGE_CURVE('',#1101,#1102,#383,.T.);
#1376=EDGE_CURVE('',#1103,#1101,#384,.T.);
#1377=EDGE_CURVE('',#1104,#1102,#385,.T.);
#1378=EDGE_CURVE('',#1103,#1104,#386,.T.);
#1379=EDGE_CURVE('',#1105,#1103,#387,.T.);
#1380=EDGE_CURVE('',#1106,#1104,#388,.T.);
#1381=EDGE_CURVE('',#1105,#1106,#389,.T.);
#1382=EDGE_CURVE('',#1107,#1105,#390,.T.);
#1383=EDGE_CURVE('',#1108,#1106,#391,.T.);
#1384=EDGE_CURVE('',#1107,#1108,#392,.T.);
#1385=EDGE_CURVE('',#1109,#1107,#393,.T.);
#1386=EDGE_CURVE('',#1110,#1108,#394,.T.);
#1387=EDGE_CURVE('',#1109,#1110,#395,.T.);
#1388=EDGE_CURVE('',#1111,#1109,#27,.T.);
#1389=EDGE_CURVE('',#1112,#1110,#28,.T.);
#1390=EDGE_CURVE('',#1111,#1112,#396,.T.);
#1391=EDGE_CURVE('',#1113,#1111,#29,.T.);
#1392=EDGE_CURVE('',#1114,#1112,#30,.T.);
#1393=EDGE_CURVE('',#1113,#1114,#397,.T.);
#1394=EDGE_CURVE('',#1115,#1113,#31,.T.);
#1395=EDGE_CURVE('',#1116,#1114,#32,.T.);
#1396=EDGE_CURVE('',#1115,#1116,#398,.T.);
#1397=EDGE_CURVE('',#1117,#1115,#33,.T.);
#1398=EDGE_CURVE('',#1118,#1116,#34,.T.);
#1399=EDGE_CURVE('',#1117,#1118,#399,.T.);
#1400=EDGE_CURVE('',#1119,#1117,#35,.T.);
#1401=EDGE_CURVE('',#1120,#1118,#36,.T.);
#1402=EDGE_CURVE('',#1119,#1120,#400,.T.);
#1403=EDGE_CURVE('',#1121,#1119,#401,.T.);
#1404=EDGE_CURVE('',#1122,#1120,#402,.T.);
#1405=EDGE_CURVE('',#1121,#1122,#403,.T.);
#1406=EDGE_CURVE('',#1123,#1121,#404,.T.);
#1407=EDGE_CURVE('',#1124,#1122,#405,.T.);
#1408=EDGE_CURVE('',#1123,#1124,#406,.T.);
#1409=EDGE_CURVE('',#1125,#1123,#407,.T.);
#1410=EDGE_CURVE('',#1126,#1124,#408,.T.);
#1411=EDGE_CURVE('',#1125,#1126,#409,.T.);
#1412=EDGE_CURVE('',#1127,#1125,#410,.T.);
#1413=EDGE_CURVE('',#1128,#1126,#411,.T.);
#1414=EDGE_CURVE('',#1127,#1128,#412,.T.);
#1415=EDGE_CURVE('',#1129,#1127,#413,.T.);
#1416=EDGE_CURVE('',#1130,#1128,#414,.T.);
#1417=EDGE_CURVE('',#1129,#1130,#415,.T.);
#1418=EDGE_CURVE('',#1131,#1129,#416,.T.);
#1419=EDGE_CURVE('',#1132,#1130,#417,.T.);
#1420=EDGE_CURVE('',#1131,#1132,#418,.T.);
#1421=EDGE_CURVE('',#1133,#1131,#419,.T.);
#1422=EDGE_CURVE('',#1134,#1132,#420,.T.);
#1423=EDGE_CURVE('',#1133,#1134,#421,.T.);
#1424=EDGE_CURVE('',#1135,#1133,#37,.T.);
#1425=EDGE_CURVE('',#1136,#1134,#38,.T.);
#1426=EDGE_CURVE('',#1135,#1136,#422,.T.);
#1427=EDGE_CURVE('',#1137,#1135,#39,.T.);
#1428=EDGE_CURVE('',#1138,#1136,#40,.T.);
#1429=EDGE_CURVE('',#1137,#1138,#423,.T.);
#1430=EDGE_CURVE('',#1139,#1137,#41,.T.);
#1431=EDGE_CURVE('',#1140,#1138,#42,.T.);
#1432=EDGE_CURVE('',#1139,#1140,#424,.T.);
#1433=EDGE_CURVE('',#1141,#1139,#43,.T.);
#1434=EDGE_CURVE('',#1142,#1140,#44,.T.);
#1435=EDGE_CURVE('',#1141,#1142,#425,.T.);
#1436=EDGE_CURVE('',#1143,#1141,#45,.T.);
#1437=EDGE_CURVE('',#1144,#1142,#46,.T.);
#1438=EDGE_CURVE('',#1143,#1144,#426,.T.);
#1439=EDGE_CURVE('',#1145,#1143,#427,.T.);
#1440=EDGE_CURVE('',#1146,#1144,#428,.T.);
#1441=EDGE_CURVE('',#1145,#1146,#429,.T.);
#1442=EDGE_CURVE('',#1147,#1145,#430,.T.);
#1443=EDGE_CURVE('',#1148,#1146,#431,.T.);
#1444=EDGE_CURVE('',#1147,#1148,#432,.T.);
#1445=EDGE_CURVE('',#1149,#1147,#433,.T.);
#1446=EDGE_CURVE('',#1150,#1148,#434,.T.);
#1447=EDGE_CURVE('',#1149,#1150,#435,.T.);
#1448=EDGE_CURVE('',#1151,#1149,#436,.T.);
#1449=EDGE_CURVE('',#1152,#1150,#437,.T.);
#1450=EDGE_CURVE('',#1151,#1152,#438,.T.);
#1451=EDGE_CURVE('',#1153,#1151,#439,.T.);
#1452=EDGE_CURVE('',#1154,#1152,#440,.T.);
#1453=EDGE_CURVE('',#1153,#1154,#441,.T.);
#1454=EDGE_CURVE('',#1155,#1153,#442,.T.);
#1455=EDGE_CURVE('',#1156,#1154,#443,.T.);
#1456=EDGE_CURVE('',#1155,#1156,#444,.T.);
#1457=EDGE_CURVE('',#1157,#1155,#445,.T.);
#1458=EDGE_CURVE('',#1158,#1156,#446,.T.);
#1459=EDGE_CURVE('',#1157,#1158,#447,.T.);
#1460=EDGE_CURVE('',#1159,#1157,#47,.T.);
#1461=EDGE_CURVE('',#1160,#1158,#48,.T.);
#1462=EDGE_CURVE('',#1159,#1160,#448,.T.);
#1463=EDGE_CURVE('',#1161,#1159,#49,.T.);
#1464=EDGE_CURVE('',#1162,#1160,#50,.T.);
#1465=EDGE_CURVE('',#1161,#1162,#449,.T.);
#1466=EDGE_CURVE('',#1163,#1161,#51,.T.);
#1467=EDGE_CURVE('',#1164,#1162,#52,.T.);
#1468=EDGE_CURVE('',#1163,#1164,#450,.T.);
#1469=EDGE_CURVE('',#1165,#1163,#53,.T.);
#1470=EDGE_CURVE('',#1166,#1164,#54,.T.);
#1471=EDGE_CURVE('',#1165,#1166,#451,.T.);
#1472=EDGE_CURVE('',#1167,#1165,#55,.T.);
#1473=EDGE_CURVE('',#1168,#1166,#56,.T.);
#1474=EDGE_CURVE('',#1167,#1168,#452,.T.);
#1475=EDGE_CURVE('',#1169,#1167,#453,.T.);
#1476=EDGE_CURVE('',#1170,#1168,#454,.T.);
#1477=EDGE_CURVE('',#1169,#1170,#455,.T.);
#1478=EDGE_CURVE('',#1171,#1169,#456,.T.);
#1479=EDGE_CURVE('',#1172,#1170,#457,.T.);
#1480=EDGE_CURVE('',#1171,#1172,#458,.T.);
#1481=EDGE_CURVE('',#1173,#1171,#459,.T.);
#1482=EDGE_CURVE('',#1174,#1172,#460,.T.);
#1483=EDGE_CURVE('',#1173,#1174,#461,.T.);
#1484=EDGE_CURVE('',#1175,#1173,#462,.T.);
#1485=EDGE_CURVE('',#1176,#1174,#463,.T.);
#1486=EDGE_CURVE('',#1175,#1176,#464,.T.);
#1487=EDGE_CURVE('',#1177,#1175,#465,.T.);
#1488=EDGE_CURVE('',#1178,#1176,#466,.T.);
#1489=EDGE_CURVE('',#1177,#1178,#467,.T.);
#1490=EDGE_CURVE('',#1179,#1177,#468,.T.);
#1491=EDGE_CURVE('',#1180,#1178,#469,.T.);
#1492=EDGE_CURVE('',#1179,#1180,#470,.T.);
#1493=EDGE_CURVE('',#1181,#1179,#471,.T.);
#1494=EDGE_CURVE('',#1182,#1180,#472,.T.);
#1495=EDGE_CURVE('',#1181,#1182,#473,.T.);
#1496=EDGE_CURVE('',#1183,#1181,#57,.T.);
#1497=EDGE_CURVE('',#1184,#1182,#58,.T.);
#1498=EDGE_CURVE('',#1183,#1184,#474,.T.);
#1499=EDGE_CURVE('',#1185,#1183,#59,.T.);
#1500=EDGE_CURVE('',#1186,#1184,#60,.T.);
#1501=EDGE_CURVE('',#1185,#1186,#475,.T.);
#1502=EDGE_CURVE('',#1187,#1185,#61,.T.);
#1503=EDGE_CURVE('',#1188,#1186,#62,.T.);
#1504=EDGE_CURVE('',#1187,#1188,#476,.T.);
#1505=EDGE_CURVE('',#1189,#1187,#63,.T.);
#1506=EDGE_CURVE('',#1190,#1188,#64,.T.);
#1507=EDGE_CURVE('',#1189,#1190,#477,.T.);
#1508=EDGE_CURVE('',#1191,#1189,#65,.T.);
#1509=EDGE_CURVE('',#1192,#1190,#66,.T.);
#1510=EDGE_CURVE('',#1191,#1192,#478,.T.);
#1511=EDGE_CURVE('',#1098,#1191,#479,.T.);
#1512=EDGE_CURVE('',#1099,#1192,#480,.T.);
#1513=EDGE_CURVE('',#1193,#1194,#481,.T.);
#1514=EDGE_CURVE('',#1193,#1195,#482,.T.);
#1515=EDGE_CURVE('',#1196,#1195,#483,.T.);
#1516=EDGE_CURVE('',#1194,#1196,#484,.T.);
#1517=EDGE_CURVE('',#1194,#1197,#485,.T.);
#1518=EDGE_CURVE('',#1198,#1196,#486,.T.);
#1519=EDGE_CURVE('',#1197,#1198,#487,.T.);
#1520=EDGE_CURVE('',#1197,#1199,#488,.T.);
#1521=EDGE_CURVE('',#1200,#1198,#489,.T.);
#1522=EDGE_CURVE('',#1199,#1200,#490,.T.);
#1523=EDGE_CURVE('',#1201,#1199,#491,.T.);
#1524=EDGE_CURVE('',#1202,#1200,#492,.T.);
#1525=EDGE_CURVE('',#1201,#1202,#493,.T.);
#1526=EDGE_CURVE('',#1201,#1203,#494,.T.);
#1527=EDGE_CURVE('',#1204,#1202,#495,.T.);
#1528=EDGE_CURVE('',#1203,#1204,#496,.T.);
#1529=EDGE_CURVE('',#1203,#1205,#497,.T.);
#1530=EDGE_CURVE('',#1206,#1204,#498,.T.);
#1531=EDGE_CURVE('',#1205,#1206,#499,.T.);
#1532=EDGE_CURVE('',#1205,#1207,#500,.T.);
#1533=EDGE_CURVE('',#1208,#1206,#501,.T.);
#1534=EDGE_CURVE('',#1207,#1208,#502,.T.);
#1535=EDGE_CURVE('',#1207,#1209,#503,.T.);
#1536=EDGE_CURVE('',#1210,#1208,#504,.T.);
#1537=EDGE_CURVE('',#1209,#1210,#505,.T.);
#1538=EDGE_CURVE('',#1211,#1209,#506,.T.);
#1539=EDGE_CURVE('',#1212,#1210,#507,.T.);
#1540=EDGE_CURVE('',#1211,#1212,#508,.T.);
#1541=EDGE_CURVE('',#1213,#1211,#67,.T.);
#1542=EDGE_CURVE('',#1214,#1212,#68,.T.);
#1543=EDGE_CURVE('',#1213,#1214,#509,.T.);
#1544=EDGE_CURVE('',#1213,#1215,#510,.T.);
#1545=EDGE_CURVE('',#1216,#1214,#511,.T.);
#1546=EDGE_CURVE('',#1215,#1216,#512,.T.);
#1547=EDGE_CURVE('',#1215,#1217,#513,.T.);
#1548=EDGE_CURVE('',#1218,#1216,#514,.T.);
#1549=EDGE_CURVE('',#1217,#1218,#515,.T.);
#1550=EDGE_CURVE('',#1217,#1219,#516,.T.);
#1551=EDGE_CURVE('',#1220,#1218,#517,.T.);
#1552=EDGE_CURVE('',#1219,#1220,#518,.T.);
#1553=EDGE_CURVE('',#1219,#1221,#519,.T.);
#1554=EDGE_CURVE('',#1222,#1220,#520,.T.);
#1555=EDGE_CURVE('',#1221,#1222,#521,.T.);
#1556=EDGE_CURVE('',#1221,#1223,#522,.T.);
#1557=EDGE_CURVE('',#1224,#1222,#523,.T.);
#1558=EDGE_CURVE('',#1223,#1224,#524,.T.);
#1559=EDGE_CURVE('',#1223,#1225,#525,.T.);
#1560=EDGE_CURVE('',#1226,#1224,#526,.T.);
#1561=EDGE_CURVE('',#1225,#1226,#527,.T.);
#1562=EDGE_CURVE('',#1225,#1227,#528,.T.);
#1563=EDGE_CURVE('',#1228,#1226,#529,.T.);
#1564=EDGE_CURVE('',#1227,#1228,#530,.T.);
#1565=EDGE_CURVE('',#1227,#1229,#531,.T.);
#1566=EDGE_CURVE('',#1230,#1228,#532,.T.);
#1567=EDGE_CURVE('',#1229,#1230,#533,.T.);
#1568=EDGE_CURVE('',#1229,#1231,#534,.T.);
#1569=EDGE_CURVE('',#1232,#1230,#535,.T.);
#1570=EDGE_CURVE('',#1231,#1232,#536,.T.);
#1571=EDGE_CURVE('',#1231,#1233,#537,.T.);
#1572=EDGE_CURVE('',#1234,#1232,#538,.T.);
#1573=EDGE_CURVE('',#1233,#1234,#539,.T.);
#1574=EDGE_CURVE('',#1235,#1233,#540,.T.);
#1575=EDGE_CURVE('',#1236,#1234,#541,.T.);
#1576=EDGE_CURVE('',#1235,#1236,#542,.T.);
#1577=EDGE_CURVE('',#1235,#1237,#543,.T.);
#1578=EDGE_CURVE('',#1238,#1236,#544,.T.);
#1579=EDGE_CURVE('',#1237,#1238,#545,.T.);
#1580=EDGE_CURVE('',#1237,#1239,#546,.T.);
#1581=EDGE_CURVE('',#1240,#1238,#547,.T.);
#1582=EDGE_CURVE('',#1239,#1240,#548,.T.);
#1583=EDGE_CURVE('',#1239,#1241,#549,.T.);
#1584=EDGE_CURVE('',#1242,#1240,#550,.T.);
#1585=EDGE_CURVE('',#1241,#1242,#551,.T.);
#1586=EDGE_CURVE('',#1241,#1243,#552,.T.);
#1587=EDGE_CURVE('',#1244,#1242,#553,.T.);
#1588=EDGE_CURVE('',#1243,#1244,#554,.T.);
#1589=EDGE_CURVE('',#1245,#1243,#555,.T.);
#1590=EDGE_CURVE('',#1246,#1244,#556,.T.);
#1591=EDGE_CURVE('',#1245,#1246,#557,.T.);
#1592=EDGE_CURVE('',#1245,#1247,#558,.T.);
#1593=EDGE_CURVE('',#1248,#1246,#559,.T.);
#1594=EDGE_CURVE('',#1247,#1248,#560,.T.);
#1595=EDGE_CURVE('',#1247,#1249,#561,.T.);
#1596=EDGE_CURVE('',#1250,#1248,#562,.T.);
#1597=EDGE_CURVE('',#1249,#1250,#563,.T.);
#1598=EDGE_CURVE('',#1249,#1251,#564,.T.);
#1599=EDGE_CURVE('',#1252,#1250,#565,.T.);
#1600=EDGE_CURVE('',#1251,#1252,#566,.T.);
#1601=EDGE_CURVE('',#1251,#1253,#567,.T.);
#1602=EDGE_CURVE('',#1254,#1252,#568,.T.);
#1603=EDGE_CURVE('',#1253,#1254,#569,.T.);
#1604=EDGE_CURVE('',#1255,#1253,#570,.T.);
#1605=EDGE_CURVE('',#1256,#1254,#571,.T.);
#1606=EDGE_CURVE('',#1255,#1256,#572,.T.);
#1607=EDGE_CURVE('',#1257,#1255,#69,.T.);
#1608=EDGE_CURVE('',#1258,#1256,#70,.T.);
#1609=EDGE_CURVE('',#1257,#1258,#573,.T.);
#1610=EDGE_CURVE('',#1257,#1259,#574,.T.);
#1611=EDGE_CURVE('',#1260,#1258,#575,.T.);
#1612=EDGE_CURVE('',#1259,#1260,#576,.T.);
#1613=EDGE_CURVE('',#1259,#1261,#577,.T.);
#1614=EDGE_CURVE('',#1262,#1260,#578,.T.);
#1615=EDGE_CURVE('',#1261,#1262,#579,.T.);
#1616=EDGE_CURVE('',#1261,#1263,#580,.T.);
#1617=EDGE_CURVE('',#1264,#1262,#581,.T.);
#1618=EDGE_CURVE('',#1263,#1264,#582,.T.);
#1619=EDGE_CURVE('',#1263,#1265,#583,.T.);
#1620=EDGE_CURVE('',#1266,#1264,#584,.T.);
#1621=EDGE_CURVE('',#1265,#1266,#585,.T.);
#1622=EDGE_CURVE('',#1265,#1267,#586,.T.);
#1623=EDGE_CURVE('',#1268,#1266,#587,.T.);
#1624=EDGE_CURVE('',#1267,#1268,#588,.T.);
#1625=EDGE_CURVE('',#1267,#1269,#589,.T.);
#1626=EDGE_CURVE('',#1270,#1268,#590,.T.);
#1627=EDGE_CURVE('',#1269,#1270,#591,.T.);
#1628=EDGE_CURVE('',#1269,#1271,#592,.T.);
#1629=EDGE_CURVE('',#1272,#1270,#593,.T.);
#1630=EDGE_CURVE('',#1271,#1272,#594,.T.);
#1631=EDGE_CURVE('',#1271,#1273,#595,.T.);
#1632=EDGE_CURVE('',#1274,#1272,#596,.T.);
#1633=EDGE_CURVE('',#1273,#1274,#597,.T.);
#1634=EDGE_CURVE('',#1273,#1275,#598,.T.);
#1635=EDGE_CURVE('',#1276,#1274,#599,.T.);
#1636=EDGE_CURVE('',#1275,#1276,#600,.T.);
#1637=EDGE_CURVE('',#1275,#1277,#601,.T.);
#1638=EDGE_CURVE('',#1278,#1276,#602,.T.);
#1639=EDGE_CURVE('',#1277,#1278,#603,.T.);
#1640=EDGE_CURVE('',#1277,#1279,#604,.T.);
#1641=EDGE_CURVE('',#1280,#1278,#605,.T.);
#1642=EDGE_CURVE('',#1279,#1280,#606,.T.);
#1643=EDGE_CURVE('',#1279,#1281,#607,.T.);
#1644=EDGE_CURVE('',#1282,#1280,#608,.T.);
#1645=EDGE_CURVE('',#1281,#1282,#609,.T.);
#1646=EDGE_CURVE('',#1281,#1283,#610,.T.);
#1647=EDGE_CURVE('',#1284,#1282,#611,.T.);
#1648=EDGE_CURVE('',#1283,#1284,#612,.T.);
#1649=EDGE_CURVE('',#1283,#1285,#613,.T.);
#1650=EDGE_CURVE('',#1286,#1284,#614,.T.);
#1651=EDGE_CURVE('',#1285,#1286,#615,.T.);
#1652=EDGE_CURVE('',#1285,#1287,#616,.T.);
#1653=EDGE_CURVE('',#1288,#1286,#617,.T.);
#1654=EDGE_CURVE('',#1287,#1288,#618,.T.);
#1655=EDGE_CURVE('',#1289,#1287,#619,.T.);
#1656=EDGE_CURVE('',#1290,#1288,#620,.T.);
#1657=EDGE_CURVE('',#1289,#1290,#621,.T.);
#1658=EDGE_CURVE('',#1289,#1291,#622,.T.);
#1659=EDGE_CURVE('',#1292,#1290,#623,.T.);
#1660=EDGE_CURVE('',#1291,#1292,#624,.T.);
#1661=EDGE_CURVE('',#1291,#1293,#625,.T.);
#1662=EDGE_CURVE('',#1294,#1292,#626,.T.);
#1663=EDGE_CURVE('',#1293,#1294,#627,.T.);
#1664=EDGE_CURVE('',#1293,#1295,#628,.T.);
#1665=EDGE_CURVE('',#1296,#1294,#629,.T.);
#1666=EDGE_CURVE('',#1295,#1296,#630,.T.);
#1667=EDGE_CURVE('',#1295,#1297,#631,.T.);
#1668=EDGE_CURVE('',#1298,#1296,#632,.T.);
#1669=EDGE_CURVE('',#1297,#1298,#633,.T.);
#1670=EDGE_CURVE('',#1299,#1297,#634,.T.);
#1671=EDGE_CURVE('',#1300,#1298,#635,.T.);
#1672=EDGE_CURVE('',#1299,#1300,#636,.T.);
#1673=EDGE_CURVE('',#1301,#1299,#71,.T.);
#1674=EDGE_CURVE('',#1302,#1300,#72,.T.);
#1675=EDGE_CURVE('',#1301,#1302,#637,.T.);
#1676=EDGE_CURVE('',#1301,#1303,#638,.T.);
#1677=EDGE_CURVE('',#1304,#1302,#639,.T.);
#1678=EDGE_CURVE('',#1303,#1304,#640,.T.);
#1679=EDGE_CURVE('',#1303,#1305,#641,.T.);
#1680=EDGE_CURVE('',#1306,#1304,#642,.T.);
#1681=EDGE_CURVE('',#1305,#1306,#643,.T.);
#1682=EDGE_CURVE('',#1305,#1307,#644,.T.);
#1683=EDGE_CURVE('',#1308,#1306,#645,.T.);
#1684=EDGE_CURVE('',#1307,#1308,#646,.T.);
#1685=EDGE_CURVE('',#1307,#1309,#647,.T.);
#1686=EDGE_CURVE('',#1310,#1308,#648,.T.);
#1687=EDGE_CURVE('',#1309,#1310,#649,.T.);
#1688=EDGE_CURVE('',#1309,#1311,#650,.T.);
#1689=EDGE_CURVE('',#1312,#1310,#651,.T.);
#1690=EDGE_CURVE('',#1311,#1312,#652,.T.);
#1691=EDGE_CURVE('',#1311,#1313,#653,.T.);
#1692=EDGE_CURVE('',#1314,#1312,#654,.T.);
#1693=EDGE_CURVE('',#1313,#1314,#655,.T.);
#1694=EDGE_CURVE('',#1313,#1315,#656,.T.);
#1695=EDGE_CURVE('',#1316,#1314,#657,.T.);
#1696=EDGE_CURVE('',#1315,#1316,#658,.T.);
#1697=EDGE_CURVE('',#1315,#1317,#659,.T.);
#1698=EDGE_CURVE('',#1318,#1316,#660,.T.);
#1699=EDGE_CURVE('',#1317,#1318,#661,.T.);
#1700=EDGE_CURVE('',#1317,#1319,#662,.T.);
#1701=EDGE_CURVE('',#1320,#1318,#663,.T.);
#1702=EDGE_CURVE('',#1319,#1320,#664,.T.);
#1703=EDGE_CURVE('',#1319,#1321,#665,.T.);
#1704=EDGE_CURVE('',#1322,#1320,#666,.T.);
#1705=EDGE_CURVE('',#1321,#1322,#667,.T.);
#1706=EDGE_CURVE('',#1321,#1323,#668,.T.);
#1707=EDGE_CURVE('',#1324,#1322,#669,.T.);
#1708=EDGE_CURVE('',#1323,#1324,#670,.T.);
#1709=EDGE_CURVE('',#1323,#1325,#671,.T.);
#1710=EDGE_CURVE('',#1326,#1324,#672,.T.);
#1711=EDGE_CURVE('',#1325,#1326,#673,.T.);
#1712=EDGE_CURVE('',#1325,#1327,#674,.T.);
#1713=EDGE_CURVE('',#1328,#1326,#675,.T.);
#1714=EDGE_CURVE('',#1327,#1328,#676,.T.);
#1715=EDGE_CURVE('',#1327,#1329,#677,.T.);
#1716=EDGE_CURVE('',#1330,#1328,#678,.T.);
#1717=EDGE_CURVE('',#1329,#1330,#679,.T.);
#1718=EDGE_CURVE('',#1329,#1331,#680,.T.);
#1719=EDGE_CURVE('',#1332,#1330,#681,.T.);
#1720=EDGE_CURVE('',#1331,#1332,#682,.T.);
#1721=EDGE_CURVE('',#1333,#1331,#683,.T.);
#1722=EDGE_CURVE('',#1334,#1332,#684,.T.);
#1723=EDGE_CURVE('',#1333,#1334,#685,.T.);
#1724=EDGE_CURVE('',#1333,#1335,#686,.T.);
#1725=EDGE_CURVE('',#1336,#1334,#687,.T.);
#1726=EDGE_CURVE('',#1335,#1336,#688,.T.);
#1727=EDGE_CURVE('',#1335,#1337,#689,.T.);
#1728=EDGE_CURVE('',#1338,#1336,#690,.T.);
#1729=EDGE_CURVE('',#1337,#1338,#691,.T.);
#1730=EDGE_CURVE('',#1337,#1339,#692,.T.);
#1731=EDGE_CURVE('',#1340,#1338,#693,.T.);
#1732=EDGE_CURVE('',#1339,#1340,#694,.T.);
#1733=EDGE_CURVE('',#1339,#1341,#695,.T.);
#1734=EDGE_CURVE('',#1342,#1340,#696,.T.);
#1735=EDGE_CURVE('',#1341,#1342,#697,.T.);
#1736=EDGE_CURVE('',#1343,#1341,#698,.T.);
#1737=EDGE_CURVE('',#1344,#1342,#699,.T.);
#1738=EDGE_CURVE('',#1343,#1344,#700,.T.);
#1739=EDGE_CURVE('',#1345,#1343,#73,.T.);
#1740=EDGE_CURVE('',#1346,#1344,#74,.T.);
#1741=EDGE_CURVE('',#1345,#1346,#701,.T.);
#1742=EDGE_CURVE('',#1345,#1347,#702,.T.);
#1743=EDGE_CURVE('',#1348,#1346,#703,.T.);
#1744=EDGE_CURVE('',#1347,#1348,#704,.T.);
#1745=EDGE_CURVE('',#1347,#1349,#705,.T.);
#1746=EDGE_CURVE('',#1350,#1348,#706,.T.);
#1747=EDGE_CURVE('',#1349,#1350,#707,.T.);
#1748=EDGE_CURVE('',#1349,#1351,#708,.T.);
#1749=EDGE_CURVE('',#1352,#1350,#709,.T.);
#1750=EDGE_CURVE('',#1351,#1352,#710,.T.);
#1751=EDGE_CURVE('',#1351,#1353,#711,.T.);
#1752=EDGE_CURVE('',#1354,#1352,#712,.T.);
#1753=EDGE_CURVE('',#1353,#1354,#713,.T.);
#1754=EDGE_CURVE('',#1353,#1355,#714,.T.);
#1755=EDGE_CURVE('',#1356,#1354,#715,.T.);
#1756=EDGE_CURVE('',#1355,#1356,#716,.T.);
#1757=EDGE_CURVE('',#1355,#1357,#717,.T.);
#1758=EDGE_CURVE('',#1358,#1356,#718,.T.);
#1759=EDGE_CURVE('',#1357,#1358,#719,.T.);
#1760=EDGE_CURVE('',#1357,#1359,#720,.T.);
#1761=EDGE_CURVE('',#1360,#1358,#721,.T.);
#1762=EDGE_CURVE('',#1359,#1360,#722,.T.);
#1763=EDGE_CURVE('',#1359,#1361,#723,.T.);
#1764=EDGE_CURVE('',#1362,#1360,#724,.T.);
#1765=EDGE_CURVE('',#1361,#1362,#725,.T.);
#1766=EDGE_CURVE('',#1361,#1363,#726,.T.);
#1767=EDGE_CURVE('',#1364,#1362,#727,.T.);
#1768=EDGE_CURVE('',#1363,#1364,#728,.T.);
#1769=EDGE_CURVE('',#1363,#1365,#729,.T.);
#1770=EDGE_CURVE('',#1366,#1364,#730,.T.);
#1771=EDGE_CURVE('',#1365,#1366,#731,.T.);
#1772=EDGE_CURVE('',#1367,#1365,#732,.T.);
#1773=EDGE_CURVE('',#1368,#1366,#733,.T.);
#1774=EDGE_CURVE('',#1367,#1368,#734,.T.);
#1775=EDGE_CURVE('',#1367,#1193,#735,.T.);
#1776=EDGE_CURVE('',#1195,#1368,#736,.T.);
#1777=ORIENTED_EDGE('',*,*,#1369,.T.);
#1778=ORIENTED_EDGE('',*,*,#1370,.T.);
#1779=ORIENTED_EDGE('',*,*,#1371,.F.);
#1780=ORIENTED_EDGE('',*,*,#1372,.F.);
#1781=ORIENTED_EDGE('',*,*,#1373,.T.);
#1782=ORIENTED_EDGE('',*,*,#1372,.T.);
#1783=ORIENTED_EDGE('',*,*,#1374,.F.);
#1784=ORIENTED_EDGE('',*,*,#1375,.F.);
#1785=ORIENTED_EDGE('',*,*,#1376,.T.);
#1786=ORIENTED_EDGE('',*,*,#1375,.T.);
#1787=ORIENTED_EDGE('',*,*,#1377,.F.);
#1788=ORIENTED_EDGE('',*,*,#1378,.F.);
#1789=ORIENTED_EDGE('',*,*,#1379,.T.);
#1790=ORIENTED_EDGE('',*,*,#1378,.T.);
#1791=ORIENTED_EDGE('',*,*,#1380,.F.);
#1792=ORIENTED_EDGE('',*,*,#1381,.F.);
#1793=ORIENTED_EDGE('',*,*,#1382,.T.);
#1794=ORIENTED_EDGE('',*,*,#1381,.T.);
#1795=ORIENTED_EDGE('',*,*,#1383,.F.);
#1796=ORIENTED_EDGE('',*,*,#1384,.F.);
#1797=ORIENTED_EDGE('',*,*,#1385,.T.);
#1798=ORIENTED_EDGE('',*,*,#1384,.T.);
#1799=ORIENTED_EDGE('',*,*,#1386,.F.);
#1800=ORIENTED_EDGE('',*,*,#1387,.F.);
#1801=ORIENTED_EDGE('',*,*,#1388,.T.);
#1802=ORIENTED_EDGE('',*,*,#1387,.T.);
#1803=ORIENTED_EDGE('',*,*,#1389,.F.);
#1804=ORIENTED_EDGE('',*,*,#1390,.F.);
#1805=ORIENTED_EDGE('',*,*,#1391,.T.);
#1806=ORIENTED_EDGE('',*,*,#1390,.T.);
#1807=ORIENTED_EDGE('',*,*,#1392,.F.);
#1808=ORIENTED_EDGE('',*,*,#1393,.F.);
#1809=ORIENTED_EDGE('',*,*,#1394,.T.);
#1810=ORIENTED_EDGE('',*,*,#1393,.T.);
#1811=ORIENTED_EDGE('',*,*,#1395,.F.);
#1812=ORIENTED_EDGE('',*,*,#1396,.F.);
#1813=ORIENTED_EDGE('',*,*,#1397,.T.);
#1814=ORIENTED_EDGE('',*,*,#1396,.T.);
#1815=ORIENTED_EDGE('',*,*,#1398,.F.);
#1816=ORIENTED_EDGE('',*,*,#1399,.F.);
#1817=ORIENTED_EDGE('',*,*,#1400,.T.);
#1818=ORIENTED_EDGE('',*,*,#1399,.T.);
#1819=ORIENTED_EDGE('',*,*,#1401,.F.);
#1820=ORIENTED_EDGE('',*,*,#1402,.F.);
#1821=ORIENTED_EDGE('',*,*,#1403,.T.);
#1822=ORIENTED_EDGE('',*,*,#1402,.T.);
#1823=ORIENTED_EDGE('',*,*,#1404,.F.);
#1824=ORIENTED_EDGE('',*,*,#1405,.F.);
#1825=ORIENTED_EDGE('',*,*,#1406,.T.);
#1826=ORIENTED_EDGE('',*,*,#1405,.T.);
#1827=ORIENTED_EDGE('',*,*,#1407,.F.);
#1828=ORIENTED_EDGE('',*,*,#1408,.F.);
#1829=ORIENTED_EDGE('',*,*,#1409,.T.);
#1830=ORIENTED_EDGE('',*,*,#1408,.T.);
#1831=ORIENTED_EDGE('',*,*,#1410,.F.);
#1832=ORIENTED_EDGE('',*,*,#1411,.F.);
#1833=ORIENTED_EDGE('',*,*,#1412,.T.);
#1834=ORIENTED_EDGE('',*,*,#1411,.T.);
#1835=ORIENTED_EDGE('',*,*,#1413,.F.);
#1836=ORIENTED_EDGE('',*,*,#1414,.F.);
#1837=ORIENTED_EDGE('',*,*,#1415,.T.);
#1838=ORIENTED_EDGE('',*,*,#1414,.T.);
#1839=ORIENTED_EDGE('',*,*,#1416,.F.);
#1840=ORIENTED_EDGE('',*,*,#1417,.F.);
#1841=ORIENTED_EDGE('',*,*,#1418,.T.);
#1842=ORIENTED_EDGE('',*,*,#1417,.T.);
#1843=ORIENTED_EDGE('',*,*,#1419,.F.);
#1844=ORIENTED_EDGE('',*,*,#1420,.F.);
#1845=ORIENTED_EDGE('',*,*,#1421,.T.);
#1846=ORIENTED_EDGE('',*,*,#1420,.T.);
#1847=ORIENTED_EDGE('',*,*,#1422,.F.);
#1848=ORIENTED_EDGE('',*,*,#1423,.F.);
#1849=ORIENTED_EDGE('',*,*,#1424,.T.);
#1850=ORIENTED_EDGE('',*,*,#1423,.T.);
#1851=ORIENTED_EDGE('',*,*,#1425,.F.);
#1852=ORIENTED_EDGE('',*,*,#1426,.F.);
#1853=ORIENTED_EDGE('',*,*,#1427,.T.);
#1854=ORIENTED_EDGE('',*,*,#1426,.T.);
#1855=ORIENTED_EDGE('',*,*,#1428,.F.);
#1856=ORIENTED_EDGE('',*,*,#1429,.F.);
#1857=ORIENTED_EDGE('',*,*,#1430,.T.);
#1858=ORIENTED_EDGE('',*,*,#1429,.T.);
#1859=ORIENTED_EDGE('',*,*,#1431,.F.);
#1860=ORIENTED_EDGE('',*,*,#1432,.F.);
#1861=ORIENTED_EDGE('',*,*,#1433,.T.);
#1862=ORIENTED_EDGE('',*,*,#1432,.T.);
#1863=ORIENTED_EDGE('',*,*,#1434,.F.);
#1864=ORIENTED_EDGE('',*,*,#1435,.F.);
#1865=ORIENTED_EDGE('',*,*,#1436,.T.);
#1866=ORIENTED_EDGE('',*,*,#1435,.T.);
#1867=ORIENTED_EDGE('',*,*,#1437,.F.);
#1868=ORIENTED_EDGE('',*,*,#1438,.F.);
#1869=ORIENTED_EDGE('',*,*,#1439,.T.);
#1870=ORIENTED_EDGE('',*,*,#1438,.T.);
#1871=ORIENTED_EDGE('',*,*,#1440,.F.);
#1872=ORIENTED_EDGE('',*,*,#1441,.F.);
#1873=ORIENTED_EDGE('',*,*,#1442,.T.);
#1874=ORIENTED_EDGE('',*,*,#1441,.T.);
#1875=ORIENTED_EDGE('',*,*,#1443,.F.);
#1876=ORIENTED_EDGE('',*,*,#1444,.F.);
#1877=ORIENTED_EDGE('',*,*,#1445,.T.);
#1878=ORIENTED_EDGE('',*,*,#1444,.T.);
#1879=ORIENTED_EDGE('',*,*,#1446,.F.);
#1880=ORIENTED_EDGE('',*,*,#1447,.F.);
#1881=ORIENTED_EDGE('',*,*,#1448,.T.);
#1882=ORIENTED_EDGE('',*,*,#1447,.T.);
#1883=ORIENTED_EDGE('',*,*,#1449,.F.);
#1884=ORIENTED_EDGE('',*,*,#1450,.F.);
#1885=ORIENTED_EDGE('',*,*,#1451,.T.);
#1886=ORIENTED_EDGE('',*,*,#1450,.T.);
#1887=ORIENTED_EDGE('',*,*,#1452,.F.);
#1888=ORIENTED_EDGE('',*,*,#1453,.F.);
#1889=ORIENTED_EDGE('',*,*,#1454,.T.);
#1890=ORIENTED_EDGE('',*,*,#1453,.T.);
#1891=ORIENTED_EDGE('',*,*,#1455,.F.);
#1892=ORIENTED_EDGE('',*,*,#1456,.F.);
#1893=ORIENTED_EDGE('',*,*,#1457,.T.);
#1894=ORIENTED_EDGE('',*,*,#1456,.T.);
#1895=ORIENTED_EDGE('',*,*,#1458,.F.);
#1896=ORIENTED_EDGE('',*,*,#1459,.F.);
#1897=ORIENTED_EDGE('',*,*,#1460,.T.);
#1898=ORIENTED_EDGE('',*,*,#1459,.T.);
#1899=ORIENTED_EDGE('',*,*,#1461,.F.);
#1900=ORIENTED_EDGE('',*,*,#1462,.F.);
#1901=ORIENTED_EDGE('',*,*,#1463,.T.);
#1902=ORIENTED_EDGE('',*,*,#1462,.T.);
#1903=ORIENTED_EDGE('',*,*,#1464,.F.);
#1904=ORIENTED_EDGE('',*,*,#1465,.F.);
#1905=ORIENTED_EDGE('',*,*,#1466,.T.);
#1906=ORIENTED_EDGE('',*,*,#1465,.T.);
#1907=ORIENTED_EDGE('',*,*,#1467,.F.);
#1908=ORIENTED_EDGE('',*,*,#1468,.F.);
#1909=ORIENTED_EDGE('',*,*,#1469,.T.);
#1910=ORIENTED_EDGE('',*,*,#1468,.T.);
#1911=ORIENTED_EDGE('',*,*,#1470,.F.);
#1912=ORIENTED_EDGE('',*,*,#1471,.F.);
#1913=ORIENTED_EDGE('',*,*,#1472,.T.);
#1914=ORIENTED_EDGE('',*,*,#1471,.T.);
#1915=ORIENTED_EDGE('',*,*,#1473,.F.);
#1916=ORIENTED_EDGE('',*,*,#1474,.F.);
#1917=ORIENTED_EDGE('',*,*,#1475,.T.);
#1918=ORIENTED_EDGE('',*,*,#1474,.T.);
#1919=ORIENTED_EDGE('',*,*,#1476,.F.);
#1920=ORIENTED_EDGE('',*,*,#1477,.F.);
#1921=ORIENTED_EDGE('',*,*,#1478,.T.);
#1922=ORIENTED_EDGE('',*,*,#1477,.T.);
#1923=ORIENTED_EDGE('',*,*,#1479,.F.);
#1924=ORIENTED_EDGE('',*,*,#1480,.F.);
#1925=ORIENTED_EDGE('',*,*,#1481,.T.);
#1926=ORIENTED_EDGE('',*,*,#1480,.T.);
#1927=ORIENTED_EDGE('',*,*,#1482,.F.);
#1928=ORIENTED_EDGE('',*,*,#1483,.F.);
#1929=ORIENTED_EDGE('',*,*,#1484,.T.);
#1930=ORIENTED_EDGE('',*,*,#1483,.T.);
#1931=ORIENTED_EDGE('',*,*,#1485,.F.);
#1932=ORIENTED_EDGE('',*,*,#1486,.F.);
#1933=ORIENTED_EDGE('',*,*,#1487,.T.);
#1934=ORIENTED_EDGE('',*,*,#1486,.T.);
#1935=ORIENTED_EDGE('',*,*,#1488,.F.);
#1936=ORIENTED_EDGE('',*,*,#1489,.F.);
#1937=ORIENTED_EDGE('',*,*,#1490,.T.);
#1938=ORIENTED_EDGE('',*,*,#1489,.T.);
#1939=ORIENTED_EDGE('',*,*,#1491,.F.);
#1940=ORIENTED_EDGE('',*,*,#1492,.F.);
#1941=ORIENTED_EDGE('',*,*,#1493,.T.);
#1942=ORIENTED_EDGE('',*,*,#1492,.T.);
#1943=ORIENTED_EDGE('',*,*,#1494,.F.);
#1944=ORIENTED_EDGE('',*,*,#1495,.F.);
#1945=ORIENTED_EDGE('',*,*,#1496,.T.);
#1946=ORIENTED_EDGE('',*,*,#1495,.T.);
#1947=ORIENTED_EDGE('',*,*,#1497,.F.);
#1948=ORIENTED_EDGE('',*,*,#1498,.F.);
#1949=ORIENTED_EDGE('',*,*,#1499,.T.);
#1950=ORIENTED_EDGE('',*,*,#1498,.T.);
#1951=ORIENTED_EDGE('',*,*,#1500,.F.);
#1952=ORIENTED_EDGE('',*,*,#1501,.F.);
#1953=ORIENTED_EDGE('',*,*,#1502,.T.);
#1954=ORIENTED_EDGE('',*,*,#1501,.T.);
#1955=ORIENTED_EDGE('',*,*,#1503,.F.);
#1956=ORIENTED_EDGE('',*,*,#1504,.F.);
#1957=ORIENTED_EDGE('',*,*,#1505,.T.);
#1958=ORIENTED_EDGE('',*,*,#1504,.T.);
#1959=ORIENTED_EDGE('',*,*,#1506,.F.);
#1960=ORIENTED_EDGE('',*,*,#1507,.F.);
#1961=ORIENTED_EDGE('',*,*,#1508,.T.);
#1962=ORIENTED_EDGE('',*,*,#1507,.T.);
#1963=ORIENTED_EDGE('',*,*,#1509,.F.);
#1964=ORIENTED_EDGE('',*,*,#1510,.F.);
#1965=ORIENTED_EDGE('',*,*,#1511,.T.);
#1966=ORIENTED_EDGE('',*,*,#1510,.T.);
#1967=ORIENTED_EDGE('',*,*,#1512,.F.);
#1968=ORIENTED_EDGE('',*,*,#1370,.F.);
#1969=ORIENTED_EDGE('',*,*,#1513,.F.);
#1970=ORIENTED_EDGE('',*,*,#1514,.T.);
#1971=ORIENTED_EDGE('',*,*,#1515,.F.);
#1972=ORIENTED_EDGE('',*,*,#1516,.F.);
#1973=ORIENTED_EDGE('',*,*,#1517,.F.);
#1974=ORIENTED_EDGE('',*,*,#1516,.T.);
#1975=ORIENTED_EDGE('',*,*,#1518,.F.);
#1976=ORIENTED_EDGE('',*,*,#1519,.F.);
#1977=ORIENTED_EDGE('',*,*,#1520,.F.);
#1978=ORIENTED_EDGE('',*,*,#1519,.T.);
#1979=ORIENTED_EDGE('',*,*,#1521,.F.);
#1980=ORIENTED_EDGE('',*,*,#1522,.F.);
#1981=ORIENTED_EDGE('',*,*,#1523,.T.);
#1982=ORIENTED_EDGE('',*,*,#1522,.T.);
#1983=ORIENTED_EDGE('',*,*,#1524,.F.);
#1984=ORIENTED_EDGE('',*,*,#1525,.F.);
#1985=ORIENTED_EDGE('',*,*,#1526,.F.);
#1986=ORIENTED_EDGE('',*,*,#1525,.T.);
#1987=ORIENTED_EDGE('',*,*,#1527,.F.);
#1988=ORIENTED_EDGE('',*,*,#1528,.F.);
#1989=ORIENTED_EDGE('',*,*,#1529,.F.);
#1990=ORIENTED_EDGE('',*,*,#1528,.T.);
#1991=ORIENTED_EDGE('',*,*,#1530,.F.);
#1992=ORIENTED_EDGE('',*,*,#1531,.F.);
#1993=ORIENTED_EDGE('',*,*,#1532,.F.);
#1994=ORIENTED_EDGE('',*,*,#1531,.T.);
#1995=ORIENTED_EDGE('',*,*,#1533,.F.);
#1996=ORIENTED_EDGE('',*,*,#1534,.F.);
#1997=ORIENTED_EDGE('',*,*,#1535,.F.);
#1998=ORIENTED_EDGE('',*,*,#1534,.T.);
#1999=ORIENTED_EDGE('',*,*,#1536,.F.);
#2000=ORIENTED_EDGE('',*,*,#1537,.F.);
#2001=ORIENTED_EDGE('',*,*,#1538,.T.);
#2002=ORIENTED_EDGE('',*,*,#1537,.T.);
#2003=ORIENTED_EDGE('',*,*,#1539,.F.);
#2004=ORIENTED_EDGE('',*,*,#1540,.F.);
#2005=ORIENTED_EDGE('',*,*,#1541,.T.);
#2006=ORIENTED_EDGE('',*,*,#1540,.T.);
#2007=ORIENTED_EDGE('',*,*,#1542,.F.);
#2008=ORIENTED_EDGE('',*,*,#1543,.F.);
#2009=ORIENTED_EDGE('',*,*,#1544,.F.);
#2010=ORIENTED_EDGE('',*,*,#1543,.T.);
#2011=ORIENTED_EDGE('',*,*,#1545,.F.);
#2012=ORIENTED_EDGE('',*,*,#1546,.F.);
#2013=ORIENTED_EDGE('',*,*,#1547,.F.);
#2014=ORIENTED_EDGE('',*,*,#1546,.T.);
#2015=ORIENTED_EDGE('',*,*,#1548,.F.);
#2016=ORIENTED_EDGE('',*,*,#1549,.F.);
#2017=ORIENTED_EDGE('',*,*,#1550,.F.);
#2018=ORIENTED_EDGE('',*,*,#1549,.T.);
#2019=ORIENTED_EDGE('',*,*,#1551,.F.);
#2020=ORIENTED_EDGE('',*,*,#1552,.F.);
#2021=ORIENTED_EDGE('',*,*,#1553,.F.);
#2022=ORIENTED_EDGE('',*,*,#1552,.T.);
#2023=ORIENTED_EDGE('',*,*,#1554,.F.);
#2024=ORIENTED_EDGE('',*,*,#1555,.F.);
#2025=ORIENTED_EDGE('',*,*,#1556,.F.);
#2026=ORIENTED_EDGE('',*,*,#1555,.T.);
#2027=ORIENTED_EDGE('',*,*,#1557,.F.);
#2028=ORIENTED_EDGE('',*,*,#1558,.F.);
#2029=ORIENTED_EDGE('',*,*,#1559,.F.);
#2030=ORIENTED_EDGE('',*,*,#1558,.T.);
#2031=ORIENTED_EDGE('',*,*,#1560,.F.);
#2032=ORIENTED_EDGE('',*,*,#1561,.F.);
#2033=ORIENTED_EDGE('',*,*,#1562,.F.);
#2034=ORIENTED_EDGE('',*,*,#1561,.T.);
#2035=ORIENTED_EDGE('',*,*,#1563,.F.);
#2036=ORIENTED_EDGE('',*,*,#1564,.F.);
#2037=ORIENTED_EDGE('',*,*,#1565,.F.);
#2038=ORIENTED_EDGE('',*,*,#1564,.T.);
#2039=ORIENTED_EDGE('',*,*,#1566,.F.);
#2040=ORIENTED_EDGE('',*,*,#1567,.F.);
#2041=ORIENTED_EDGE('',*,*,#1568,.F.);
#2042=ORIENTED_EDGE('',*,*,#1567,.T.);
#2043=ORIENTED_EDGE('',*,*,#1569,.F.);
#2044=ORIENTED_EDGE('',*,*,#1570,.F.);
#2045=ORIENTED_EDGE('',*,*,#1571,.F.);
#2046=ORIENTED_EDGE('',*,*,#1570,.T.);
#2047=ORIENTED_EDGE('',*,*,#1572,.F.);
#2048=ORIENTED_EDGE('',*,*,#1573,.F.);
#2049=ORIENTED_EDGE('',*,*,#1574,.T.);
#2050=ORIENTED_EDGE('',*,*,#1573,.T.);
#2051=ORIENTED_EDGE('',*,*,#1575,.F.);
#2052=ORIENTED_EDGE('',*,*,#1576,.F.);
#2053=ORIENTED_EDGE('',*,*,#1577,.F.);
#2054=ORIENTED_EDGE('',*,*,#1576,.T.);
#2055=ORIENTED_EDGE('',*,*,#1578,.F.);
#2056=ORIENTED_EDGE('',*,*,#1579,.F.);
#2057=ORIENTED_EDGE('',*,*,#1580,.F.);
#2058=ORIENTED_EDGE('',*,*,#1579,.T.);
#2059=ORIENTED_EDGE('',*,*,#1581,.F.);
#2060=ORIENTED_EDGE('',*,*,#1582,.F.);
#2061=ORIENTED_EDGE('',*,*,#1583,.F.);
#2062=ORIENTED_EDGE('',*,*,#1582,.T.);
#2063=ORIENTED_EDGE('',*,*,#1584,.F.);
#2064=ORIENTED_EDGE('',*,*,#1585,.F.);
#2065=ORIENTED_EDGE('',*,*,#1586,.F.);
#2066=ORIENTED_EDGE('',*,*,#1585,.T.);
#2067=ORIENTED_EDGE('',*,*,#1587,.F.);
#2068=ORIENTED_EDGE('',*,*,#1588,.F.);
#2069=ORIENTED_EDGE('',*,*,#1589,.T.);
#2070=ORIENTED_EDGE('',*,*,#1588,.T.);
#2071=ORIENTED_EDGE('',*,*,#1590,.F.);
#2072=ORIENTED_EDGE('',*,*,#1591,.F.);
#2073=ORIENTED_EDGE('',*,*,#1592,.F.);
#2074=ORIENTED_EDGE('',*,*,#1591,.T.);
#2075=ORIENTED_EDGE('',*,*,#1593,.F.);
#2076=ORIENTED_EDGE('',*,*,#1594,.F.);
#2077=ORIENTED_EDGE('',*,*,#1595,.F.);
#2078=ORIENTED_EDGE('',*,*,#1594,.T.);
#2079=ORIENTED_EDGE('',*,*,#1596,.F.);
#2080=ORIENTED_EDGE('',*,*,#1597,.F.);
#2081=ORIENTED_EDGE('',*,*,#1598,.F.);
#2082=ORIENTED_EDGE('',*,*,#1597,.T.);
#2083=ORIENTED_EDGE('',*,*,#1599,.F.);
#2084=ORIENTED_EDGE('',*,*,#1600,.F.);
#2085=ORIENTED_EDGE('',*,*,#1601,.F.);
#2086=ORIENTED_EDGE('',*,*,#1600,.T.);
#2087=ORIENTED_EDGE('',*,*,#1602,.F.);
#2088=ORIENTED_EDGE('',*,*,#1603,.F.);
#2089=ORIENTED_EDGE('',*,*,#1604,.T.);
#2090=ORIENTED_EDGE('',*,*,#1603,.T.);
#2091=ORIENTED_EDGE('',*,*,#1605,.F.);
#2092=ORIENTED_EDGE('',*,*,#1606,.F.);
#2093=ORIENTED_EDGE('',*,*,#1607,.T.);
#2094=ORIENTED_EDGE('',*,*,#1606,.T.);
#2095=ORIENTED_EDGE('',*,*,#1608,.F.);
#2096=ORIENTED_EDGE('',*,*,#1609,.F.);
#2097=ORIENTED_EDGE('',*,*,#1610,.F.);
#2098=ORIENTED_EDGE('',*,*,#1609,.T.);
#2099=ORIENTED_EDGE('',*,*,#1611,.F.);
#2100=ORIENTED_EDGE('',*,*,#1612,.F.);
#2101=ORIENTED_EDGE('',*,*,#1613,.F.);
#2102=ORIENTED_EDGE('',*,*,#1612,.T.);
#2103=ORIENTED_EDGE('',*,*,#1614,.F.);
#2104=ORIENTED_EDGE('',*,*,#1615,.F.);
#2105=ORIENTED_EDGE('',*,*,#1616,.F.);
#2106=ORIENTED_EDGE('',*,*,#1615,.T.);
#2107=ORIENTED_EDGE('',*,*,#1617,.F.);
#2108=ORIENTED_EDGE('',*,*,#1618,.F.);
#2109=ORIENTED_EDGE('',*,*,#1619,.F.);
#2110=ORIENTED_EDGE('',*,*,#1618,.T.);
#2111=ORIENTED_EDGE('',*,*,#1620,.F.);
#2112=ORIENTED_EDGE('',*,*,#1621,.F.);
#2113=ORIENTED_EDGE('',*,*,#1622,.F.);
#2114=ORIENTED_EDGE('',*,*,#1621,.T.);
#2115=ORIENTED_EDGE('',*,*,#1623,.F.);
#2116=ORIENTED_EDGE('',*,*,#1624,.F.);
#2117=ORIENTED_EDGE('',*,*,#1625,.F.);
#2118=ORIENTED_EDGE('',*,*,#1624,.T.);
#2119=ORIENTED_EDGE('',*,*,#1626,.F.);
#2120=ORIENTED_EDGE('',*,*,#1627,.F.);
#2121=ORIENTED_EDGE('',*,*,#1628,.F.);
#2122=ORIENTED_EDGE('',*,*,#1627,.T.);
#2123=ORIENTED_EDGE('',*,*,#1629,.F.);
#2124=ORIENTED_EDGE('',*,*,#1630,.F.);
#2125=ORIENTED_EDGE('',*,*,#1631,.F.);
#2126=ORIENTED_EDGE('',*,*,#1630,.T.);
#2127=ORIENTED_EDGE('',*,*,#1632,.F.);
#2128=ORIENTED_EDGE('',*,*,#1633,.F.);
#2129=ORIENTED_EDGE('',*,*,#1634,.F.);
#2130=ORIENTED_EDGE('',*,*,#1633,.T.);
#2131=ORIENTED_EDGE('',*,*,#1635,.F.);
#2132=ORIENTED_EDGE('',*,*,#1636,.F.);
#2133=ORIENTED_EDGE('',*,*,#1637,.F.);
#2134=ORIENTED_EDGE('',*,*,#1636,.T.);
#2135=ORIENTED_EDGE('',*,*,#1638,.F.);
#2136=ORIENTED_EDGE('',*,*,#1639,.F.);
#2137=ORIENTED_EDGE('',*,*,#1640,.F.);
#2138=ORIENTED_EDGE('',*,*,#1639,.T.);
#2139=ORIENTED_EDGE('',*,*,#1641,.F.);
#2140=ORIENTED_EDGE('',*,*,#1642,.F.);
#2141=ORIENTED_EDGE('',*,*,#1643,.F.);
#2142=ORIENTED_EDGE('',*,*,#1642,.T.);
#2143=ORIENTED_EDGE('',*,*,#1644,.F.);
#2144=ORIENTED_EDGE('',*,*,#1645,.F.);
#2145=ORIENTED_EDGE('',*,*,#1646,.F.);
#2146=ORIENTED_EDGE('',*,*,#1645,.T.);
#2147=ORIENTED_EDGE('',*,*,#1647,.F.);
#2148=ORIENTED_EDGE('',*,*,#1648,.F.);
#2149=ORIENTED_EDGE('',*,*,#1649,.F.);
#2150=ORIENTED_EDGE('',*,*,#1648,.T.);
#2151=ORIENTED_EDGE('',*,*,#1650,.F.);
#2152=ORIENTED_EDGE('',*,*,#1651,.F.);
#2153=ORIENTED_EDGE('',*,*,#1652,.F.);
#2154=ORIENTED_EDGE('',*,*,#1651,.T.);
#2155=ORIENTED_EDGE('',*,*,#1653,.F.);
#2156=ORIENTED_EDGE('',*,*,#1654,.F.);
#2157=ORIENTED_EDGE('',*,*,#1655,.T.);
#2158=ORIENTED_EDGE('',*,*,#1654,.T.);
#2159=ORIENTED_EDGE('',*,*,#1656,.F.);
#2160=ORIENTED_EDGE('',*,*,#1657,.F.);
#2161=ORIENTED_EDGE('',*,*,#1658,.F.);
#2162=ORIENTED_EDGE('',*,*,#1657,.T.);
#2163=ORIENTED_EDGE('',*,*,#1659,.F.);
#2164=ORIENTED_EDGE('',*,*,#1660,.F.);
#2165=ORIENTED_EDGE('',*,*,#1661,.F.);
#2166=ORIENTED_EDGE('',*,*,#1660,.T.);
#2167=ORIENTED_EDGE('',*,*,#1662,.F.);
#2168=ORIENTED_EDGE('',*,*,#1663,.F.);
#2169=ORIENTED_EDGE('',*,*,#1664,.F.);
#2170=ORIENTED_EDGE('',*,*,#1663,.T.);
#2171=ORIENTED_EDGE('',*,*,#1665,.F.);
#2172=ORIENTED_EDGE('',*,*,#1666,.F.);
#2173=ORIENTED_EDGE('',*,*,#1667,.F.);
#2174=ORIENTED_EDGE('',*,*,#1666,.T.);
#2175=ORIENTED_EDGE('',*,*,#1668,.F.);
#2176=ORIENTED_EDGE('',*,*,#1669,.F.);
#2177=ORIENTED_EDGE('',*,*,#1670,.T.);
#2178=ORIENTED_EDGE('',*,*,#1669,.T.);
#2179=ORIENTED_EDGE('',*,*,#1671,.F.);
#2180=ORIENTED_EDGE('',*,*,#1672,.F.);
#2181=ORIENTED_EDGE('',*,*,#1673,.T.);
#2182=ORIENTED_EDGE('',*,*,#1672,.T.);
#2183=ORIENTED_EDGE('',*,*,#1674,.F.);
#2184=ORIENTED_EDGE('',*,*,#1675,.F.);
#2185=ORIENTED_EDGE('',*,*,#1676,.F.);
#2186=ORIENTED_EDGE('',*,*,#1675,.T.);
#2187=ORIENTED_EDGE('',*,*,#1677,.F.);
#2188=ORIENTED_EDGE('',*,*,#1678,.F.);
#2189=ORIENTED_EDGE('',*,*,#1679,.F.);
#2190=ORIENTED_EDGE('',*,*,#1678,.T.);
#2191=ORIENTED_EDGE('',*,*,#1680,.F.);
#2192=ORIENTED_EDGE('',*,*,#1681,.F.);
#2193=ORIENTED_EDGE('',*,*,#1682,.F.);
#2194=ORIENTED_EDGE('',*,*,#1681,.T.);
#2195=ORIENTED_EDGE('',*,*,#1683,.F.);
#2196=ORIENTED_EDGE('',*,*,#1684,.F.);
#2197=ORIENTED_EDGE('',*,*,#1685,.F.);
#2198=ORIENTED_EDGE('',*,*,#1684,.T.);
#2199=ORIENTED_EDGE('',*,*,#1686,.F.);
#2200=ORIENTED_EDGE('',*,*,#1687,.F.);
#2201=ORIENTED_EDGE('',*,*,#1688,.F.);
#2202=ORIENTED_EDGE('',*,*,#1687,.T.);
#2203=ORIENTED_EDGE('',*,*,#1689,.F.);
#2204=ORIENTED_EDGE('',*,*,#1690,.F.);
#2205=ORIENTED_EDGE('',*,*,#1691,.F.);
#2206=ORIENTED_EDGE('',*,*,#1690,.T.);
#2207=ORIENTED_EDGE('',*,*,#1692,.F.);
#2208=ORIENTED_EDGE('',*,*,#1693,.F.);
#2209=ORIENTED_EDGE('',*,*,#1694,.F.);
#2210=ORIENTED_EDGE('',*,*,#1693,.T.);
#2211=ORIENTED_EDGE('',*,*,#1695,.F.);
#2212=ORIENTED_EDGE('',*,*,#1696,.F.);
#2213=ORIENTED_EDGE('',*,*,#1697,.F.);
#2214=ORIENTED_EDGE('',*,*,#1696,.T.);
#2215=ORIENTED_EDGE('',*,*,#1698,.F.);
#2216=ORIENTED_EDGE('',*,*,#1699,.F.);
#2217=ORIENTED_EDGE('',*,*,#1700,.F.);
#2218=ORIENTED_EDGE('',*,*,#1699,.T.);
#2219=ORIENTED_EDGE('',*,*,#1701,.F.);
#2220=ORIENTED_EDGE('',*,*,#1702,.F.);
#2221=ORIENTED_EDGE('',*,*,#1703,.F.);
#2222=ORIENTED_EDGE('',*,*,#1702,.T.);
#2223=ORIENTED_EDGE('',*,*,#1704,.F.);
#2224=ORIENTED_EDGE('',*,*,#1705,.F.);
#2225=ORIENTED_EDGE('',*,*,#1706,.F.);
#2226=ORIENTED_EDGE('',*,*,#1705,.T.);
#2227=ORIENTED_EDGE('',*,*,#1707,.F.);
#2228=ORIENTED_EDGE('',*,*,#1708,.F.);
#2229=ORIENTED_EDGE('',*,*,#1709,.F.);
#2230=ORIENTED_EDGE('',*,*,#1708,.T.);
#2231=ORIENTED_EDGE('',*,*,#1710,.F.);
#2232=ORIENTED_EDGE('',*,*,#1711,.F.);
#2233=ORIENTED_EDGE('',*,*,#1712,.F.);
#2234=ORIENTED_EDGE('',*,*,#1711,.T.);
#2235=ORIENTED_EDGE('',*,*,#1713,.F.);
#2236=ORIENTED_EDGE('',*,*,#1714,.F.);
#2237=ORIENTED_EDGE('',*,*,#1715,.F.);
#2238=ORIENTED_EDGE('',*,*,#1714,.T.);
#2239=ORIENTED_EDGE('',*,*,#1716,.F.);
#2240=ORIENTED_EDGE('',*,*,#1717,.F.);
#2241=ORIENTED_EDGE('',*,*,#1718,.F.);
#2242=ORIENTED_EDGE('',*,*,#1717,.T.);
#2243=ORIENTED_EDGE('',*,*,#1719,.F.);
#2244=ORIENTED_EDGE('',*,*,#1720,.F.);
#2245=ORIENTED_EDGE('',*,*,#1721,.T.);
#2246=ORIENTED_EDGE('',*,*,#1720,.T.);
#2247=ORIENTED_EDGE('',*,*,#1722,.F.);
#2248=ORIENTED_EDGE('',*,*,#1723,.F.);
#2249=ORIENTED_EDGE('',*,*,#1724,.F.);
#2250=ORIENTED_EDGE('',*,*,#1723,.T.);
#2251=ORIENTED_EDGE('',*,*,#1725,.F.);
#2252=ORIENTED_EDGE('',*,*,#1726,.F.);
#2253=ORIENTED_EDGE('',*,*,#1727,.F.);
#2254=ORIENTED_EDGE('',*,*,#1726,.T.);
#2255=ORIENTED_EDGE('',*,*,#1728,.F.);
#2256=ORIENTED_EDGE('',*,*,#1729,.F.);
#2257=ORIENTED_EDGE('',*,*,#1730,.F.);
#2258=ORIENTED_EDGE('',*,*,#1729,.T.);
#2259=ORIENTED_EDGE('',*,*,#1731,.F.);
#2260=ORIENTED_EDGE('',*,*,#1732,.F.);
#2261=ORIENTED_EDGE('',*,*,#1733,.F.);
#2262=ORIENTED_EDGE('',*,*,#1732,.T.);
#2263=ORIENTED_EDGE('',*,*,#1734,.F.);
#2264=ORIENTED_EDGE('',*,*,#1735,.F.);
#2265=ORIENTED_EDGE('',*,*,#1736,.T.);
#2266=ORIENTED_EDGE('',*,*,#1735,.T.);
#2267=ORIENTED_EDGE('',*,*,#1737,.F.);
#2268=ORIENTED_EDGE('',*,*,#1738,.F.);
#2269=ORIENTED_EDGE('',*,*,#1739,.T.);
#2270=ORIENTED_EDGE('',*,*,#1738,.T.);
#2271=ORIENTED_EDGE('',*,*,#1740,.F.);
#2272=ORIENTED_EDGE('',*,*,#1741,.F.);
#2273=ORIENTED_EDGE('',*,*,#1742,.F.);
#2274=ORIENTED_EDGE('',*,*,#1741,.T.);
#2275=ORIENTED_EDGE('',*,*,#1743,.F.);
#2276=ORIENTED_EDGE('',*,*,#1744,.F.);
#2277=ORIENTED_EDGE('',*,*,#1745,.F.);
#2278=ORIENTED_EDGE('',*,*,#1744,.T.);
#2279=ORIENTED_EDGE('',*,*,#1746,.F.);
#2280=ORIENTED_EDGE('',*,*,#1747,.F.);
#2281=ORIENTED_EDGE('',*,*,#1748,.F.);
#2282=ORIENTED_EDGE('',*,*,#1747,.T.);
#2283=ORIENTED_EDGE('',*,*,#1749,.F.);
#2284=ORIENTED_EDGE('',*,*,#1750,.F.);
#2285=ORIENTED_EDGE('',*,*,#1751,.F.);
#2286=ORIENTED_EDGE('',*,*,#1750,.T.);
#2287=ORIENTED_EDGE('',*,*,#1752,.F.);
#2288=ORIENTED_EDGE('',*,*,#1753,.F.);
#2289=ORIENTED_EDGE('',*,*,#1754,.F.);
#2290=ORIENTED_EDGE('',*,*,#1753,.T.);
#2291=ORIENTED_EDGE('',*,*,#1755,.F.);
#2292=ORIENTED_EDGE('',*,*,#1756,.F.);
#2293=ORIENTED_EDGE('',*,*,#1757,.F.);
#2294=ORIENTED_EDGE('',*,*,#1756,.T.);
#2295=ORIENTED_EDGE('',*,*,#1758,.F.);
#2296=ORIENTED_EDGE('',*,*,#1759,.F.);
#2297=ORIENTED_EDGE('',*,*,#1760,.F.);
#2298=ORIENTED_EDGE('',*,*,#1759,.T.);
#2299=ORIENTED_EDGE('',*,*,#1761,.F.);
#2300=ORIENTED_EDGE('',*,*,#1762,.F.);
#2301=ORIENTED_EDGE('',*,*,#1763,.F.);
#2302=ORIENTED_EDGE('',*,*,#1762,.T.);
#2303=ORIENTED_EDGE('',*,*,#1764,.F.);
#2304=ORIENTED_EDGE('',*,*,#1765,.F.);
#2305=ORIENTED_EDGE('',*,*,#1766,.F.);
#2306=ORIENTED_EDGE('',*,*,#1765,.T.);
#2307=ORIENTED_EDGE('',*,*,#1767,.F.);
#2308=ORIENTED_EDGE('',*,*,#1768,.F.);
#2309=ORIENTED_EDGE('',*,*,#1769,.F.);
#2310=ORIENTED_EDGE('',*,*,#1768,.T.);
#2311=ORIENTED_EDGE('',*,*,#1770,.F.);
#2312=ORIENTED_EDGE('',*,*,#1771,.F.);
#2313=ORIENTED_EDGE('',*,*,#1772,.T.);
#2314=ORIENTED_EDGE('',*,*,#1771,.T.);
#2315=ORIENTED_EDGE('',*,*,#1773,.F.);
#2316=ORIENTED_EDGE('',*,*,#1774,.F.);
#2317=ORIENTED_EDGE('',*,*,#1775,.F.);
#2318=ORIENTED_EDGE('',*,*,#1774,.T.);
#2319=ORIENTED_EDGE('',*,*,#1776,.F.);
#2320=ORIENTED_EDGE('',*,*,#1514,.F.);
#2321=ORIENTED_EDGE('',*,*,#1776,.T.);
#2322=ORIENTED_EDGE('',*,*,#1773,.T.);
#2323=ORIENTED_EDGE('',*,*,#1770,.T.);
#2324=ORIENTED_EDGE('',*,*,#1767,.T.);
#2325=ORIENTED_EDGE('',*,*,#1764,.T.);
#2326=ORIENTED_EDGE('',*,*,#1761,.T.);
#2327=ORIENTED_EDGE('',*,*,#1758,.T.);
#2328=ORIENTED_EDGE('',*,*,#1755,.T.);
#2329=ORIENTED_EDGE('',*,*,#1752,.T.);
#2330=ORIENTED_EDGE('',*,*,#1749,.T.);
#2331=ORIENTED_EDGE('',*,*,#1746,.T.);
#2332=ORIENTED_EDGE('',*,*,#1743,.T.);
#2333=ORIENTED_EDGE('',*,*,#1740,.T.);
#2334=ORIENTED_EDGE('',*,*,#1737,.T.);
#2335=ORIENTED_EDGE('',*,*,#1734,.T.);
#2336=ORIENTED_EDGE('',*,*,#1731,.T.);
#2337=ORIENTED_EDGE('',*,*,#1728,.T.);
#2338=ORIENTED_EDGE('',*,*,#1725,.T.);
#2339=ORIENTED_EDGE('',*,*,#1722,.T.);
#2340=ORIENTED_EDGE('',*,*,#1719,.T.);
#2341=ORIENTED_EDGE('',*,*,#1716,.T.);
#2342=ORIENTED_EDGE('',*,*,#1713,.T.);
#2343=ORIENTED_EDGE('',*,*,#1710,.T.);
#2344=ORIENTED_EDGE('',*,*,#1707,.T.);
#2345=ORIENTED_EDGE('',*,*,#1704,.T.);
#2346=ORIENTED_EDGE('',*,*,#1701,.T.);
#2347=ORIENTED_EDGE('',*,*,#1698,.T.);
#2348=ORIENTED_EDGE('',*,*,#1695,.T.);
#2349=ORIENTED_EDGE('',*,*,#1692,.T.);
#2350=ORIENTED_EDGE('',*,*,#1689,.T.);
#2351=ORIENTED_EDGE('',*,*,#1686,.T.);
#2352=ORIENTED_EDGE('',*,*,#1683,.T.);
#2353=ORIENTED_EDGE('',*,*,#1680,.T.);
#2354=ORIENTED_EDGE('',*,*,#1677,.T.);
#2355=ORIENTED_EDGE('',*,*,#1674,.T.);
#2356=ORIENTED_EDGE('',*,*,#1671,.T.);
#2357=ORIENTED_EDGE('',*,*,#1668,.T.);
#2358=ORIENTED_EDGE('',*,*,#1665,.T.);
#2359=ORIENTED_EDGE('',*,*,#1662,.T.);
#2360=ORIENTED_EDGE('',*,*,#1659,.T.);
#2361=ORIENTED_EDGE('',*,*,#1656,.T.);
#2362=ORIENTED_EDGE('',*,*,#1653,.T.);
#2363=ORIENTED_EDGE('',*,*,#1650,.T.);
#2364=ORIENTED_EDGE('',*,*,#1647,.T.);
#2365=ORIENTED_EDGE('',*,*,#1644,.T.);
#2366=ORIENTED_EDGE('',*,*,#1641,.T.);
#2367=ORIENTED_EDGE('',*,*,#1638,.T.);
#2368=ORIENTED_EDGE('',*,*,#1635,.T.);
#2369=ORIENTED_EDGE('',*,*,#1632,.T.);
#2370=ORIENTED_EDGE('',*,*,#1629,.T.);
#2371=ORIENTED_EDGE('',*,*,#1626,.T.);
#2372=ORIENTED_EDGE('',*,*,#1623,.T.);
#2373=ORIENTED_EDGE('',*,*,#1620,.T.);
#2374=ORIENTED_EDGE('',*,*,#1617,.T.);
#2375=ORIENTED_EDGE('',*,*,#1614,.T.);
#2376=ORIENTED_EDGE('',*,*,#1611,.T.);
#2377=ORIENTED_EDGE('',*,*,#1608,.T.);
#2378=ORIENTED_EDGE('',*,*,#1605,.T.);
#2379=ORIENTED_EDGE('',*,*,#1602,.T.);
#2380=ORIENTED_EDGE('',*,*,#1599,.T.);
#2381=ORIENTED_EDGE('',*,*,#1596,.T.);
#2382=ORIENTED_EDGE('',*,*,#1593,.T.);
#2383=ORIENTED_EDGE('',*,*,#1590,.T.);
#2384=ORIENTED_EDGE('',*,*,#1587,.T.);
#2385=ORIENTED_EDGE('',*,*,#1584,.T.);
#2386=ORIENTED_EDGE('',*,*,#1581,.T.);
#2387=ORIENTED_EDGE('',*,*,#1578,.T.);
#2388=ORIENTED_EDGE('',*,*,#1575,.T.);
#2389=ORIENTED_EDGE('',*,*,#1572,.T.);
#2390=ORIENTED_EDGE('',*,*,#1569,.T.);
#2391=ORIENTED_EDGE('',*,*,#1566,.T.);
#2392=ORIENTED_EDGE('',*,*,#1563,.T.);
#2393=ORIENTED_EDGE('',*,*,#1560,.T.);
#2394=ORIENTED_EDGE('',*,*,#1557,.T.);
#2395=ORIENTED_EDGE('',*,*,#1554,.T.);
#2396=ORIENTED_EDGE('',*,*,#1551,.T.);
#2397=ORIENTED_EDGE('',*,*,#1548,.T.);
#2398=ORIENTED_EDGE('',*,*,#1545,.T.);
#2399=ORIENTED_EDGE('',*,*,#1542,.T.);
#2400=ORIENTED_EDGE('',*,*,#1539,.T.);
#2401=ORIENTED_EDGE('',*,*,#1536,.T.);
#2402=ORIENTED_EDGE('',*,*,#1533,.T.);
#2403=ORIENTED_EDGE('',*,*,#1530,.T.);
#2404=ORIENTED_EDGE('',*,*,#1527,.T.);
#2405=ORIENTED_EDGE('',*,*,#1524,.T.);
#2406=ORIENTED_EDGE('',*,*,#1521,.T.);
#2407=ORIENTED_EDGE('',*,*,#1518,.T.);
#2408=ORIENTED_EDGE('',*,*,#1515,.T.);
#2409=ORIENTED_EDGE('',*,*,#1512,.T.);
#2410=ORIENTED_EDGE('',*,*,#1509,.T.);
#2411=ORIENTED_EDGE('',*,*,#1506,.T.);
#2412=ORIENTED_EDGE('',*,*,#1503,.T.);
#2413=ORIENTED_EDGE('',*,*,#1500,.T.);
#2414=ORIENTED_EDGE('',*,*,#1497,.T.);
#2415=ORIENTED_EDGE('',*,*,#1494,.T.);
#2416=ORIENTED_EDGE('',*,*,#1491,.T.);
#2417=ORIENTED_EDGE('',*,*,#1488,.T.);
#2418=ORIENTED_EDGE('',*,*,#1485,.T.);
#2419=ORIENTED_EDGE('',*,*,#1482,.T.);
#2420=ORIENTED_EDGE('',*,*,#1479,.T.);
#2421=ORIENTED_EDGE('',*,*,#1476,.T.);
#2422=ORIENTED_EDGE('',*,*,#1473,.T.);
#2423=ORIENTED_EDGE('',*,*,#1470,.T.);
#2424=ORIENTED_EDGE('',*,*,#1467,.T.);
#2425=ORIENTED_EDGE('',*,*,#1464,.T.);
#2426=ORIENTED_EDGE('',*,*,#1461,.T.);
#2427=ORIENTED_EDGE('',*,*,#1458,.T.);
#2428=ORIENTED_EDGE('',*,*,#1455,.T.);
#2429=ORIENTED_EDGE('',*,*,#1452,.T.);
#2430=ORIENTED_EDGE('',*,*,#1449,.T.);
#2431=ORIENTED_EDGE('',*,*,#1446,.T.);
#2432=ORIENTED_EDGE('',*,*,#1443,.T.);
#2433=ORIENTED_EDGE('',*,*,#1440,.T.);
#2434=ORIENTED_EDGE('',*,*,#1437,.T.);
#2435=ORIENTED_EDGE('',*,*,#1434,.T.);
#2436=ORIENTED_EDGE('',*,*,#1431,.T.);
#2437=ORIENTED_EDGE('',*,*,#1428,.T.);
#2438=ORIENTED_EDGE('',*,*,#1425,.T.);
#2439=ORIENTED_EDGE('',*,*,#1422,.T.);
#2440=ORIENTED_EDGE('',*,*,#1419,.T.);
#2441=ORIENTED_EDGE('',*,*,#1416,.T.);
#2442=ORIENTED_EDGE('',*,*,#1413,.T.);
#2443=ORIENTED_EDGE('',*,*,#1410,.T.);
#2444=ORIENTED_EDGE('',*,*,#1407,.T.);
#2445=ORIENTED_EDGE('',*,*,#1404,.T.);
#2446=ORIENTED_EDGE('',*,*,#1401,.T.);
#2447=ORIENTED_EDGE('',*,*,#1398,.T.);
#2448=ORIENTED_EDGE('',*,*,#1395,.T.);
#2449=ORIENTED_EDGE('',*,*,#1392,.T.);
#2450=ORIENTED_EDGE('',*,*,#1389,.T.);
#2451=ORIENTED_EDGE('',*,*,#1386,.T.);
#2452=ORIENTED_EDGE('',*,*,#1383,.T.);
#2453=ORIENTED_EDGE('',*,*,#1380,.T.);
#2454=ORIENTED_EDGE('',*,*,#1377,.T.);
#2455=ORIENTED_EDGE('',*,*,#1374,.T.);
#2456=ORIENTED_EDGE('',*,*,#1371,.T.);
#2457=ORIENTED_EDGE('',*,*,#1775,.T.);
#2458=ORIENTED_EDGE('',*,*,#1513,.T.);
#2459=ORIENTED_EDGE('',*,*,#1517,.T.);
#2460=ORIENTED_EDGE('',*,*,#1520,.T.);
#2461=ORIENTED_EDGE('',*,*,#1523,.F.);
#2462=ORIENTED_EDGE('',*,*,#1526,.T.);
#2463=ORIENTED_EDGE('',*,*,#1529,.T.);
#2464=ORIENTED_EDGE('',*,*,#1532,.T.);
#2465=ORIENTED_EDGE('',*,*,#1535,.T.);
#2466=ORIENTED_EDGE('',*,*,#1538,.F.);
#2467=ORIENTED_EDGE('',*,*,#1541,.F.);
#2468=ORIENTED_EDGE('',*,*,#1544,.T.);
#2469=ORIENTED_EDGE('',*,*,#1547,.T.);
#2470=ORIENTED_EDGE('',*,*,#1550,.T.);
#2471=ORIENTED_EDGE('',*,*,#1553,.T.);
#2472=ORIENTED_EDGE('',*,*,#1556,.T.);
#2473=ORIENTED_EDGE('',*,*,#1559,.T.);
#2474=ORIENTED_EDGE('',*,*,#1562,.T.);
#2475=ORIENTED_EDGE('',*,*,#1565,.T.);
#2476=ORIENTED_EDGE('',*,*,#1568,.T.);
#2477=ORIENTED_EDGE('',*,*,#1571,.T.);
#2478=ORIENTED_EDGE('',*,*,#1574,.F.);
#2479=ORIENTED_EDGE('',*,*,#1577,.T.);
#2480=ORIENTED_EDGE('',*,*,#1580,.T.);
#2481=ORIENTED_EDGE('',*,*,#1583,.T.);
#2482=ORIENTED_EDGE('',*,*,#1586,.T.);
#2483=ORIENTED_EDGE('',*,*,#1589,.F.);
#2484=ORIENTED_EDGE('',*,*,#1592,.T.);
#2485=ORIENTED_EDGE('',*,*,#1595,.T.);
#2486=ORIENTED_EDGE('',*,*,#1598,.T.);
#2487=ORIENTED_EDGE('',*,*,#1601,.T.);
#2488=ORIENTED_EDGE('',*,*,#1604,.F.);
#2489=ORIENTED_EDGE('',*,*,#1607,.F.);
#2490=ORIENTED_EDGE('',*,*,#1610,.T.);
#2491=ORIENTED_EDGE('',*,*,#1613,.T.);
#2492=ORIENTED_EDGE('',*,*,#1616,.T.);
#2493=ORIENTED_EDGE('',*,*,#1619,.T.);
#2494=ORIENTED_EDGE('',*,*,#1622,.T.);
#2495=ORIENTED_EDGE('',*,*,#1625,.T.);
#2496=ORIENTED_EDGE('',*,*,#1628,.T.);
#2497=ORIENTED_EDGE('',*,*,#1631,.T.);
#2498=ORIENTED_EDGE('',*,*,#1634,.T.);
#2499=ORIENTED_EDGE('',*,*,#1637,.T.);
#2500=ORIENTED_EDGE('',*,*,#1640,.T.);
#2501=ORIENTED_EDGE('',*,*,#1643,.T.);
#2502=ORIENTED_EDGE('',*,*,#1646,.T.);
#2503=ORIENTED_EDGE('',*,*,#1649,.T.);
#2504=ORIENTED_EDGE('',*,*,#1652,.T.);
#2505=ORIENTED_EDGE('',*,*,#1655,.F.);
#2506=ORIENTED_EDGE('',*,*,#1658,.T.);
#2507=ORIENTED_EDGE('',*,*,#1661,.T.);
#2508=ORIENTED_EDGE('',*,*,#1664,.T.);
#2509=ORIENTED_EDGE('',*,*,#1667,.T.);
#2510=ORIENTED_EDGE('',*,*,#1670,.F.);
#2511=ORIENTED_EDGE('',*,*,#1673,.F.);
#2512=ORIENTED_EDGE('',*,*,#1676,.T.);
#2513=ORIENTED_EDGE('',*,*,#1679,.T.);
#2514=ORIENTED_EDGE('',*,*,#1682,.T.);
#2515=ORIENTED_EDGE('',*,*,#1685,.T.);
#2516=ORIENTED_EDGE('',*,*,#1688,.T.);
#2517=ORIENTED_EDGE('',*,*,#1691,.T.);
#2518=ORIENTED_EDGE('',*,*,#1694,.T.);
#2519=ORIENTED_EDGE('',*,*,#1697,.T.);
#2520=ORIENTED_EDGE('',*,*,#1700,.T.);
#2521=ORIENTED_EDGE('',*,*,#1703,.T.);
#2522=ORIENTED_EDGE('',*,*,#1706,.T.);
#2523=ORIENTED_EDGE('',*,*,#1709,.T.);
#2524=ORIENTED_EDGE('',*,*,#1712,.T.);
#2525=ORIENTED_EDGE('',*,*,#1715,.T.);
#2526=ORIENTED_EDGE('',*,*,#1718,.T.);
#2527=ORIENTED_EDGE('',*,*,#1721,.F.);
#2528=ORIENTED_EDGE('',*,*,#1724,.T.);
#2529=ORIENTED_EDGE('',*,*,#1727,.T.);
#2530=ORIENTED_EDGE('',*,*,#1730,.T.);
#2531=ORIENTED_EDGE('',*,*,#1733,.T.);
#2532=ORIENTED_EDGE('',*,*,#1736,.F.);
#2533=ORIENTED_EDGE('',*,*,#1739,.F.);
#2534=ORIENTED_EDGE('',*,*,#1742,.T.);
#2535=ORIENTED_EDGE('',*,*,#1745,.T.);
#2536=ORIENTED_EDGE('',*,*,#1748,.T.);
#2537=ORIENTED_EDGE('',*,*,#1751,.T.);
#2538=ORIENTED_EDGE('',*,*,#1754,.T.);
#2539=ORIENTED_EDGE('',*,*,#1757,.T.);
#2540=ORIENTED_EDGE('',*,*,#1760,.T.);
#2541=ORIENTED_EDGE('',*,*,#1763,.T.);
#2542=ORIENTED_EDGE('',*,*,#1766,.T.);
#2543=ORIENTED_EDGE('',*,*,#1769,.T.);
#2544=ORIENTED_EDGE('',*,*,#1772,.F.);
#2545=ORIENTED_EDGE('',*,*,#1511,.F.);
#2546=ORIENTED_EDGE('',*,*,#1369,.F.);
#2547=ORIENTED_EDGE('',*,*,#1373,.F.);
#2548=ORIENTED_EDGE('',*,*,#1376,.F.);
#2549=ORIENTED_EDGE('',*,*,#1379,.F.);
#2550=ORIENTED_EDGE('',*,*,#1382,.F.);
#2551=ORIENTED_EDGE('',*,*,#1385,.F.);
#2552=ORIENTED_EDGE('',*,*,#1388,.F.);
#2553=ORIENTED_EDGE('',*,*,#1391,.F.);
#2554=ORIENTED_EDGE('',*,*,#1394,.F.);
#2555=ORIENTED_EDGE('',*,*,#1397,.F.);
#2556=ORIENTED_EDGE('',*,*,#1400,.F.);
#2557=ORIENTED_EDGE('',*,*,#1403,.F.);
#2558=ORIENTED_EDGE('',*,*,#1406,.F.);
#2559=ORIENTED_EDGE('',*,*,#1409,.F.);
#2560=ORIENTED_EDGE('',*,*,#1412,.F.);
#2561=ORIENTED_EDGE('',*,*,#1415,.F.);
#2562=ORIENTED_EDGE('',*,*,#1418,.F.);
#2563=ORIENTED_EDGE('',*,*,#1421,.F.);
#2564=ORIENTED_EDGE('',*,*,#1424,.F.);
#2565=ORIENTED_EDGE('',*,*,#1427,.F.);
#2566=ORIENTED_EDGE('',*,*,#1430,.F.);
#2567=ORIENTED_EDGE('',*,*,#1433,.F.);
#2568=ORIENTED_EDGE('',*,*,#1436,.F.);
#2569=ORIENTED_EDGE('',*,*,#1439,.F.);
#2570=ORIENTED_EDGE('',*,*,#1442,.F.);
#2571=ORIENTED_EDGE('',*,*,#1445,.F.);
#2572=ORIENTED_EDGE('',*,*,#1448,.F.);
#2573=ORIENTED_EDGE('',*,*,#1451,.F.);
#2574=ORIENTED_EDGE('',*,*,#1454,.F.);
#2575=ORIENTED_EDGE('',*,*,#1457,.F.);
#2576=ORIENTED_EDGE('',*,*,#1460,.F.);
#2577=ORIENTED_EDGE('',*,*,#1463,.F.);
#2578=ORIENTED_EDGE('',*,*,#1466,.F.);
#2579=ORIENTED_EDGE('',*,*,#1469,.F.);
#2580=ORIENTED_EDGE('',*,*,#1472,.F.);
#2581=ORIENTED_EDGE('',*,*,#1475,.F.);
#2582=ORIENTED_EDGE('',*,*,#1478,.F.);
#2583=ORIENTED_EDGE('',*,*,#1481,.F.);
#2584=ORIENTED_EDGE('',*,*,#1484,.F.);
#2585=ORIENTED_EDGE('',*,*,#1487,.F.);
#2586=ORIENTED_EDGE('',*,*,#1490,.F.);
#2587=ORIENTED_EDGE('',*,*,#1493,.F.);
#2588=ORIENTED_EDGE('',*,*,#1496,.F.);
#2589=ORIENTED_EDGE('',*,*,#1499,.F.);
#2590=ORIENTED_EDGE('',*,*,#1502,.F.);
#2591=ORIENTED_EDGE('',*,*,#1505,.F.);
#2592=ORIENTED_EDGE('',*,*,#1508,.F.);
#2593=PLANE('',#2860);
#2594=PLANE('',#2861);
#2595=PLANE('',#2862);
#2596=PLANE('',#2863);
#2597=PLANE('',#2864);
#2598=PLANE('',#2865);
#2599=PLANE('',#2881);
#2600=PLANE('',#2882);
#2601=PLANE('',#2883);
#2602=PLANE('',#2884);
#2603=PLANE('',#2885);
#2604=PLANE('',#2886);
#2605=PLANE('',#2887);
#2606=PLANE('',#2903);
#2607=PLANE('',#2904);
#2608=PLANE('',#2905);
#2609=PLANE('',#2906);
#2610=PLANE('',#2907);
#2611=PLANE('',#2908);
#2612=PLANE('',#2909);
#2613=PLANE('',#2925);
#2614=PLANE('',#2926);
#2615=PLANE('',#2927);
#2616=PLANE('',#2928);
#2617=PLANE('',#2929);
#2618=PLANE('',#2930);
#2619=PLANE('',#2931);
#2620=PLANE('',#2947);
#2621=PLANE('',#2948);
#2622=PLANE('',#2949);
#2623=PLANE('',#2950);
#2624=PLANE('',#2951);
#2625=PLANE('',#2952);
#2626=PLANE('',#2953);
#2627=PLANE('',#2954);
#2628=PLANE('',#2955);
#2629=PLANE('',#2956);
#2630=PLANE('',#2960);
#2631=PLANE('',#2961);
#2632=PLANE('',#2962);
#2633=PLANE('',#2963);
#2634=PLANE('',#2964);
#2635=PLANE('',#2965);
#2636=PLANE('',#2966);
#2637=PLANE('',#2967);
#2638=PLANE('',#2968);
#2639=PLANE('',#2969);
#2640=PLANE('',#2970);
#2641=PLANE('',#2971);
#2642=PLANE('',#2972);
#2643=PLANE('',#2973);
#2644=PLANE('',#2974);
#2645=PLANE('',#2975);
#2646=PLANE('',#2976);
#2647=PLANE('',#2977);
#2648=PLANE('',#2978);
#2649=PLANE('',#2979);
#2650=PLANE('',#2980);
#2651=PLANE('',#2984);
#2652=PLANE('',#2985);
#2653=PLANE('',#2986);
#2654=PLANE('',#2987);
#2655=PLANE('',#2988);
#2656=PLANE('',#2989);
#2657=PLANE('',#2990);
#2658=PLANE('',#2991);
#2659=PLANE('',#2992);
#2660=PLANE('',#2993);
#2661=PLANE('',#2994);
#2662=PLANE('',#2995);
#2663=PLANE('',#2996);
#2664=PLANE('',#2997);
#2665=PLANE('',#2998);
#2666=PLANE('',#2999);
#2667=PLANE('',#3000);
#2668=PLANE('',#3001);
#2669=PLANE('',#3002);
#2670=PLANE('',#3003);
#2671=PLANE('',#3004);
#2672=PLANE('',#3008);
#2673=PLANE('',#3009);
#2674=PLANE('',#3010);
#2675=PLANE('',#3011);
#2676=PLANE('',#3012);
#2677=PLANE('',#3013);
#2678=PLANE('',#3014);
#2679=PLANE('',#3015);
#2680=PLANE('',#3016);
#2681=PLANE('',#3017);
#2682=PLANE('',#3018);
#2683=PLANE('',#3019);
#2684=PLANE('',#3020);
#2685=PLANE('',#3021);
#2686=PLANE('',#3022);
#2687=PLANE('',#3023);
#2688=PLANE('',#3024);
#2689=PLANE('',#3025);
#2690=PLANE('',#3026);
#2691=PLANE('',#3027);
#2692=PLANE('',#3028);
#2693=PLANE('',#3032);
#2694=PLANE('',#3033);
#2695=PLANE('',#3034);
#2696=PLANE('',#3035);
#2697=PLANE('',#3036);
#2698=PLANE('',#3037);
#2699=PLANE('',#3038);
#2700=PLANE('',#3039);
#2701=PLANE('',#3040);
#2702=PLANE('',#3041);
#2703=PLANE('',#3042);
#2704=PLANE('',#3043);
#2705=PLANE('',#3044);
#2706=PLANE('',#3045);
#2707=ADVANCED_FACE('',(#99),#2593,.T.);
#2708=ADVANCED_FACE('',(#100),#2594,.T.);
#2709=ADVANCED_FACE('',(#101),#2595,.T.);
#2710=ADVANCED_FACE('',(#102),#2596,.T.);
#2711=ADVANCED_FACE('',(#103),#2597,.T.);
#2712=ADVANCED_FACE('',(#104),#2598,.T.);
#2713=ADVANCED_FACE('',(#105),#75,.T.);
#2714=ADVANCED_FACE('',(#106),#76,.T.);
#2715=ADVANCED_FACE('',(#107),#77,.F.);
#2716=ADVANCED_FACE('',(#108),#78,.T.);
#2717=ADVANCED_FACE('',(#109),#79,.T.);
#2718=ADVANCED_FACE('',(#110),#2599,.T.);
#2719=ADVANCED_FACE('',(#111),#2600,.T.);
#2720=ADVANCED_FACE('',(#112),#2601,.T.);
#2721=ADVANCED_FACE('',(#113),#2602,.T.);
#2722=ADVANCED_FACE('',(#114),#2603,.T.);
#2723=ADVANCED_FACE('',(#115),#2604,.T.);
#2724=ADVANCED_FACE('',(#116),#2605,.T.);
#2725=ADVANCED_FACE('',(#117),#80,.T.);
#2726=ADVANCED_FACE('',(#118),#81,.T.);
#2727=ADVANCED_FACE('',(#119),#82,.F.);
#2728=ADVANCED_FACE('',(#120),#83,.T.);
#2729=ADVANCED_FACE('',(#121),#84,.T.);
#2730=ADVANCED_FACE('',(#122),#2606,.T.);
#2731=ADVANCED_FACE('',(#123),#2607,.T.);
#2732=ADVANCED_FACE('',(#124),#2608,.T.);
#2733=ADVANCED_FACE('',(#125),#2609,.T.);
#2734=ADVANCED_FACE('',(#126),#2610,.T.);
#2735=ADVANCED_FACE('',(#127),#2611,.T.);
#2736=ADVANCED_FACE('',(#128),#2612,.T.);
#2737=ADVANCED_FACE('',(#129),#85,.T.);
#2738=ADVANCED_FACE('',(#130),#86,.T.);
#2739=ADVANCED_FACE('',(#131),#87,.F.);
#2740=ADVANCED_FACE('',(#132),#88,.T.);
#2741=ADVANCED_FACE('',(#133),#89,.T.);
#2742=ADVANCED_FACE('',(#134),#2613,.T.);
#2743=ADVANCED_FACE('',(#135),#2614,.T.);
#2744=ADVANCED_FACE('',(#136),#2615,.T.);
#2745=ADVANCED_FACE('',(#137),#2616,.T.);
#2746=ADVANCED_FACE('',(#138),#2617,.T.);
#2747=ADVANCED_FACE('',(#139),#2618,.T.);
#2748=ADVANCED_FACE('',(#140),#2619,.T.);
#2749=ADVANCED_FACE('',(#141),#90,.T.);
#2750=ADVANCED_FACE('',(#142),#91,.T.);
#2751=ADVANCED_FACE('',(#143),#92,.F.);
#2752=ADVANCED_FACE('',(#144),#93,.T.);
#2753=ADVANCED_FACE('',(#145),#94,.T.);
#2754=ADVANCED_FACE('',(#146),#2620,.T.);
#2755=ADVANCED_FACE('',(#147),#2621,.T.);
#2756=ADVANCED_FACE('',(#148),#2622,.T.);
#2757=ADVANCED_FACE('',(#149),#2623,.T.);
#2758=ADVANCED_FACE('',(#150),#2624,.T.);
#2759=ADVANCED_FACE('',(#151),#2625,.T.);
#2760=ADVANCED_FACE('',(#152),#2626,.T.);
#2761=ADVANCED_FACE('',(#153),#2627,.T.);
#2762=ADVANCED_FACE('',(#154),#2628,.T.);
#2763=ADVANCED_FACE('',(#155),#2629,.T.);
#2764=ADVANCED_FACE('',(#156),#95,.T.);
#2765=ADVANCED_FACE('',(#157),#2630,.T.);
#2766=ADVANCED_FACE('',(#158),#2631,.T.);
#2767=ADVANCED_FACE('',(#159),#2632,.T.);
#2768=ADVANCED_FACE('',(#160),#2633,.T.);
#2769=ADVANCED_FACE('',(#161),#2634,.T.);
#2770=ADVANCED_FACE('',(#162),#2635,.T.);
#2771=ADVANCED_FACE('',(#163),#2636,.T.);
#2772=ADVANCED_FACE('',(#164),#2637,.T.);
#2773=ADVANCED_FACE('',(#165),#2638,.T.);
#2774=ADVANCED_FACE('',(#166),#2639,.T.);
#2775=ADVANCED_FACE('',(#167),#2640,.T.);
#2776=ADVANCED_FACE('',(#168),#2641,.T.);
#2777=ADVANCED_FACE('',(#169),#2642,.T.);
#2778=ADVANCED_FACE('',(#170),#2643,.T.);
#2779=ADVANCED_FACE('',(#171),#2644,.T.);
#2780=ADVANCED_FACE('',(#172),#2645,.T.);
#2781=ADVANCED_FACE('',(#173),#2646,.T.);
#2782=ADVANCED_FACE('',(#174),#2647,.T.);
#2783=ADVANCED_FACE('',(#175),#2648,.T.);
#2784=ADVANCED_FACE('',(#176),#2649,.T.);
#2785=ADVANCED_FACE('',(#177),#2650,.T.);
#2786=ADVANCED_FACE('',(#178),#96,.T.);
#2787=ADVANCED_FACE('',(#179),#2651,.T.);
#2788=ADVANCED_FACE('',(#180),#2652,.T.);
#2789=ADVANCED_FACE('',(#181),#2653,.T.);
#2790=ADVANCED_FACE('',(#182),#2654,.T.);
#2791=ADVANCED_FACE('',(#183),#2655,.T.);
#2792=ADVANCED_FACE('',(#184),#2656,.T.);
#2793=ADVANCED_FACE('',(#185),#2657,.T.);
#2794=ADVANCED_FACE('',(#186),#2658,.T.);
#2795=ADVANCED_FACE('',(#187),#2659,.T.);
#2796=ADVANCED_FACE('',(#188),#2660,.T.);
#2797=ADVANCED_FACE('',(#189),#2661,.T.);
#2798=ADVANCED_FACE('',(#190),#2662,.T.);
#2799=ADVANCED_FACE('',(#191),#2663,.T.);
#2800=ADVANCED_FACE('',(#192),#2664,.T.);
#2801=ADVANCED_FACE('',(#193),#2665,.T.);
#2802=ADVANCED_FACE('',(#194),#2666,.T.);
#2803=ADVANCED_FACE('',(#195),#2667,.T.);
#2804=ADVANCED_FACE('',(#196),#2668,.T.);
#2805=ADVANCED_FACE('',(#197),#2669,.T.);
#2806=ADVANCED_FACE('',(#198),#2670,.T.);
#2807=ADVANCED_FACE('',(#199),#2671,.T.);
#2808=ADVANCED_FACE('',(#200),#97,.T.);
#2809=ADVANCED_FACE('',(#201),#2672,.T.);
#2810=ADVANCED_FACE('',(#202),#2673,.T.);
#2811=ADVANCED_FACE('',(#203),#2674,.T.);
#2812=ADVANCED_FACE('',(#204),#2675,.T.);
#2813=ADVANCED_FACE('',(#205),#2676,.T.);
#2814=ADVANCED_FACE('',(#206),#2677,.T.);
#2815=ADVANCED_FACE('',(#207),#2678,.T.);
#2816=ADVANCED_FACE('',(#208),#2679,.T.);
#2817=ADVANCED_FACE('',(#209),#2680,.T.);
#2818=ADVANCED_FACE('',(#210),#2681,.T.);
#2819=ADVANCED_FACE('',(#211),#2682,.T.);
#2820=ADVANCED_FACE('',(#212),#2683,.T.);
#2821=ADVANCED_FACE('',(#213),#2684,.T.);
#2822=ADVANCED_FACE('',(#214),#2685,.T.);
#2823=ADVANCED_FACE('',(#215),#2686,.T.);
#2824=ADVANCED_FACE('',(#216),#2687,.T.);
#2825=ADVANCED_FACE('',(#217),#2688,.T.);
#2826=ADVANCED_FACE('',(#218),#2689,.T.);
#2827=ADVANCED_FACE('',(#219),#2690,.T.);
#2828=ADVANCED_FACE('',(#220),#2691,.T.);
#2829=ADVANCED_FACE('',(#221),#2692,.T.);
#2830=ADVANCED_FACE('',(#222),#98,.T.);
#2831=ADVANCED_FACE('',(#223),#2693,.T.);
#2832=ADVANCED_FACE('',(#224),#2694,.T.);
#2833=ADVANCED_FACE('',(#225),#2695,.T.);
#2834=ADVANCED_FACE('',(#226),#2696,.T.);
#2835=ADVANCED_FACE('',(#227),#2697,.T.);
#2836=ADVANCED_FACE('',(#228),#2698,.T.);
#2837=ADVANCED_FACE('',(#229),#2699,.T.);
#2838=ADVANCED_FACE('',(#230),#2700,.T.);
#2839=ADVANCED_FACE('',(#231),#2701,.T.);
#2840=ADVANCED_FACE('',(#232),#2702,.T.);
#2841=ADVANCED_FACE('',(#233),#2703,.T.);
#2842=ADVANCED_FACE('',(#234),#2704,.T.);
#2843=ADVANCED_FACE('',(#235,#22),#2705,.T.);
#2844=ADVANCED_FACE('',(#236,#23),#2706,.F.);
#2845=CLOSED_SHELL('',(#2707,#2708,#2709,#2710,#2711,#2712,#2713,#2714,
#2715,#2716,#2717,#2718,#2719,#2720,#2721,#2722,#2723,#2724,#2725,#2726,
#2727,#2728,#2729,#2730,#2731,#2732,#2733,#2734,#2735,#2736,#2737,#2738,
#2739,#2740,#2741,#2742,#2743,#2744,#2745,#2746,#2747,#2748,#2749,#2750,
#2751,#2752,#2753,#2754,#2755,#2756,#2757,#2758,#2759,#2760,#2761,#2762,
#2763,#2764,#2765,#2766,#2767,#2768,#2769,#2770,#2771,#2772,#2773,#2774,
#2775,#2776,#2777,#2778,#2779,#2780,#2781,#2782,#2783,#2784,#2785,#2786,
#2787,#2788,#2789,#2790,#2791,#2792,#2793,#2794,#2795,#2796,#2797,#2798,
#2799,#2800,#2801,#2802,#2803,#2804,#2805,#2806,#2807,#2808,#2809,#2810,
#2811,#2812,#2813,#2814,#2815,#2816,#2817,#2818,#2819,#2820,#2821,#2822,
#2823,#2824,#2825,#2826,#2827,#2828,#2829,#2830,#2831,#2832,#2833,#2834,
#2835,#2836,#2837,#2838,#2839,#2840,#2841,#2842,#2843,#2844));
#2846=DERIVED_UNIT_ELEMENT(#2848,1.);
#2847=DERIVED_UNIT_ELEMENT(#4617,-3.);
#2848=(
MASS_UNIT()
NAMED_UNIT(*)
SI_UNIT(.KILO.,.GRAM.)
);
#2849=DERIVED_UNIT((#2846,#2847));
#2850=MEASURE_REPRESENTATION_ITEM('density measure',
POSITIVE_RATIO_MEASURE(7850.),#2849);
#2851=PROPERTY_DEFINITION_REPRESENTATION(#2856,#2853);
#2852=PROPERTY_DEFINITION_REPRESENTATION(#2857,#2854);
#2853=REPRESENTATION('material name',(#2855),#4614);
#2854=REPRESENTATION('density',(#2850),#4614);
#2855=DESCRIPTIVE_REPRESENTATION_ITEM('Steel','Steel');
#2856=PROPERTY_DEFINITION('material property','material name',#4630);
#2857=PROPERTY_DEFINITION('material property','density of part',#4630);
#2858=AXIS2_PLACEMENT_3D('',#3788,#3048,#3049);
#2859=AXIS2_PLACEMENT_3D('',#3789,#3050,#3051);
#2860=AXIS2_PLACEMENT_3D('',#3790,#3052,#3053);
#2861=AXIS2_PLACEMENT_3D('',#3799,#3058,#3059);
#2862=AXIS2_PLACEMENT_3D('',#3805,#3063,#3064);
#2863=AXIS2_PLACEMENT_3D('',#3811,#3068,#3069);
#2864=AXIS2_PLACEMENT_3D('',#3817,#3073,#3074);
#2865=AXIS2_PLACEMENT_3D('',#3823,#3078,#3079);
#2866=AXIS2_PLACEMENT_3D('',#3829,#3083,#3084);
#2867=AXIS2_PLACEMENT_3D('',#3831,#3085,#3086);
#2868=AXIS2_PLACEMENT_3D('',#3833,#3087,#3088);
#2869=AXIS2_PLACEMENT_3D('',#3835,#3090,#3091);
#2870=AXIS2_PLACEMENT_3D('',#3837,#3092,#3093);
#2871=AXIS2_PLACEMENT_3D('',#3839,#3094,#3095);
#2872=AXIS2_PLACEMENT_3D('',#3841,#3097,#3098);
#2873=AXIS2_PLACEMENT_3D('',#3843,#3099,#3100);
#2874=AXIS2_PLACEMENT_3D('',#3845,#3101,#3102);
#2875=AXIS2_PLACEMENT_3D('',#3847,#3104,#3105);
#2876=AXIS2_PLACEMENT_3D('',#3849,#3106,#3107);
#2877=AXIS2_PLACEMENT_3D('',#3851,#3108,#3109);
#2878=AXIS2_PLACEMENT_3D('',#3853,#3111,#3112);
#2879=AXIS2_PLACEMENT_3D('',#3855,#3113,#3114);
#2880=AXIS2_PLACEMENT_3D('',#3857,#3115,#3116);
#2881=AXIS2_PLACEMENT_3D('',#3859,#3118,#3119);
#2882=AXIS2_PLACEMENT_3D('',#3865,#3123,#3124);
#2883=AXIS2_PLACEMENT_3D('',#3871,#3128,#3129);
#2884=AXIS2_PLACEMENT_3D('',#3877,#3133,#3134);
#2885=AXIS2_PLACEMENT_3D('',#3883,#3138,#3139);
#2886=AXIS2_PLACEMENT_3D('',#3889,#3143,#3144);
#2887=AXIS2_PLACEMENT_3D('',#3895,#3148,#3149);
#2888=AXIS2_PLACEMENT_3D('',#3901,#3153,#3154);
#2889=AXIS2_PLACEMENT_3D('',#3903,#3155,#3156);
#2890=AXIS2_PLACEMENT_3D('',#3905,#3157,#3158);
#2891=AXIS2_PLACEMENT_3D('',#3907,#3160,#3161);
#2892=AXIS2_PLACEMENT_3D('',#3909,#3162,#3163);
#2893=AXIS2_PLACEMENT_3D('',#3911,#3164,#3165);
#2894=AXIS2_PLACEMENT_3D('',#3913,#3167,#3168);
#2895=AXIS2_PLACEMENT_3D('',#3915,#3169,#3170);
#2896=AXIS2_PLACEMENT_3D('',#3917,#3171,#3172);
#2897=AXIS2_PLACEMENT_3D('',#3919,#3174,#3175);
#2898=AXIS2_PLACEMENT_3D('',#3921,#3176,#3177);
#2899=AXIS2_PLACEMENT_3D('',#3923,#3178,#3179);
#2900=AXIS2_PLACEMENT_3D('',#3925,#3181,#3182);
#2901=AXIS2_PLACEMENT_3D('',#3927,#3183,#3184);
#2902=AXIS2_PLACEMENT_3D('',#3929,#3185,#3186);
#2903=AXIS2_PLACEMENT_3D('',#3931,#3188,#3189);
#2904=AXIS2_PLACEMENT_3D('',#3937,#3193,#3194);
#2905=AXIS2_PLACEMENT_3D('',#3943,#3198,#3199);
#2906=AXIS2_PLACEMENT_3D('',#3949,#3203,#3204);
#2907=AXIS2_PLACEMENT_3D('',#3955,#3208,#3209);
#2908=AXIS2_PLACEMENT_3D('',#3961,#3213,#3214);
#2909=AXIS2_PLACEMENT_3D('',#3967,#3218,#3219);
#2910=AXIS2_PLACEMENT_3D('',#3973,#3223,#3224);
#2911=AXIS2_PLACEMENT_3D('',#3975,#3225,#3226);
#2912=AXIS2_PLACEMENT_3D('',#3977,#3227,#3228);
#2913=AXIS2_PLACEMENT_3D('',#3979,#3230,#3231);
#2914=AXIS2_PLACEMENT_3D('',#3981,#3232,#3233);
#2915=AXIS2_PLACEMENT_3D('',#3983,#3234,#3235);
#2916=AXIS2_PLACEMENT_3D('',#3985,#3237,#3238);
#2917=AXIS2_PLACEMENT_3D('',#3987,#3239,#3240);
#2918=AXIS2_PLACEMENT_3D('',#3989,#3241,#3242);
#2919=AXIS2_PLACEMENT_3D('',#3991,#3244,#3245);
#2920=AXIS2_PLACEMENT_3D('',#3993,#3246,#3247);
#2921=AXIS2_PLACEMENT_3D('',#3995,#3248,#3249);
#2922=AXIS2_PLACEMENT_3D('',#3997,#3251,#3252);
#2923=AXIS2_PLACEMENT_3D('',#3999,#3253,#3254);
#2924=AXIS2_PLACEMENT_3D('',#4001,#3255,#3256);
#2925=AXIS2_PLACEMENT_3D('',#4003,#3258,#3259);
#2926=AXIS2_PLACEMENT_3D('',#4009,#3263,#3264);
#2927=AXIS2_PLACEMENT_3D('',#4015,#3268,#3269);
#2928=AXIS2_PLACEMENT_3D('',#4021,#3273,#3274);
#2929=AXIS2_PLACEMENT_3D('',#4027,#3278,#3279);
#2930=AXIS2_PLACEMENT_3D('',#4033,#3283,#3284);
#2931=AXIS2_PLACEMENT_3D('',#4039,#3288,#3289);
#2932=AXIS2_PLACEMENT_3D('',#4045,#3293,#3294);
#2933=AXIS2_PLACEMENT_3D('',#4047,#3295,#3296);
#2934=AXIS2_PLACEMENT_3D('',#4049,#3297,#3298);
#2935=AXIS2_PLACEMENT_3D('',#4051,#3300,#3301);
#2936=AXIS2_PLACEMENT_3D('',#4053,#3302,#3303);
#2937=AXIS2_PLACEMENT_3D('',#4055,#3304,#3305);
#2938=AXIS2_PLACEMENT_3D('',#4057,#3307,#3308);
#2939=AXIS2_PLACEMENT_3D('',#4059,#3309,#3310);
#2940=AXIS2_PLACEMENT_3D('',#4061,#3311,#3312);
#2941=AXIS2_PLACEMENT_3D('',#4063,#3314,#3315);
#2942=AXIS2_PLACEMENT_3D('',#4065,#3316,#3317);
#2943=AXIS2_PLACEMENT_3D('',#4067,#3318,#3319);
#2944=AXIS2_PLACEMENT_3D('',#4069,#3321,#3322);
#2945=AXIS2_PLACEMENT_3D('',#4071,#3323,#3324);
#2946=AXIS2_PLACEMENT_3D('',#4073,#3325,#3326);
#2947=AXIS2_PLACEMENT_3D('',#4075,#3328,#3329);
#2948=AXIS2_PLACEMENT_3D('',#4078,#3332,#3333);
#2949=AXIS2_PLACEMENT_3D('',#4087,#3338,#3339);
#2950=AXIS2_PLACEMENT_3D('',#4093,#3343,#3344);
#2951=AXIS2_PLACEMENT_3D('',#4099,#3348,#3349);
#2952=AXIS2_PLACEMENT_3D('',#4105,#3353,#3354);
#2953=AXIS2_PLACEMENT_3D('',#4111,#3358,#3359);
#2954=AXIS2_PLACEMENT_3D('',#4117,#3363,#3364);
#2955=AXIS2_PLACEMENT_3D('',#4123,#3368,#3369);
#2956=AXIS2_PLACEMENT_3D('',#4129,#3373,#3374);
#2957=AXIS2_PLACEMENT_3D('',#4135,#3378,#3379);
#2958=AXIS2_PLACEMENT_3D('',#4137,#3380,#3381);
#2959=AXIS2_PLACEMENT_3D('',#4139,#3382,#3383);
#2960=AXIS2_PLACEMENT_3D('',#4141,#3385,#3386);
#2961=AXIS2_PLACEMENT_3D('',#4147,#3390,#3391);
#2962=AXIS2_PLACEMENT_3D('',#4153,#3395,#3396);
#2963=AXIS2_PLACEMENT_3D('',#4159,#3400,#3401);
#2964=AXIS2_PLACEMENT_3D('',#4165,#3405,#3406);
#2965=AXIS2_PLACEMENT_3D('',#4171,#3410,#3411);
#2966=AXIS2_PLACEMENT_3D('',#4177,#3415,#3416);
#2967=AXIS2_PLACEMENT_3D('',#4183,#3420,#3421);
#2968=AXIS2_PLACEMENT_3D('',#4189,#3425,#3426);
#2969=AXIS2_PLACEMENT_3D('',#4195,#3430,#3431);
#2970=AXIS2_PLACEMENT_3D('',#4201,#3435,#3436);
#2971=AXIS2_PLACEMENT_3D('',#4207,#3440,#3441);
#2972=AXIS2_PLACEMENT_3D('',#4213,#3445,#3446);
#2973=AXIS2_PLACEMENT_3D('',#4219,#3450,#3451);
#2974=AXIS2_PLACEMENT_3D('',#4225,#3455,#3456);
#2975=AXIS2_PLACEMENT_3D('',#4231,#3460,#3461);
#2976=AXIS2_PLACEMENT_3D('',#4237,#3465,#3466);
#2977=AXIS2_PLACEMENT_3D('',#4243,#3470,#3471);
#2978=AXIS2_PLACEMENT_3D('',#4249,#3475,#3476);
#2979=AXIS2_PLACEMENT_3D('',#4255,#3480,#3481);
#2980=AXIS2_PLACEMENT_3D('',#4261,#3485,#3486);
#2981=AXIS2_PLACEMENT_3D('',#4267,#3490,#3491);
#2982=AXIS2_PLACEMENT_3D('',#4269,#3492,#3493);
#2983=AXIS2_PLACEMENT_3D('',#4271,#3494,#3495);
#2984=AXIS2_PLACEMENT_3D('',#4273,#3497,#3498);
#2985=AXIS2_PLACEMENT_3D('',#4279,#3502,#3503);
#2986=AXIS2_PLACEMENT_3D('',#4285,#3507,#3508);
#2987=AXIS2_PLACEMENT_3D('',#4291,#3512,#3513);
#2988=AXIS2_PLACEMENT_3D('',#4297,#3517,#3518);
#2989=AXIS2_PLACEMENT_3D('',#4303,#3522,#3523);
#2990=AXIS2_PLACEMENT_3D('',#4309,#3527,#3528);
#2991=AXIS2_PLACEMENT_3D('',#4315,#3532,#3533);
#2992=AXIS2_PLACEMENT_3D('',#4321,#3537,#3538);
#2993=AXIS2_PLACEMENT_3D('',#4327,#3542,#3543);
#2994=AXIS2_PLACEMENT_3D('',#4333,#3547,#3548);
#2995=AXIS2_PLACEMENT_3D('',#4339,#3552,#3553);
#2996=AXIS2_PLACEMENT_3D('',#4345,#3557,#3558);
#2997=AXIS2_PLACEMENT_3D('',#4351,#3562,#3563);
#2998=AXIS2_PLACEMENT_3D('',#4357,#3567,#3568);
#2999=AXIS2_PLACEMENT_3D('',#4363,#3572,#3573);
#3000=AXIS2_PLACEMENT_3D('',#4369,#3577,#3578);
#3001=AXIS2_PLACEMENT_3D('',#4375,#3582,#3583);
#3002=AXIS2_PLACEMENT_3D('',#4381,#3587,#3588);
#3003=AXIS2_PLACEMENT_3D('',#4387,#3592,#3593);
#3004=AXIS2_PLACEMENT_3D('',#4393,#3597,#3598);
#3005=AXIS2_PLACEMENT_3D('',#4399,#3602,#3603);
#3006=AXIS2_PLACEMENT_3D('',#4401,#3604,#3605);
#3007=AXIS2_PLACEMENT_3D('',#4403,#3606,#3607);
#3008=AXIS2_PLACEMENT_3D('',#4405,#3609,#3610);
#3009=AXIS2_PLACEMENT_3D('',#4411,#3614,#3615);
#3010=AXIS2_PLACEMENT_3D('',#4417,#3619,#3620);
#3011=AXIS2_PLACEMENT_3D('',#4423,#3624,#3625);
#3012=AXIS2_PLACEMENT_3D('',#4429,#3629,#3630);
#3013=AXIS2_PLACEMENT_3D('',#4435,#3634,#3635);
#3014=AXIS2_PLACEMENT_3D('',#4441,#3639,#3640);
#3015=AXIS2_PLACEMENT_3D('',#4447,#3644,#3645);
#3016=AXIS2_PLACEMENT_3D('',#4453,#3649,#3650);
#3017=AXIS2_PLACEMENT_3D('',#4459,#3654,#3655);
#3018=AXIS2_PLACEMENT_3D('',#4465,#3659,#3660);
#3019=AXIS2_PLACEMENT_3D('',#4471,#3664,#3665);
#3020=AXIS2_PLACEMENT_3D('',#4477,#3669,#3670);
#3021=AXIS2_PLACEMENT_3D('',#4483,#3674,#3675);
#3022=AXIS2_PLACEMENT_3D('',#4489,#3679,#3680);
#3023=AXIS2_PLACEMENT_3D('',#4495,#3684,#3685);
#3024=AXIS2_PLACEMENT_3D('',#4501,#3689,#3690);
#3025=AXIS2_PLACEMENT_3D('',#4507,#3694,#3695);
#3026=AXIS2_PLACEMENT_3D('',#4513,#3699,#3700);
#3027=AXIS2_PLACEMENT_3D('',#4519,#3704,#3705);
#3028=AXIS2_PLACEMENT_3D('',#4525,#3709,#3710);
#3029=AXIS2_PLACEMENT_3D('',#4531,#3714,#3715);
#3030=AXIS2_PLACEMENT_3D('',#4533,#3716,#3717);
#3031=AXIS2_PLACEMENT_3D('',#4535,#3718,#3719);
#3032=AXIS2_PLACEMENT_3D('',#4537,#3721,#3722);
#3033=AXIS2_PLACEMENT_3D('',#4543,#3726,#3727);
#3034=AXIS2_PLACEMENT_3D('',#4549,#3731,#3732);
#3035=AXIS2_PLACEMENT_3D('',#4555,#3736,#3737);
#3036=AXIS2_PLACEMENT_3D('',#4561,#3741,#3742);
#3037=AXIS2_PLACEMENT_3D('',#4567,#3746,#3747);
#3038=AXIS2_PLACEMENT_3D('',#4573,#3751,#3752);
#3039=AXIS2_PLACEMENT_3D('',#4579,#3756,#3757);
#3040=AXIS2_PLACEMENT_3D('',#4585,#3761,#3762);
#3041=AXIS2_PLACEMENT_3D('',#4591,#3766,#3767);
#3042=AXIS2_PLACEMENT_3D('',#4597,#3771,#3772);
#3043=AXIS2_PLACEMENT_3D('',#4603,#3776,#3777);
#3044=AXIS2_PLACEMENT_3D('',#4606,#3780,#3781);
#3045=AXIS2_PLACEMENT_3D('',#4607,#3782,#3783);
#3046=AXIS2_PLACEMENT_3D('',#4608,#3784,#3785);
#3047=AXIS2_PLACEMENT_3D('',#4609,#3786,#3787);
#3048=DIRECTION('axis',(0.,0.,1.));
#3049=DIRECTION('refdir',(1.,0.,0.));
#3050=DIRECTION('axis',(0.,0.,1.));
#3051=DIRECTION('refdir',(1.,0.,0.));
#3052=DIRECTION('center_axis',(0.707106781186546,-0.707106781186549,0.));
#3053=DIRECTION('ref_axis',(0.707106781186549,0.707106781186546,0.));
#3054=DIRECTION('',(0.707106781186549,0.707106781186546,0.));
#3055=DIRECTION('',(0.,0.,1.));
#3056=DIRECTION('',(0.707106781186549,0.707106781186546,0.));
#3057=DIRECTION('',(0.,0.,1.));
#3058=DIRECTION('center_axis',(-4.72686758754722E-15,-1.,0.));
#3059=DIRECTION('ref_axis',(1.,-4.72686758754722E-15,0.));
#3060=DIRECTION('',(1.,-4.72686758754722E-15,0.));
#3061=DIRECTION('',(1.,-4.72686758754722E-15,0.));
#3062=DIRECTION('',(0.,0.,1.));
#3063=DIRECTION('center_axis',(1.,8.86438798242559E-16,0.));
#3064=DIRECTION('ref_axis',(-8.86438798242559E-16,1.,0.));
#3065=DIRECTION('',(-8.86438798242559E-16,1.,0.));
#3066=DIRECTION('',(-8.86438798242559E-16,1.,0.));
#3067=DIRECTION('',(0.,0.,1.));
#3068=DIRECTION('center_axis',(0.,1.,0.));
#3069=DIRECTION('ref_axis',(-1.,0.,0.));
#3070=DIRECTION('',(-1.,0.,0.));
#3071=DIRECTION('',(-1.,0.,0.));
#3072=DIRECTION('',(0.,0.,1.));
#3073=DIRECTION('center_axis',(0.707106781186547,0.707106781186548,0.));
#3074=DIRECTION('ref_axis',(-0.707106781186548,0.707106781186547,0.));
#3075=DIRECTION('',(-0.707106781186548,0.707106781186547,0.));
#3076=DIRECTION('',(-0.707106781186548,0.707106781186547,0.));
#3077=DIRECTION('',(0.,0.,1.));
#3078=DIRECTION('center_axis',(0.,1.,0.));
#3079=DIRECTION('ref_axis',(-1.,0.,0.));
#3080=DIRECTION('',(-1.,0.,0.));
#3081=DIRECTION('',(-1.,0.,0.));
#3082=DIRECTION('',(0.,0.,1.));
#3083=DIRECTION('center_axis',(0.,0.,1.));
#3084=DIRECTION('ref_axis',(0.703582580709434,-0.710613504038766,0.));
#3085=DIRECTION('center_axis',(0.,0.,1.));
#3086=DIRECTION('ref_axis',(0.703582580709434,-0.710613504038766,0.));
#3087=DIRECTION('center_axis',(0.,0.,1.));
#3088=DIRECTION('ref_axis',(0.703582580709434,-0.710613504038766,0.));
#3089=DIRECTION('',(0.,0.,1.));
#3090=DIRECTION('center_axis',(0.,0.,1.));
#3091=DIRECTION('ref_axis',(-0.255986803709195,-0.96668027616516,0.));
#3092=DIRECTION('center_axis',(0.,0.,1.));
#3093=DIRECTION('ref_axis',(-0.255986803709195,-0.96668027616516,0.));
#3094=DIRECTION('center_axis',(0.,0.,1.));
#3095=DIRECTION('ref_axis',(-0.255986803709195,-0.96668027616516,0.));
#3096=DIRECTION('',(0.,0.,1.));
#3097=DIRECTION('center_axis',(0.,0.,1.));
#3098=DIRECTION('ref_axis',(-0.707106781186547,-0.707106781186548,0.));
#3099=DIRECTION('center_axis',(0.,0.,-1.));
#3100=DIRECTION('ref_axis',(1.,0.,0.));
#3101=DIRECTION('center_axis',(0.,0.,-1.));
#3102=DIRECTION('ref_axis',(1.,0.,0.));
#3103=DIRECTION('',(0.,0.,1.));
#3104=DIRECTION('center_axis',(0.,0.,1.));
#3105=DIRECTION('ref_axis',(-0.374924201360131,0.92705546934068,0.));
#3106=DIRECTION('center_axis',(0.,0.,1.));
#3107=DIRECTION('ref_axis',(-0.374924201360131,0.92705546934068,0.));
#3108=DIRECTION('center_axis',(0.,0.,1.));
#3109=DIRECTION('ref_axis',(-0.374924201360131,0.92705546934068,0.));
#3110=DIRECTION('',(0.,0.,1.));
#3111=DIRECTION('center_axis',(0.,0.,1.));
#3112=DIRECTION('ref_axis',(1.,9.11820404574709E-16,0.));
#3113=DIRECTION('center_axis',(0.,0.,1.));
#3114=DIRECTION('ref_axis',(1.,9.11820404574709E-16,0.));
#3115=DIRECTION('center_axis',(0.,0.,1.));
#3116=DIRECTION('ref_axis',(1.,9.11820404574709E-16,0.));
#3117=DIRECTION('',(0.,0.,1.));
#3118=DIRECTION('center_axis',(1.,-3.77608809499841E-16,0.));
#3119=DIRECTION('ref_axis',(3.77608809499841E-16,1.,0.));
#3120=DIRECTION('',(3.77608809499841E-16,1.,0.));
#3121=DIRECTION('',(3.77608809499841E-16,1.,0.));
#3122=DIRECTION('',(0.,0.,1.));
#3123=DIRECTION('center_axis',(0.707106781186548,0.707106781186547,0.));
#3124=DIRECTION('ref_axis',(-0.707106781186547,0.707106781186548,0.));
#3125=DIRECTION('',(-0.707106781186547,0.707106781186548,0.));
#3126=DIRECTION('',(-0.707106781186547,0.707106781186548,0.));
#3127=DIRECTION('',(0.,0.,1.));
#3128=DIRECTION('center_axis',(1.,0.,0.));
#3129=DIRECTION('ref_axis',(0.,1.,0.));
#3130=DIRECTION('',(0.,1.,0.));
#3131=DIRECTION('',(0.,1.,0.));
#3132=DIRECTION('',(0.,0.,1.));
#3133=DIRECTION('center_axis',(-1.18191839765675E-15,1.,0.));
#3134=DIRECTION('ref_axis',(-1.,-1.18191839765675E-15,0.));
#3135=DIRECTION('',(-1.,-1.18191839765675E-15,0.));
#3136=DIRECTION('',(-1.,-1.18191839765675E-15,0.));
#3137=DIRECTION('',(0.,0.,1.));
#3138=DIRECTION('center_axis',(-1.,9.45373517509449E-15,0.));
#3139=DIRECTION('ref_axis',(-9.45373517509449E-15,-1.,0.));
#3140=DIRECTION('',(-9.45373517509449E-15,-1.,0.));
#3141=DIRECTION('',(-9.45373517509449E-15,-1.,0.));
#3142=DIRECTION('',(0.,0.,1.));
#3143=DIRECTION('center_axis',(-0.707106781186548,0.707106781186548,0.));
#3144=DIRECTION('ref_axis',(-0.707106781186548,-0.707106781186548,0.));
#3145=DIRECTION('',(-0.707106781186547,-0.707106781186547,0.));
#3146=DIRECTION('',(-0.707106781186547,-0.707106781186547,0.));
#3147=DIRECTION('',(0.,0.,1.));
#3148=DIRECTION('center_axis',(-1.,-4.53229334767881E-15,0.));
#3149=DIRECTION('ref_axis',(4.53229334767881E-15,-1.,0.));
#3150=DIRECTION('',(4.53229334767881E-15,-1.,0.));
#3151=DIRECTION('',(4.53229334767881E-15,-1.,0.));
#3152=DIRECTION('',(0.,0.,1.));
#3153=DIRECTION('center_axis',(0.,0.,1.));
#3154=DIRECTION('ref_axis',(0.710613504038765,0.703582580709435,0.));
#3155=DIRECTION('center_axis',(0.,0.,1.));
#3156=DIRECTION('ref_axis',(0.710613504038765,0.703582580709435,0.));
#3157=DIRECTION('center_axis',(0.,0.,1.));
#3158=DIRECTION('ref_axis',(0.710613504038765,0.703582580709435,0.));
#3159=DIRECTION('',(0.,0.,1.));
#3160=DIRECTION('center_axis',(0.,0.,1.));
#3161=DIRECTION('ref_axis',(0.96668027616516,-0.255986803709195,0.));
#3162=DIRECTION('center_axis',(0.,0.,1.));
#3163=DIRECTION('ref_axis',(0.96668027616516,-0.255986803709195,0.));
#3164=DIRECTION('center_axis',(0.,0.,1.));
#3165=DIRECTION('ref_axis',(0.96668027616516,-0.255986803709195,0.));
#3166=DIRECTION('',(0.,0.,1.));
#3167=DIRECTION('center_axis',(0.,0.,1.));
#3168=DIRECTION('ref_axis',(0.707106781186547,-0.707106781186548,0.));
#3169=DIRECTION('center_axis',(0.,0.,-1.));
#3170=DIRECTION('ref_axis',(0.,1.,0.));
#3171=DIRECTION('center_axis',(0.,0.,-1.));
#3172=DIRECTION('ref_axis',(0.,1.,0.));
#3173=DIRECTION('',(0.,0.,1.));
#3174=DIRECTION('center_axis',(0.,0.,1.));
#3175=DIRECTION('ref_axis',(-0.927055469340679,-0.374924201360132,0.));
#3176=DIRECTION('center_axis',(0.,0.,1.));
#3177=DIRECTION('ref_axis',(-0.927055469340679,-0.374924201360132,0.));
#3178=DIRECTION('center_axis',(0.,0.,1.));
#3179=DIRECTION('ref_axis',(-0.927055469340679,-0.374924201360132,0.));
#3180=DIRECTION('',(0.,0.,1.));
#3181=DIRECTION('center_axis',(0.,0.,1.));
#3182=DIRECTION('ref_axis',(-3.64728161829882E-15,1.,0.));
#3183=DIRECTION('center_axis',(0.,0.,1.));
#3184=DIRECTION('ref_axis',(-3.64728161829882E-15,1.,0.));
#3185=DIRECTION('center_axis',(0.,0.,1.));
#3186=DIRECTION('ref_axis',(-3.64728161829882E-15,1.,0.));
#3187=DIRECTION('',(0.,0.,1.));
#3188=DIRECTION('center_axis',(-1.51043523799936E-15,1.,0.));
#3189=DIRECTION('ref_axis',(-1.,-1.51043523799936E-15,0.));
#3190=DIRECTION('',(-1.,-1.51043523799936E-15,0.));
#3191=DIRECTION('',(-1.,-1.51043523799936E-15,0.));
#3192=DIRECTION('',(0.,0.,1.));
#3193=DIRECTION('center_axis',(-0.707106781186548,0.707106781186548,0.));
#3194=DIRECTION('ref_axis',(-0.707106781186548,-0.707106781186548,0.));
#3195=DIRECTION('',(-0.707106781186547,-0.707106781186547,0.));
#3196=DIRECTION('',(-0.707106781186547,-0.707106781186547,0.));
#3197=DIRECTION('',(0.,0.,1.));
#3198=DIRECTION('center_axis',(4.72686758754726E-15,1.,0.));
#3199=DIRECTION('ref_axis',(-1.,4.72686758754726E-15,0.));
#3200=DIRECTION('',(-1.,4.72686758754726E-15,0.));
#3201=DIRECTION('',(-1.,4.72686758754726E-15,0.));
#3202=DIRECTION('',(0.,0.,1.));
#3203=DIRECTION('center_axis',(-1.,0.,0.));
#3204=DIRECTION('ref_axis',(0.,-1.,0.));
#3205=DIRECTION('',(0.,-1.,0.));
#3206=DIRECTION('',(0.,-1.,0.));
#3207=DIRECTION('',(0.,0.,1.));
#3208=DIRECTION('center_axis',(-4.72686758754726E-15,-1.,0.));
#3209=DIRECTION('ref_axis',(1.,-4.72686758754726E-15,0.));
#3210=DIRECTION('',(1.,-4.72686758754726E-15,0.));
#3211=DIRECTION('',(1.,-4.72686758754726E-15,0.));
#3212=DIRECTION('',(0.,0.,1.));
#3213=DIRECTION('center_axis',(-0.707106781186548,-0.707106781186548,0.));
#3214=DIRECTION('ref_axis',(0.707106781186548,-0.707106781186548,0.));
#3215=DIRECTION('',(0.707106781186547,-0.707106781186547,0.));
#3216=DIRECTION('',(0.707106781186547,-0.707106781186547,0.));
#3217=DIRECTION('',(0.,0.,1.));
#3218=DIRECTION('center_axis',(-7.55382224613133E-16,-1.,0.));
#3219=DIRECTION('ref_axis',(1.,-7.55382224613133E-16,0.));
#3220=DIRECTION('',(1.,-7.55382224613133E-16,0.));
#3221=DIRECTION('',(1.,-7.55382224613133E-16,0.));
#3222=DIRECTION('',(0.,0.,1.));
#3223=DIRECTION('center_axis',(0.,0.,1.));
#3224=DIRECTION('ref_axis',(-0.703582580709432,0.710613504038767,0.));
#3225=DIRECTION('center_axis',(0.,0.,1.));
#3226=DIRECTION('ref_axis',(-0.703582580709432,0.710613504038767,0.));
#3227=DIRECTION('center_axis',(0.,0.,1.));
#3228=DIRECTION('ref_axis',(-0.703582580709432,0.710613504038767,0.));
#3229=DIRECTION('',(0.,0.,1.));
#3230=DIRECTION('center_axis',(0.,0.,1.));
#3231=DIRECTION('ref_axis',(0.255986803709196,0.96668027616516,0.));
#3232=DIRECTION('center_axis',(0.,0.,1.));
#3233=DIRECTION('ref_axis',(0.255986803709196,0.96668027616516,0.));
#3234=DIRECTION('center_axis',(0.,0.,1.));
#3235=DIRECTION('ref_axis',(0.255986803709196,0.96668027616516,0.));
#3236=DIRECTION('',(0.,0.,1.));
#3237=DIRECTION('center_axis',(0.,0.,1.));
#3238=DIRECTION('ref_axis',(0.707106781186548,0.707106781186547,0.));
#3239=DIRECTION('center_axis',(0.,0.,-1.));
#3240=DIRECTION('ref_axis',(-1.,0.,0.));
#3241=DIRECTION('center_axis',(0.,0.,-1.));
#3242=DIRECTION('ref_axis',(-1.,0.,0.));
#3243=DIRECTION('',(0.,0.,1.));
#3244=DIRECTION('center_axis',(0.,0.,1.));
#3245=DIRECTION('ref_axis',(0.374924201360132,-0.927055469340679,0.));
#3246=DIRECTION('center_axis',(0.,0.,1.));
#3247=DIRECTION('ref_axis',(0.374924201360132,-0.927055469340679,0.));
#3248=DIRECTION('center_axis',(0.,0.,1.));
#3249=DIRECTION('ref_axis',(0.374924201360132,-0.927055469340679,0.));
#3250=DIRECTION('',(0.,0.,1.));
#3251=DIRECTION('center_axis',(0.,0.,1.));
#3252=DIRECTION('ref_axis',(-1.,0.,0.));
#3253=DIRECTION('center_axis',(0.,0.,1.));
#3254=DIRECTION('ref_axis',(-1.,0.,0.));
#3255=DIRECTION('center_axis',(0.,0.,1.));
#3256=DIRECTION('ref_axis',(-1.,0.,0.));
#3257=DIRECTION('',(0.,0.,1.));
#3258=DIRECTION('center_axis',(-1.,6.79695857099713E-15,0.));
#3259=DIRECTION('ref_axis',(-6.79695857099713E-15,-1.,0.));
#3260=DIRECTION('',(-6.79695857099713E-15,-1.,0.));
#3261=DIRECTION('',(-6.79695857099713E-15,-1.,0.));
#3262=DIRECTION('',(0.,0.,1.));
#3263=DIRECTION('center_axis',(-0.707106781186549,-0.707106781186547,0.));
#3264=DIRECTION('ref_axis',(0.707106781186547,-0.707106781186549,0.));
#3265=DIRECTION('',(0.707106781186547,-0.707106781186548,0.));
#3266=DIRECTION('',(0.707106781186547,-0.707106781186548,0.));
#3267=DIRECTION('',(0.,0.,1.));
#3268=DIRECTION('center_axis',(-1.,0.,0.));
#3269=DIRECTION('ref_axis',(0.,-1.,0.));
#3270=DIRECTION('',(0.,-1.,0.));
#3271=DIRECTION('',(0.,-1.,0.));
#3272=DIRECTION('',(0.,0.,1.));
#3273=DIRECTION('center_axis',(0.,-1.,0.));
#3274=DIRECTION('ref_axis',(1.,0.,0.));
#3275=DIRECTION('',(1.,0.,0.));
#3276=DIRECTION('',(1.,0.,0.));
#3277=DIRECTION('',(0.,0.,1.));
#3278=DIRECTION('center_axis',(1.,-2.36343379377362E-15,0.));
#3279=DIRECTION('ref_axis',(2.36343379377362E-15,1.,0.));
#3280=DIRECTION('',(2.36343379377362E-15,1.,0.));
#3281=DIRECTION('',(2.36343379377362E-15,1.,0.));
#3282=DIRECTION('',(0.,0.,1.));
#3283=DIRECTION('center_axis',(0.707106781186548,-0.707106781186547,0.));
#3284=DIRECTION('ref_axis',(0.707106781186547,0.707106781186548,0.));
#3285=DIRECTION('',(0.707106781186547,0.707106781186548,0.));
#3286=DIRECTION('',(0.707106781186547,0.707106781186548,0.));
#3287=DIRECTION('',(0.,0.,1.));
#3288=DIRECTION('center_axis',(1.,-4.9099844599854E-15,0.));
#3289=DIRECTION('ref_axis',(4.9099844599854E-15,1.,0.));
#3290=DIRECTION('',(4.9099844599854E-15,1.,0.));
#3291=DIRECTION('',(4.9099844599854E-15,1.,0.));
#3292=DIRECTION('',(0.,0.,1.));
#3293=DIRECTION('center_axis',(0.,0.,1.));
#3294=DIRECTION('ref_axis',(-0.710613504038774,-0.703582580709425,0.));
#3295=DIRECTION('center_axis',(0.,0.,1.));
#3296=DIRECTION('ref_axis',(-0.710613504038774,-0.703582580709425,0.));
#3297=DIRECTION('center_axis',(0.,0.,1.));
#3298=DIRECTION('ref_axis',(-0.710613504038774,-0.703582580709425,0.));
#3299=DIRECTION('',(0.,0.,1.));
#3300=DIRECTION('center_axis',(0.,0.,1.));
#3301=DIRECTION('ref_axis',(-0.96668027616516,0.255986803709196,0.));
#3302=DIRECTION('center_axis',(0.,0.,1.));
#3303=DIRECTION('ref_axis',(-0.96668027616516,0.255986803709196,0.));
#3304=DIRECTION('center_axis',(0.,0.,1.));
#3305=DIRECTION('ref_axis',(-0.96668027616516,0.255986803709196,0.));
#3306=DIRECTION('',(0.,0.,1.));
#3307=DIRECTION('center_axis',(0.,0.,1.));
#3308=DIRECTION('ref_axis',(-0.707106781186548,0.707106781186548,0.));
#3309=DIRECTION('center_axis',(0.,0.,-1.));
#3310=DIRECTION('ref_axis',(-2.22044604925031E-16,-1.,0.));
#3311=DIRECTION('center_axis',(0.,0.,-1.));
#3312=DIRECTION('ref_axis',(-2.22044604925031E-16,-1.,0.));
#3313=DIRECTION('',(0.,0.,1.));
#3314=DIRECTION('center_axis',(0.,0.,1.));
#3315=DIRECTION('ref_axis',(0.927055469340681,0.374924201360129,0.));
#3316=DIRECTION('center_axis',(0.,0.,1.));
#3317=DIRECTION('ref_axis',(0.927055469340681,0.374924201360129,0.));
#3318=DIRECTION('center_axis',(0.,0.,1.));
#3319=DIRECTION('ref_axis',(0.927055469340681,0.374924201360129,0.));
#3320=DIRECTION('',(0.,0.,1.));
#3321=DIRECTION('center_axis',(0.,0.,1.));
#3322=DIRECTION('ref_axis',(-8.38219178680529E-15,-1.,0.));
#3323=DIRECTION('center_axis',(0.,0.,1.));
#3324=DIRECTION('ref_axis',(-8.38219178680529E-15,-1.,0.));
#3325=DIRECTION('center_axis',(0.,0.,1.));
#3326=DIRECTION('ref_axis',(-8.38219178680529E-15,-1.,0.));
#3327=DIRECTION('',(0.,0.,1.));
#3328=DIRECTION('center_axis',(-7.55217618999685E-15,-1.,0.));
#3329=DIRECTION('ref_axis',(1.,-7.55217618999685E-15,0.));
#3330=DIRECTION('',(1.,-7.55217618999685E-15,0.));
#3331=DIRECTION('',(1.,-7.55217618999685E-15,0.));
#3332=DIRECTION('center_axis',(-1.,0.,0.));
#3333=DIRECTION('ref_axis',(0.,-1.,0.));
#3334=DIRECTION('',(0.,1.,0.));
#3335=DIRECTION('',(0.,0.,1.));
#3336=DIRECTION('',(0.,-1.,0.));
#3337=DIRECTION('',(0.,0.,1.));
#3338=DIRECTION('center_axis',(0.,-1.,0.));
#3339=DIRECTION('ref_axis',(1.,0.,0.));
#3340=DIRECTION('',(-1.,0.,0.));
#3341=DIRECTION('',(1.,0.,0.));
#3342=DIRECTION('',(0.,0.,1.));
#3343=DIRECTION('center_axis',(0.707106781186547,-0.707106781186548,0.));
#3344=DIRECTION('ref_axis',(0.707106781186548,0.707106781186547,0.));
#3345=DIRECTION('',(-0.707106781186548,-0.707106781186547,0.));
#3346=DIRECTION('',(0.707106781186548,0.707106781186547,0.));
#3347=DIRECTION('',(0.,0.,1.));
#3348=DIRECTION('center_axis',(1.,7.55382224613136E-16,0.));
#3349=DIRECTION('ref_axis',(-7.55382224613136E-16,1.,0.));
#3350=DIRECTION('',(-7.55382224613136E-16,1.,0.));
#3351=DIRECTION('',(-7.55382224613136E-16,1.,0.));
#3352=DIRECTION('',(0.,0.,1.));
#3353=DIRECTION('center_axis',(0.707106781186547,0.707106781186548,0.));
#3354=DIRECTION('ref_axis',(-0.707106781186548,0.707106781186547,0.));
#3355=DIRECTION('',(0.707106781186548,-0.707106781186547,0.));
#3356=DIRECTION('',(-0.707106781186548,0.707106781186547,0.));
#3357=DIRECTION('',(0.,0.,1.));
#3358=DIRECTION('center_axis',(-1.18171689688681E-15,1.,0.));
#3359=DIRECTION('ref_axis',(-1.,-1.18171689688681E-15,0.));
#3360=DIRECTION('',(1.,1.18171689688681E-15,0.));
#3361=DIRECTION('',(-1.,-1.18171689688681E-15,0.));
#3362=DIRECTION('',(0.,0.,1.));
#3363=DIRECTION('center_axis',(-1.,0.,0.));
#3364=DIRECTION('ref_axis',(0.,-1.,0.));
#3365=DIRECTION('',(0.,1.,0.));
#3366=DIRECTION('',(0.,-1.,0.));
#3367=DIRECTION('',(0.,0.,1.));
#3368=DIRECTION('center_axis',(-8.32667268468867E-16,1.,0.));
#3369=DIRECTION('ref_axis',(-1.,-8.32667268468867E-16,0.));
#3370=DIRECTION('',(1.,8.32667268468867E-16,0.));
#3371=DIRECTION('',(-1.,-8.32667268468867E-16,0.));
#3372=DIRECTION('',(0.,0.,1.));
#3373=DIRECTION('center_axis',(1.,7.40148683083437E-16,0.));
#3374=DIRECTION('ref_axis',(-7.40148683083437E-16,1.,0.));
#3375=DIRECTION('',(-7.40148683083437E-16,1.,0.));
#3376=DIRECTION('',(-7.40148683083437E-16,1.,0.));
#3377=DIRECTION('',(0.,0.,1.));
#3378=DIRECTION('center_axis',(0.,0.,1.));
#3379=DIRECTION('ref_axis',(0.,-1.,0.));
#3380=DIRECTION('center_axis',(0.,0.,1.));
#3381=DIRECTION('ref_axis',(0.,-1.,0.));
#3382=DIRECTION('center_axis',(0.,0.,1.));
#3383=DIRECTION('ref_axis',(0.,-1.,0.));
#3384=DIRECTION('',(0.,0.,1.));
#3385=DIRECTION('center_axis',(7.40148683083438E-16,-1.,0.));
#3386=DIRECTION('ref_axis',(1.,7.40148683083438E-16,0.));
#3387=DIRECTION('',(-1.,-7.40148683083438E-16,0.));
#3388=DIRECTION('',(1.,7.40148683083438E-16,0.));
#3389=DIRECTION('',(0.,0.,1.));
#3390=DIRECTION('center_axis',(-1.,0.,0.));
#3391=DIRECTION('ref_axis',(0.,-1.,0.));
#3392=DIRECTION('',(0.,1.,0.));
#3393=DIRECTION('',(0.,-1.,0.));
#3394=DIRECTION('',(0.,0.,1.));
#3395=DIRECTION('center_axis',(-3.70074341541719E-16,1.,0.));
#3396=DIRECTION('ref_axis',(-1.,-3.70074341541719E-16,0.));
#3397=DIRECTION('',(1.,3.70074341541718E-16,0.));
#3398=DIRECTION('',(-1.,-3.70074341541718E-16,0.));
#3399=DIRECTION('',(0.,0.,1.));
#3400=DIRECTION('center_axis',(-1.,0.,0.));
#3401=DIRECTION('ref_axis',(0.,-1.,0.));
#3402=DIRECTION('',(0.,1.,0.));
#3403=DIRECTION('',(0.,-1.,0.));
#3404=DIRECTION('',(0.,0.,1.));
#3405=DIRECTION('center_axis',(-0.707106781186547,-0.707106781186548,0.));
#3406=DIRECTION('ref_axis',(0.707106781186548,-0.707106781186547,0.));
#3407=DIRECTION('',(-0.707106781186548,0.707106781186547,0.));
#3408=DIRECTION('',(0.707106781186548,-0.707106781186547,0.));
#3409=DIRECTION('',(0.,0.,1.));
#3410=DIRECTION('center_axis',(3.77691112306568E-16,-1.,0.));
#3411=DIRECTION('ref_axis',(1.,3.77691112306568E-16,0.));
#3412=DIRECTION('',(-1.,-3.77691112306568E-16,0.));
#3413=DIRECTION('',(1.,3.77691112306568E-16,0.));
#3414=DIRECTION('',(0.,0.,1.));
#3415=DIRECTION('center_axis',(0.707106781186548,-0.707106781186547,0.));
#3416=DIRECTION('ref_axis',(0.707106781186547,0.707106781186548,0.));
#3417=DIRECTION('',(-0.707106781186547,-0.707106781186548,0.));
#3418=DIRECTION('',(0.707106781186547,0.707106781186548,0.));
#3419=DIRECTION('',(0.,0.,1.));
#3420=DIRECTION('center_axis',(1.,0.,0.));
#3421=DIRECTION('ref_axis',(0.,1.,0.));
#3422=DIRECTION('',(0.,-1.,0.));
#3423=DIRECTION('',(0.,1.,0.));
#3424=DIRECTION('',(0.,0.,1.));
#3425=DIRECTION('center_axis',(-3.70074341541719E-16,1.,0.));
#3426=DIRECTION('ref_axis',(-1.,-3.70074341541719E-16,0.));
#3427=DIRECTION('',(1.,3.70074341541719E-16,0.));
#3428=DIRECTION('',(-1.,-3.70074341541719E-16,0.));
#3429=DIRECTION('',(0.,0.,1.));
#3430=DIRECTION('center_axis',(1.,0.,0.));
#3431=DIRECTION('ref_axis',(0.,1.,0.));
#3432=DIRECTION('',(0.,-1.,0.));
#3433=DIRECTION('',(0.,1.,0.));
#3434=DIRECTION('',(0.,0.,1.));
#3435=DIRECTION('center_axis',(-4.75809867696496E-16,-1.,0.));
#3436=DIRECTION('ref_axis',(1.,-4.75809867696496E-16,0.));
#3437=DIRECTION('',(1.,-4.75809867696496E-16,0.));
#3438=DIRECTION('',(1.,-4.75809867696496E-16,0.));
#3439=DIRECTION('',(0.,0.,1.));
#3440=DIRECTION('center_axis',(-1.,0.,0.));
#3441=DIRECTION('ref_axis',(0.,-1.,0.));
#3442=DIRECTION('',(0.,1.,0.));
#3443=DIRECTION('',(0.,-1.,0.));
#3444=DIRECTION('',(0.,0.,1.));
#3445=DIRECTION('center_axis',(3.70074341541719E-16,1.,0.));
#3446=DIRECTION('ref_axis',(-1.,3.70074341541719E-16,0.));
#3447=DIRECTION('',(1.,-3.70074341541719E-16,0.));
#3448=DIRECTION('',(-1.,3.70074341541719E-16,0.));
#3449=DIRECTION('',(0.,0.,1.));
#3450=DIRECTION('center_axis',(-1.,0.,0.));
#3451=DIRECTION('ref_axis',(0.,-1.,0.));
#3452=DIRECTION('',(0.,1.,0.));
#3453=DIRECTION('',(0.,-1.,0.));
#3454=DIRECTION('',(0.,0.,1.));
#3455=DIRECTION('center_axis',(-0.707106781186548,-0.707106781186547,0.));
#3456=DIRECTION('ref_axis',(0.707106781186547,-0.707106781186548,0.));
#3457=DIRECTION('',(-0.707106781186547,0.707106781186548,0.));
#3458=DIRECTION('',(0.707106781186547,-0.707106781186548,0.));
#3459=DIRECTION('',(0.,0.,1.));
#3460=DIRECTION('center_axis',(1.88845556153284E-16,-1.,0.));
#3461=DIRECTION('ref_axis',(1.,1.88845556153284E-16,0.));
#3462=DIRECTION('',(1.,1.88845556153284E-16,0.));
#3463=DIRECTION('',(1.,1.88845556153284E-16,0.));
#3464=DIRECTION('',(0.,0.,1.));
#3465=DIRECTION('center_axis',(0.707106781186548,-0.707106781186547,0.));
#3466=DIRECTION('ref_axis',(0.707106781186547,0.707106781186548,0.));
#3467=DIRECTION('',(-0.707106781186547,-0.707106781186548,0.));
#3468=DIRECTION('',(0.707106781186547,0.707106781186548,0.));
#3469=DIRECTION('',(0.,0.,1.));
#3470=DIRECTION('center_axis',(1.,1.18171689688682E-15,0.));
#3471=DIRECTION('ref_axis',(-1.18171689688682E-15,1.,0.));
#3472=DIRECTION('',(1.18171689688682E-15,-1.,0.));
#3473=DIRECTION('',(-1.18171689688682E-15,1.,0.));
#3474=DIRECTION('',(0.,0.,1.));
#3475=DIRECTION('center_axis',(0.,1.,0.));
#3476=DIRECTION('ref_axis',(-1.,0.,0.));
#3477=DIRECTION('',(1.,0.,0.));
#3478=DIRECTION('',(-1.,0.,0.));
#3479=DIRECTION('',(0.,0.,1.));
#3480=DIRECTION('center_axis',(1.,5.55111512312578E-16,0.));
#3481=DIRECTION('ref_axis',(-5.55111512312578E-16,1.,0.));
#3482=DIRECTION('',(5.55111512312578E-16,-1.,0.));
#3483=DIRECTION('',(-5.55111512312578E-16,1.,0.));
#3484=DIRECTION('',(0.,0.,1.));
#3485=DIRECTION('center_axis',(3.70074341541719E-16,-1.,0.));
#3486=DIRECTION('ref_axis',(1.,3.70074341541719E-16,0.));
#3487=DIRECTION('',(1.,3.70074341541719E-16,0.));
#3488=DIRECTION('',(1.,3.70074341541719E-16,0.));
#3489=DIRECTION('',(0.,0.,1.));
#3490=DIRECTION('center_axis',(0.,0.,1.));
#3491=DIRECTION('ref_axis',(-1.,1.11022302462516E-15,0.));
#3492=DIRECTION('center_axis',(0.,0.,1.));
#3493=DIRECTION('ref_axis',(-1.,1.11022302462516E-15,0.));
#3494=DIRECTION('center_axis',(0.,0.,1.));
#3495=DIRECTION('ref_axis',(-1.,1.11022302462516E-15,0.));
#3496=DIRECTION('',(0.,0.,1.));
#3497=DIRECTION('center_axis',(-1.,-3.70074341541719E-16,0.));
#3498=DIRECTION('ref_axis',(3.70074341541719E-16,-1.,0.));
#3499=DIRECTION('',(-3.70074341541719E-16,1.,0.));
#3500=DIRECTION('',(3.70074341541719E-16,-1.,0.));
#3501=DIRECTION('',(0.,0.,1.));
#3502=DIRECTION('center_axis',(0.,1.,0.));
#3503=DIRECTION('ref_axis',(-1.,0.,0.));
#3504=DIRECTION('',(1.,0.,0.));
#3505=DIRECTION('',(-1.,0.,0.));
#3506=DIRECTION('',(0.,0.,1.));
#3507=DIRECTION('center_axis',(1.,0.,0.));
#3508=DIRECTION('ref_axis',(0.,1.,0.));
#3509=DIRECTION('',(0.,-1.,0.));
#3510=DIRECTION('',(0.,1.,0.));
#3511=DIRECTION('',(0.,0.,1.));
#3512=DIRECTION('center_axis',(-1.18211996715631E-15,1.,0.));
#3513=DIRECTION('ref_axis',(-1.,-1.18211996715631E-15,0.));
#3514=DIRECTION('',(1.,1.18211996715631E-15,0.));
#3515=DIRECTION('',(-1.,-1.18211996715631E-15,0.));
#3516=DIRECTION('',(0.,0.,1.));
#3517=DIRECTION('center_axis',(-0.707106781186548,0.707106781186548,0.));
#3518=DIRECTION('ref_axis',(-0.707106781186548,-0.707106781186548,0.));
#3519=DIRECTION('',(0.707106781186547,0.707106781186547,0.));
#3520=DIRECTION('',(-0.707106781186547,-0.707106781186547,0.));
#3521=DIRECTION('',(0.,0.,1.));
#3522=DIRECTION('center_axis',(-1.,-1.88845556153284E-16,0.));
#3523=DIRECTION('ref_axis',(1.88845556153284E-16,-1.,0.));
#3524=DIRECTION('',(-1.88845556153284E-16,1.,0.));
#3525=DIRECTION('',(1.88845556153284E-16,-1.,0.));
#3526=DIRECTION('',(0.,0.,1.));
#3527=DIRECTION('center_axis',(-0.707106781186547,-0.707106781186548,0.));
#3528=DIRECTION('ref_axis',(0.707106781186548,-0.707106781186547,0.));
#3529=DIRECTION('',(-0.707106781186548,0.707106781186547,0.));
#3530=DIRECTION('',(0.707106781186548,-0.707106781186547,0.));
#3531=DIRECTION('',(0.,0.,1.));
#3532=DIRECTION('center_axis',(0.,-1.,0.));
#3533=DIRECTION('ref_axis',(1.,0.,0.));
#3534=DIRECTION('',(-1.,0.,0.));
#3535=DIRECTION('',(1.,0.,0.));
#3536=DIRECTION('',(0.,0.,1.));
#3537=DIRECTION('center_axis',(1.,0.,0.));
#3538=DIRECTION('ref_axis',(0.,1.,0.));
#3539=DIRECTION('',(0.,-1.,0.));
#3540=DIRECTION('',(0.,1.,0.));
#3541=DIRECTION('',(0.,0.,1.));
#3542=DIRECTION('center_axis',(0.,-1.,0.));
#3543=DIRECTION('ref_axis',(1.,0.,0.));
#3544=DIRECTION('',(-1.,0.,0.));
#3545=DIRECTION('',(1.,0.,0.));
#3546=DIRECTION('',(0.,0.,1.));
#3547=DIRECTION('center_axis',(-1.,-1.58603289232165E-16,0.));
#3548=DIRECTION('ref_axis',(1.58603289232165E-16,-1.,0.));
#3549=DIRECTION('',(-1.58603289232165E-16,1.,0.));
#3550=DIRECTION('',(1.58603289232165E-16,-1.,0.));
#3551=DIRECTION('',(0.,0.,1.));
#3552=DIRECTION('center_axis',(0.,1.,0.));
#3553=DIRECTION('ref_axis',(-1.,0.,0.));
#3554=DIRECTION('',(1.,0.,0.));
#3555=DIRECTION('',(-1.,0.,0.));
#3556=DIRECTION('',(0.,0.,1.));
#3557=DIRECTION('center_axis',(1.,-7.40148683083438E-16,0.));
#3558=DIRECTION('ref_axis',(7.40148683083438E-16,1.,0.));
#3559=DIRECTION('',(-7.40148683083438E-16,-1.,0.));
#3560=DIRECTION('',(7.40148683083438E-16,1.,0.));
#3561=DIRECTION('',(0.,0.,1.));
#3562=DIRECTION('center_axis',(0.,1.,0.));
#3563=DIRECTION('ref_axis',(-1.,0.,0.));
#3564=DIRECTION('',(1.,0.,0.));
#3565=DIRECTION('',(-1.,0.,0.));
#3566=DIRECTION('',(0.,0.,1.));
#3567=DIRECTION('center_axis',(-0.707106781186547,0.707106781186548,0.));
#3568=DIRECTION('ref_axis',(-0.707106781186548,-0.707106781186547,0.));
#3569=DIRECTION('',(0.707106781186548,0.707106781186547,0.));
#3570=DIRECTION('',(-0.707106781186548,-0.707106781186547,0.));
#3571=DIRECTION('',(0.,0.,1.));
#3572=DIRECTION('center_axis',(-1.,0.,0.));
#3573=DIRECTION('ref_axis',(0.,-1.,0.));
#3574=DIRECTION('',(0.,-1.,0.));
#3575=DIRECTION('',(0.,-1.,0.));
#3576=DIRECTION('',(0.,0.,1.));
#3577=DIRECTION('center_axis',(-0.707106781186547,-0.707106781186548,0.));
#3578=DIRECTION('ref_axis',(0.707106781186548,-0.707106781186547,0.));
#3579=DIRECTION('',(-0.707106781186548,0.707106781186547,0.));
#3580=DIRECTION('',(0.707106781186548,-0.707106781186547,0.));
#3581=DIRECTION('',(0.,0.,1.));
#3582=DIRECTION('center_axis',(0.,-1.,0.));
#3583=DIRECTION('ref_axis',(1.,0.,0.));
#3584=DIRECTION('',(-1.,0.,0.));
#3585=DIRECTION('',(1.,0.,0.));
#3586=DIRECTION('',(0.,0.,1.));
#3587=DIRECTION('center_axis',(1.,-3.70074341541719E-16,0.));
#3588=DIRECTION('ref_axis',(3.70074341541719E-16,1.,0.));
#3589=DIRECTION('',(-3.70074341541718E-16,-1.,0.));
#3590=DIRECTION('',(3.70074341541718E-16,1.,0.));
#3591=DIRECTION('',(0.,0.,1.));
#3592=DIRECTION('center_axis',(0.,-1.,0.));
#3593=DIRECTION('ref_axis',(1.,0.,0.));
#3594=DIRECTION('',(-1.,0.,0.));
#3595=DIRECTION('',(1.,0.,0.));
#3596=DIRECTION('',(0.,0.,1.));
#3597=DIRECTION('center_axis',(-1.,-1.85037170770859E-16,0.));
#3598=DIRECTION('ref_axis',(1.85037170770859E-16,-1.,0.));
#3599=DIRECTION('',(1.85037170770859E-16,-1.,0.));
#3600=DIRECTION('',(1.85037170770859E-16,-1.,0.));
#3601=DIRECTION('',(0.,0.,1.));
#3602=DIRECTION('center_axis',(0.,0.,1.));
#3603=DIRECTION('ref_axis',(1.11022302462516E-15,1.,0.));
#3604=DIRECTION('center_axis',(0.,0.,1.));
#3605=DIRECTION('ref_axis',(1.11022302462516E-15,1.,0.));
#3606=DIRECTION('center_axis',(0.,0.,1.));
#3607=DIRECTION('ref_axis',(1.11022302462516E-15,1.,0.));
#3608=DIRECTION('',(0.,0.,1.));
#3609=DIRECTION('center_axis',(0.,1.,0.));
#3610=DIRECTION('ref_axis',(-1.,0.,0.));
#3611=DIRECTION('',(1.,0.,0.));
#3612=DIRECTION('',(-1.,0.,0.));
#3613=DIRECTION('',(0.,0.,1.));
#3614=DIRECTION('center_axis',(1.,-2.77555756156289E-16,0.));
#3615=DIRECTION('ref_axis',(2.77555756156289E-16,1.,0.));
#3616=DIRECTION('',(-2.77555756156289E-16,-1.,0.));
#3617=DIRECTION('',(2.77555756156289E-16,1.,0.));
#3618=DIRECTION('',(0.,0.,1.));
#3619=DIRECTION('center_axis',(0.,-1.,0.));
#3620=DIRECTION('ref_axis',(1.,0.,0.));
#3621=DIRECTION('',(-1.,0.,0.));
#3622=DIRECTION('',(1.,0.,0.));
#3623=DIRECTION('',(0.,0.,1.));
#3624=DIRECTION('center_axis',(1.,1.18211996715631E-15,0.));
#3625=DIRECTION('ref_axis',(-1.18211996715631E-15,1.,0.));
#3626=DIRECTION('',(1.18211996715631E-15,-1.,0.));
#3627=DIRECTION('',(-1.18211996715631E-15,1.,0.));
#3628=DIRECTION('',(0.,0.,1.));
#3629=DIRECTION('center_axis',(0.707106781186548,0.707106781186547,0.));
#3630=DIRECTION('ref_axis',(-0.707106781186547,0.707106781186548,0.));
#3631=DIRECTION('',(0.707106781186547,-0.707106781186548,0.));
#3632=DIRECTION('',(-0.707106781186547,0.707106781186548,0.));
#3633=DIRECTION('',(0.,0.,1.));
#3634=DIRECTION('center_axis',(0.,1.,0.));
#3635=DIRECTION('ref_axis',(-1.,0.,0.));
#3636=DIRECTION('',(1.,0.,0.));
#3637=DIRECTION('',(-1.,0.,0.));
#3638=DIRECTION('',(0.,0.,1.));
#3639=DIRECTION('center_axis',(-0.707106781186548,0.707106781186547,0.));
#3640=DIRECTION('ref_axis',(-0.707106781186547,-0.707106781186548,0.));
#3641=DIRECTION('',(0.707106781186547,0.707106781186548,0.));
#3642=DIRECTION('',(-0.707106781186547,-0.707106781186548,0.));
#3643=DIRECTION('',(0.,0.,1.));
#3644=DIRECTION('center_axis',(-1.,0.,0.));
#3645=DIRECTION('ref_axis',(0.,-1.,0.));
#3646=DIRECTION('',(0.,1.,0.));
#3647=DIRECTION('',(0.,-1.,0.));
#3648=DIRECTION('',(0.,0.,1.));
#3649=DIRECTION('center_axis',(0.,-1.,0.));
#3650=DIRECTION('ref_axis',(1.,0.,0.));
#3651=DIRECTION('',(-1.,0.,0.));
#3652=DIRECTION('',(1.,0.,0.));
#3653=DIRECTION('',(0.,0.,1.));
#3654=DIRECTION('center_axis',(-1.,2.77555756156289E-16,0.));
#3655=DIRECTION('ref_axis',(-2.77555756156289E-16,-1.,0.));
#3656=DIRECTION('',(2.77555756156289E-16,1.,0.));
#3657=DIRECTION('',(-2.77555756156289E-16,-1.,0.));
#3658=DIRECTION('',(0.,0.,1.));
#3659=DIRECTION('center_axis',(3.1720657846433E-16,1.,0.));
#3660=DIRECTION('ref_axis',(-1.,3.1720657846433E-16,0.));
#3661=DIRECTION('',(1.,-3.1720657846433E-16,0.));
#3662=DIRECTION('',(-1.,3.1720657846433E-16,0.));
#3663=DIRECTION('',(0.,0.,1.));
#3664=DIRECTION('center_axis',(1.,0.,0.));
#3665=DIRECTION('ref_axis',(0.,1.,0.));
#3666=DIRECTION('',(0.,-1.,0.));
#3667=DIRECTION('',(0.,1.,0.));
#3668=DIRECTION('',(0.,0.,1.));
#3669=DIRECTION('center_axis',(0.,-1.,0.));
#3670=DIRECTION('ref_axis',(1.,0.,0.));
#3671=DIRECTION('',(-1.,0.,0.));
#3672=DIRECTION('',(1.,0.,0.));
#3673=DIRECTION('',(0.,0.,1.));
#3674=DIRECTION('center_axis',(1.,0.,0.));
#3675=DIRECTION('ref_axis',(0.,1.,0.));
#3676=DIRECTION('',(0.,-1.,0.));
#3677=DIRECTION('',(0.,1.,0.));
#3678=DIRECTION('',(0.,0.,1.));
#3679=DIRECTION('center_axis',(0.707106781186548,0.707106781186547,0.));
#3680=DIRECTION('ref_axis',(-0.707106781186547,0.707106781186548,0.));
#3681=DIRECTION('',(0.707106781186547,-0.707106781186548,0.));
#3682=DIRECTION('',(-0.707106781186547,0.707106781186548,0.));
#3683=DIRECTION('',(0.,0.,1.));
#3684=DIRECTION('center_axis',(0.,1.,0.));
#3685=DIRECTION('ref_axis',(-1.,0.,0.));
#3686=DIRECTION('',(-1.,0.,0.));
#3687=DIRECTION('',(-1.,0.,0.));
#3688=DIRECTION('',(0.,0.,1.));
#3689=DIRECTION('center_axis',(-0.707106781186548,0.707106781186547,0.));
#3690=DIRECTION('ref_axis',(-0.707106781186547,-0.707106781186548,0.));
#3691=DIRECTION('',(0.707106781186547,0.707106781186548,0.));
#3692=DIRECTION('',(-0.707106781186547,-0.707106781186548,0.));
#3693=DIRECTION('',(0.,0.,1.));
#3694=DIRECTION('center_axis',(-1.,0.,0.));
#3695=DIRECTION('ref_axis',(0.,-1.,0.));
#3696=DIRECTION('',(0.,1.,0.));
#3697=DIRECTION('',(0.,-1.,0.));
#3698=DIRECTION('',(0.,0.,1.));
#3699=DIRECTION('center_axis',(0.,-1.,0.));
#3700=DIRECTION('ref_axis',(1.,0.,0.));
#3701=DIRECTION('',(-1.,0.,0.));
#3702=DIRECTION('',(1.,0.,0.));
#3703=DIRECTION('',(0.,0.,1.));
#3704=DIRECTION('center_axis',(-1.,0.,0.));
#3705=DIRECTION('ref_axis',(0.,-1.,0.));
#3706=DIRECTION('',(0.,1.,0.));
#3707=DIRECTION('',(0.,-1.,0.));
#3708=DIRECTION('',(0.,0.,1.));
#3709=DIRECTION('center_axis',(0.,1.,0.));
#3710=DIRECTION('ref_axis',(-1.,0.,0.));
#3711=DIRECTION('',(-1.,0.,0.));
#3712=DIRECTION('',(-1.,0.,0.));
#3713=DIRECTION('',(0.,0.,1.));
#3714=DIRECTION('center_axis',(0.,0.,1.));
#3715=DIRECTION('ref_axis',(1.,0.,0.));
#3716=DIRECTION('center_axis',(0.,0.,1.));
#3717=DIRECTION('ref_axis',(1.,0.,0.));
#3718=DIRECTION('center_axis',(0.,0.,1.));
#3719=DIRECTION('ref_axis',(1.,0.,0.));
#3720=DIRECTION('',(0.,0.,1.));
#3721=DIRECTION('center_axis',(1.,0.,0.));
#3722=DIRECTION('ref_axis',(0.,1.,0.));
#3723=DIRECTION('',(0.,-1.,0.));
#3724=DIRECTION('',(0.,1.,0.));
#3725=DIRECTION('',(0.,0.,1.));
#3726=DIRECTION('center_axis',(0.,-1.,0.));
#3727=DIRECTION('ref_axis',(1.,0.,0.));
#3728=DIRECTION('',(-1.,0.,0.));
#3729=DIRECTION('',(1.,0.,0.));
#3730=DIRECTION('',(0.,0.,1.));
#3731=DIRECTION('center_axis',(-1.,0.,0.));
#3732=DIRECTION('ref_axis',(0.,-1.,0.));
#3733=DIRECTION('',(0.,1.,0.));
#3734=DIRECTION('',(0.,-1.,0.));
#3735=DIRECTION('',(0.,0.,1.));
#3736=DIRECTION('center_axis',(0.,-1.,0.));
#3737=DIRECTION('ref_axis',(1.,0.,0.));
#3738=DIRECTION('',(-1.,0.,0.));
#3739=DIRECTION('',(1.,0.,0.));
#3740=DIRECTION('',(0.,0.,1.));
#3741=DIRECTION('center_axis',(0.707106781186547,-0.707106781186548,0.));
#3742=DIRECTION('ref_axis',(0.707106781186548,0.707106781186547,0.));
#3743=DIRECTION('',(-0.707106781186548,-0.707106781186547,0.));
#3744=DIRECTION('',(0.707106781186548,0.707106781186547,0.));
#3745=DIRECTION('',(0.,0.,1.));
#3746=DIRECTION('center_axis',(1.,0.,0.));
#3747=DIRECTION('ref_axis',(0.,1.,0.));
#3748=DIRECTION('',(0.,-1.,0.));
#3749=DIRECTION('',(0.,1.,0.));
#3750=DIRECTION('',(0.,0.,1.));
#3751=DIRECTION('center_axis',(0.707106781186547,0.707106781186548,0.));
#3752=DIRECTION('ref_axis',(-0.707106781186548,0.707106781186547,0.));
#3753=DIRECTION('',(0.707106781186548,-0.707106781186547,0.));
#3754=DIRECTION('',(-0.707106781186548,0.707106781186547,0.));
#3755=DIRECTION('',(0.,0.,1.));
#3756=DIRECTION('center_axis',(0.,1.,0.));
#3757=DIRECTION('ref_axis',(-1.,0.,0.));
#3758=DIRECTION('',(1.,0.,0.));
#3759=DIRECTION('',(-1.,0.,0.));
#3760=DIRECTION('',(0.,0.,1.));
#3761=DIRECTION('center_axis',(-1.,0.,0.));
#3762=DIRECTION('ref_axis',(0.,-1.,0.));
#3763=DIRECTION('',(0.,1.,0.));
#3764=DIRECTION('',(0.,-1.,0.));
#3765=DIRECTION('',(0.,0.,1.));
#3766=DIRECTION('center_axis',(0.,1.,0.));
#3767=DIRECTION('ref_axis',(-1.,0.,0.));
#3768=DIRECTION('',(1.,0.,0.));
#3769=DIRECTION('',(-1.,0.,0.));
#3770=DIRECTION('',(0.,0.,1.));
#3771=DIRECTION('center_axis',(1.,3.1720657846433E-16,0.));
#3772=DIRECTION('ref_axis',(-3.1720657846433E-16,1.,0.));
#3773=DIRECTION('',(-3.1720657846433E-16,1.,0.));
#3774=DIRECTION('',(-3.1720657846433E-16,1.,0.));
#3775=DIRECTION('',(0.,0.,1.));
#3776=DIRECTION('center_axis',(2.77555756156289E-16,-1.,0.));
#3777=DIRECTION('ref_axis',(1.,2.77555756156289E-16,0.));
#3778=DIRECTION('',(-1.,-2.77555756156289E-16,0.));
#3779=DIRECTION('',(1.,2.77555756156289E-16,0.));
#3780=DIRECTION('center_axis',(0.,0.,1.));
#3781=DIRECTION('ref_axis',(1.,0.,0.));
#3782=DIRECTION('center_axis',(0.,0.,1.));
#3783=DIRECTION('ref_axis',(1.,0.,0.));
#3784=DIRECTION('',(0.,0.,1.));
#3785=DIRECTION('',(1.,0.,0.));
#3786=DIRECTION('',(0.,0.,1.));
#3787=DIRECTION('',(1.,0.,0.));
#3788=CARTESIAN_POINT('',(0.,0.,0.));
#3789=CARTESIAN_POINT('',(0.,0.,0.));
#3790=CARTESIAN_POINT('Origin',(-7.0605,11.8786796564404,0.));
#3791=CARTESIAN_POINT('',(-7.0605,11.8786796564404,0.));
#3792=CARTESIAN_POINT('',(-2.93917965644035,16.,0.));
#3793=CARTESIAN_POINT('',(-2.93917965644035,16.,0.));
#3794=CARTESIAN_POINT('',(-2.93917965644035,16.,40.));
#3795=CARTESIAN_POINT('',(-2.93917965644035,16.,0.));
#3796=CARTESIAN_POINT('',(-7.0605,11.8786796564404,40.));
#3797=CARTESIAN_POINT('',(-2.93917965644035,16.,40.));
#3798=CARTESIAN_POINT('',(-7.0605,11.8786796564404,0.));
#3799=CARTESIAN_POINT('Origin',(-8.,11.8786796564404,0.));
#3800=CARTESIAN_POINT('',(-8.,11.8786796564404,0.));
#3801=CARTESIAN_POINT('',(-7.0605,11.8786796564404,0.));
#3802=CARTESIAN_POINT('',(-8.,11.8786796564404,40.));
#3803=CARTESIAN_POINT('',(-7.0605,11.8786796564404,40.));
#3804=CARTESIAN_POINT('',(-8.,11.8786796564404,0.));
#3805=CARTESIAN_POINT('Origin',(-8.,8.12132034355964,0.));
#3806=CARTESIAN_POINT('',(-8.,8.12132034355964,0.));
#3807=CARTESIAN_POINT('',(-8.,8.12132034355964,0.));
#3808=CARTESIAN_POINT('',(-8.,8.12132034355964,40.));
#3809=CARTESIAN_POINT('',(-8.,8.12132034355964,40.));
#3810=CARTESIAN_POINT('',(-8.,8.12132034355964,0.));
#3811=CARTESIAN_POINT('Origin',(-7.06050000000001,8.12132034355964,0.));
#3812=CARTESIAN_POINT('',(-7.06050000000001,8.12132034355964,0.));
#3813=CARTESIAN_POINT('',(-7.06050000000001,8.12132034355964,0.));
#3814=CARTESIAN_POINT('',(-7.06050000000001,8.12132034355964,40.));
#3815=CARTESIAN_POINT('',(-7.06050000000001,8.12132034355964,40.));
#3816=CARTESIAN_POINT('',(-7.06050000000001,8.12132034355964,0.));
#3817=CARTESIAN_POINT('Origin',(-2.93917965644036,4.,0.));
#3818=CARTESIAN_POINT('',(-2.93917965644036,4.,0.));
#3819=CARTESIAN_POINT('',(-2.93917965644036,4.,0.));
#3820=CARTESIAN_POINT('',(-2.93917965644036,4.,40.));
#3821=CARTESIAN_POINT('',(-2.93917965644036,4.,40.));
#3822=CARTESIAN_POINT('',(-2.93917965644036,4.,0.));
#3823=CARTESIAN_POINT('Origin',(0.000320343559639391,4.,0.));
#3824=CARTESIAN_POINT('',(0.000320343559639391,4.,0.));
#3825=CARTESIAN_POINT('',(-2.93917965644036,4.,0.));
#3826=CARTESIAN_POINT('',(0.000320343559639391,4.,40.));
#3827=CARTESIAN_POINT('',(-2.93917965644036,4.,40.));
#3828=CARTESIAN_POINT('',(0.000320343559639391,4.,0.));
#3829=CARTESIAN_POINT('Origin',(0.000320343559639391,2.78241041870193,0.));
#3830=CARTESIAN_POINT('',(1.12909342431425,2.32590661734935,0.));
#3831=CARTESIAN_POINT('Origin',(0.000320343559639391,2.78241041870193,0.));
#3832=CARTESIAN_POINT('',(1.12909342431425,2.32590661734935,40.));
#3833=CARTESIAN_POINT('Origin',(0.000320343559639391,2.78241041870193,40.));
#3834=CARTESIAN_POINT('',(1.12909342431425,2.32590661734935,0.));
#3835=CARTESIAN_POINT('Origin',(0.665565689643907,2.51336871802942,0.));
#3836=CARTESIAN_POINT('',(0.537572287789309,2.03002857994684,0.));
#3837=CARTESIAN_POINT('Origin',(0.665565689643907,2.51336871802942,0.));
#3838=CARTESIAN_POINT('',(0.53757228778931,2.03002857994684,40.));
#3839=CARTESIAN_POINT('Origin',(0.665565689643907,2.51336871802942,40.));
#3840=CARTESIAN_POINT('',(0.537572287789309,2.03002857994684,0.));
#3841=CARTESIAN_POINT('Origin',(0.,0.,0.));
#3842=CARTESIAN_POINT('',(2.03002857994684,0.53757228778931,0.));
#3843=CARTESIAN_POINT('Origin',(0.,0.,0.));
#3844=CARTESIAN_POINT('',(2.03002857994684,0.53757228778931,40.));
#3845=CARTESIAN_POINT('Origin',(0.,0.,40.));
#3846=CARTESIAN_POINT('',(2.03002857994684,0.53757228778931,0.));
#3847=CARTESIAN_POINT('Origin',(2.51336871802942,0.665565689643908,0.));
#3848=CARTESIAN_POINT('',(2.32590661734935,1.12909342431425,0.));
#3849=CARTESIAN_POINT('Origin',(2.51336871802942,0.665565689643908,0.));
#3850=CARTESIAN_POINT('',(2.32590661734935,1.12909342431425,40.));
#3851=CARTESIAN_POINT('Origin',(2.51336871802942,0.665565689643908,40.));
#3852=CARTESIAN_POINT('',(2.32590661734935,1.12909342431425,0.));
#3853=CARTESIAN_POINT('Origin',(2.78241041870193,0.000320343559640501,0.));
#3854=CARTESIAN_POINT('',(4.,0.000320343559641612,0.));
#3855=CARTESIAN_POINT('Origin',(2.78241041870193,0.000320343559640501,0.));
#3856=CARTESIAN_POINT('',(4.,0.000320343559641056,40.));
#3857=CARTESIAN_POINT('Origin',(2.78241041870193,0.000320343559640501,40.));
#3858=CARTESIAN_POINT('',(4.,0.000320343559641612,0.));
#3859=CARTESIAN_POINT('Origin',(4.,-2.93917965644036,0.));
#3860=CARTESIAN_POINT('',(4.,-2.93917965644036,0.));
#3861=CARTESIAN_POINT('',(4.,0.000320343559641612,0.));
#3862=CARTESIAN_POINT('',(4.,-2.93917965644036,40.));
#3863=CARTESIAN_POINT('',(4.,0.000320343559641612,40.));
#3864=CARTESIAN_POINT('',(4.,-2.93917965644036,0.));
#3865=CARTESIAN_POINT('Origin',(8.12132034355965,-7.0605,0.));
#3866=CARTESIAN_POINT('',(8.12132034355965,-7.0605,0.));
#3867=CARTESIAN_POINT('',(4.,-2.93917965644036,0.));
#3868=CARTESIAN_POINT('',(8.12132034355964,-7.0605,40.));
#3869=CARTESIAN_POINT('',(4.,-2.93917965644036,40.));
#3870=CARTESIAN_POINT('',(8.12132034355965,-7.0605,0.));
#3871=CARTESIAN_POINT('Origin',(8.12132034355965,-8.,0.));
#3872=CARTESIAN_POINT('',(8.12132034355964,-8.,0.));
#3873=CARTESIAN_POINT('',(8.12132034355965,-7.0605,0.));
#3874=CARTESIAN_POINT('',(8.12132034355964,-8.00000000000001,40.));
#3875=CARTESIAN_POINT('',(8.12132034355965,-7.0605,40.));
#3876=CARTESIAN_POINT('',(8.12132034355964,-8.,0.));
#3877=CARTESIAN_POINT('Origin',(11.8786796564404,-8.,0.));
#3878=CARTESIAN_POINT('',(11.8786796564404,-8.,0.));
#3879=CARTESIAN_POINT('',(11.8786796564404,-8.,0.));
#3880=CARTESIAN_POINT('',(11.8786796564404,-8.,40.));
#3881=CARTESIAN_POINT('',(11.8786796564404,-8.,40.));
#3882=CARTESIAN_POINT('',(11.8786796564404,-8.,0.));
#3883=CARTESIAN_POINT('Origin',(11.8786796564404,-7.0605,0.));
#3884=CARTESIAN_POINT('',(11.8786796564404,-7.0605,0.));
#3885=CARTESIAN_POINT('',(11.8786796564404,-7.0605,0.));
#3886=CARTESIAN_POINT('',(11.8786796564404,-7.0605,40.));
#3887=CARTESIAN_POINT('',(11.8786796564404,-7.0605,40.));
#3888=CARTESIAN_POINT('',(11.8786796564404,-7.0605,0.));
#3889=CARTESIAN_POINT('Origin',(16.,-2.93917965644036,0.));
#3890=CARTESIAN_POINT('',(16.,-2.93917965644036,0.));
#3891=CARTESIAN_POINT('',(16.,-2.93917965644036,0.));
#3892=CARTESIAN_POINT('',(16.,-2.93917965644036,40.));
#3893=CARTESIAN_POINT('',(16.,-2.93917965644036,40.));
#3894=CARTESIAN_POINT('',(16.,-2.93917965644036,0.));
#3895=CARTESIAN_POINT('Origin',(16.,0.000320343559640501,0.));
#3896=CARTESIAN_POINT('',(16.,0.000320343559640224,0.));
#3897=CARTESIAN_POINT('',(16.,-2.93917965644036,0.));
#3898=CARTESIAN_POINT('',(16.,0.000320343559641056,40.));
#3899=CARTESIAN_POINT('',(16.,-2.93917965644036,40.));
#3900=CARTESIAN_POINT('',(16.,0.000320343559640224,0.));
#3901=CARTESIAN_POINT('Origin',(17.2175895812981,0.000320343559641031,0.));
#3902=CARTESIAN_POINT('',(17.6740933826506,1.12909342431425,0.));
#3903=CARTESIAN_POINT('Origin',(17.2175895812981,0.000320343559641031,0.));
#3904=CARTESIAN_POINT('',(17.6740933826506,1.12909342431425,40.));
#3905=CARTESIAN_POINT('Origin',(17.2175895812981,0.000320343559641031,40.));
#3906=CARTESIAN_POINT('',(17.6740933826506,1.12909342431425,0.));
#3907=CARTESIAN_POINT('Origin',(17.4866312819706,0.665565689643907,0.));
#3908=CARTESIAN_POINT('',(17.9699714200532,0.537572287789309,0.));
#3909=CARTESIAN_POINT('Origin',(17.4866312819706,0.665565689643907,0.));
#3910=CARTESIAN_POINT('',(17.9699714200532,0.53757228778931,40.));
#3911=CARTESIAN_POINT('Origin',(17.4866312819706,0.665565689643907,40.));
#3912=CARTESIAN_POINT('',(17.9699714200532,0.537572287789309,0.));
#3913=CARTESIAN_POINT('Origin',(20.,0.,0.));
#3914=CARTESIAN_POINT('',(19.4624277122107,2.03002857994684,0.));
#3915=CARTESIAN_POINT('Origin',(20.,0.,0.));
#3916=CARTESIAN_POINT('',(19.4624277122107,2.03002857994684,40.));
#3917=CARTESIAN_POINT('Origin',(20.,0.,40.));
#3918=CARTESIAN_POINT('',(19.4624277122107,2.03002857994684,0.));
#3919=CARTESIAN_POINT('Origin',(19.3344343103561,2.51336871802942,0.));
#3920=CARTESIAN_POINT('',(18.8709065756858,2.32590661734935,0.));
#3921=CARTESIAN_POINT('Origin',(19.3344343103561,2.51336871802942,0.));
#3922=CARTESIAN_POINT('',(18.8709065756858,2.32590661734935,40.));
#3923=CARTESIAN_POINT('Origin',(19.3344343103561,2.51336871802942,40.));
#3924=CARTESIAN_POINT('',(18.8709065756858,2.32590661734935,0.));
#3925=CARTESIAN_POINT('Origin',(19.9996796564404,2.78241041870193,0.));
#3926=CARTESIAN_POINT('',(19.9996796564404,4.,0.));
#3927=CARTESIAN_POINT('Origin',(19.9996796564404,2.78241041870193,0.));
#3928=CARTESIAN_POINT('',(19.9996796564404,4.,40.));
#3929=CARTESIAN_POINT('Origin',(19.9996796564404,2.78241041870193,40.));
#3930=CARTESIAN_POINT('',(19.9996796564404,4.,0.));
#3931=CARTESIAN_POINT('Origin',(22.9391796564404,4.00000000000001,0.));
#3932=CARTESIAN_POINT('',(22.9391796564404,4.00000000000001,0.));
#3933=CARTESIAN_POINT('',(19.9996796564404,4.,0.));
#3934=CARTESIAN_POINT('',(22.9391796564404,4.00000000000001,40.));
#3935=CARTESIAN_POINT('',(19.9996796564404,4.,40.));
#3936=CARTESIAN_POINT('',(22.9391796564404,4.00000000000001,0.));
#3937=CARTESIAN_POINT('Origin',(27.0605,8.12132034355964,0.));
#3938=CARTESIAN_POINT('',(27.0605,8.12132034355964,0.));
#3939=CARTESIAN_POINT('',(22.9391796564404,4.00000000000001,0.));
#3940=CARTESIAN_POINT('',(27.0605,8.12132034355964,40.));
#3941=CARTESIAN_POINT('',(22.9391796564404,4.00000000000001,40.));
#3942=CARTESIAN_POINT('',(27.0605,8.12132034355964,0.));
#3943=CARTESIAN_POINT('Origin',(28.,8.12132034355964,0.));
#3944=CARTESIAN_POINT('',(28.,8.12132034355964,0.));
#3945=CARTESIAN_POINT('',(27.0605,8.12132034355964,0.));
#3946=CARTESIAN_POINT('',(28.,8.12132034355964,40.));
#3947=CARTESIAN_POINT('',(27.0605,8.12132034355964,40.));
#3948=CARTESIAN_POINT('',(28.,8.12132034355964,0.));
#3949=CARTESIAN_POINT('Origin',(28.,11.8786796564404,0.));
#3950=CARTESIAN_POINT('',(28.,11.8786796564404,0.));
#3951=CARTESIAN_POINT('',(28.,11.8786796564404,0.));
#3952=CARTESIAN_POINT('',(28.,11.8786796564404,40.));
#3953=CARTESIAN_POINT('',(28.,11.8786796564404,40.));
#3954=CARTESIAN_POINT('',(28.,11.8786796564404,0.));
#3955=CARTESIAN_POINT('Origin',(27.0605,11.8786796564404,0.));
#3956=CARTESIAN_POINT('',(27.0605,11.8786796564404,0.));
#3957=CARTESIAN_POINT('',(27.0605,11.8786796564404,0.));
#3958=CARTESIAN_POINT('',(27.0605,11.8786796564404,40.));
#3959=CARTESIAN_POINT('',(27.0605,11.8786796564404,40.));
#3960=CARTESIAN_POINT('',(27.0605,11.8786796564404,0.));
#3961=CARTESIAN_POINT('Origin',(22.9391796564404,16.,0.));
#3962=CARTESIAN_POINT('',(22.9391796564404,16.,0.));
#3963=CARTESIAN_POINT('',(22.9391796564404,16.,0.));
#3964=CARTESIAN_POINT('',(22.9391796564404,16.,40.));
#3965=CARTESIAN_POINT('',(22.9391796564404,16.,40.));
#3966=CARTESIAN_POINT('',(22.9391796564404,16.,0.));
#3967=CARTESIAN_POINT('Origin',(19.9996796564404,16.,0.));
#3968=CARTESIAN_POINT('',(19.9996796564404,16.,0.));
#3969=CARTESIAN_POINT('',(22.9391796564404,16.,0.));
#3970=CARTESIAN_POINT('',(19.9996796564404,16.,40.));
#3971=CARTESIAN_POINT('',(22.9391796564404,16.,40.));
#3972=CARTESIAN_POINT('',(19.9996796564404,16.,0.));
#3973=CARTESIAN_POINT('Origin',(19.9996796564404,17.2175895812981,0.));
#3974=CARTESIAN_POINT('',(18.8709065756858,17.6740933826506,0.));
#3975=CARTESIAN_POINT('Origin',(19.9996796564404,17.2175895812981,0.));
#3976=CARTESIAN_POINT('',(18.8709065756858,17.6740933826506,40.));
#3977=CARTESIAN_POINT('Origin',(19.9996796564404,17.2175895812981,40.));
#3978=CARTESIAN_POINT('',(18.8709065756858,17.6740933826506,0.));
#3979=CARTESIAN_POINT('Origin',(19.3344343103561,17.4866312819706,0.));
#3980=CARTESIAN_POINT('',(19.4624277122107,17.9699714200532,0.));
#3981=CARTESIAN_POINT('Origin',(19.3344343103561,17.4866312819706,0.));
#3982=CARTESIAN_POINT('',(19.4624277122107,17.9699714200532,40.));
#3983=CARTESIAN_POINT('Origin',(19.3344343103561,17.4866312819706,40.));
#3984=CARTESIAN_POINT('',(19.4624277122107,17.9699714200532,0.));
#3985=CARTESIAN_POINT('Origin',(20.,20.,0.));
#3986=CARTESIAN_POINT('',(17.9699714200532,19.4624277122107,0.));
#3987=CARTESIAN_POINT('Origin',(20.,20.,0.));
#3988=CARTESIAN_POINT('',(17.9699714200532,19.4624277122107,40.));
#3989=CARTESIAN_POINT('Origin',(20.,20.,40.));
#3990=CARTESIAN_POINT('',(17.9699714200532,19.4624277122107,0.));
#3991=CARTESIAN_POINT('Origin',(17.4866312819706,19.3344343103561,0.));
#3992=CARTESIAN_POINT('',(17.6740933826506,18.8709065756858,0.));
#3993=CARTESIAN_POINT('Origin',(17.4866312819706,19.3344343103561,0.));
#3994=CARTESIAN_POINT('',(17.6740933826506,18.8709065756858,40.));
#3995=CARTESIAN_POINT('Origin',(17.4866312819706,19.3344343103561,40.));
#3996=CARTESIAN_POINT('',(17.6740933826506,18.8709065756858,0.));
#3997=CARTESIAN_POINT('Origin',(17.2175895812981,19.9996796564404,0.));
#3998=CARTESIAN_POINT('',(16.,19.9996796564404,0.));
#3999=CARTESIAN_POINT('Origin',(17.2175895812981,19.9996796564404,0.));
#4000=CARTESIAN_POINT('',(16.,19.9996796564404,40.));
#4001=CARTESIAN_POINT('Origin',(17.2175895812981,19.9996796564404,40.));
#4002=CARTESIAN_POINT('',(16.,19.9996796564404,0.));
#4003=CARTESIAN_POINT('Origin',(16.,22.9391796564404,0.));
#4004=CARTESIAN_POINT('',(16.,22.9391796564404,0.));
#4005=CARTESIAN_POINT('',(16.,19.9996796564404,0.));
#4006=CARTESIAN_POINT('',(16.,22.9391796564404,40.));
#4007=CARTESIAN_POINT('',(16.,19.9996796564404,40.));
#4008=CARTESIAN_POINT('',(16.,22.9391796564404,0.));
#4009=CARTESIAN_POINT('Origin',(11.8786796564404,27.0605,0.));
#4010=CARTESIAN_POINT('',(11.8786796564404,27.0605,0.));
#4011=CARTESIAN_POINT('',(16.,22.9391796564404,0.));
#4012=CARTESIAN_POINT('',(11.8786796564404,27.0605,40.));
#4013=CARTESIAN_POINT('',(16.,22.9391796564404,40.));
#4014=CARTESIAN_POINT('',(11.8786796564404,27.0605,0.));
#4015=CARTESIAN_POINT('Origin',(11.8786796564404,28.,0.));
#4016=CARTESIAN_POINT('',(11.8786796564404,28.,0.));
#4017=CARTESIAN_POINT('',(11.8786796564404,27.0605,0.));
#4018=CARTESIAN_POINT('',(11.8786796564404,28.,40.));
#4019=CARTESIAN_POINT('',(11.8786796564404,27.0605,40.));
#4020=CARTESIAN_POINT('',(11.8786796564404,28.,0.));
#4021=CARTESIAN_POINT('Origin',(8.12132034355964,28.,0.));
#4022=CARTESIAN_POINT('',(8.12132034355964,28.,0.));
#4023=CARTESIAN_POINT('',(8.12132034355964,28.,0.));
#4024=CARTESIAN_POINT('',(8.12132034355964,28.,40.));
#4025=CARTESIAN_POINT('',(8.12132034355964,28.,40.));
#4026=CARTESIAN_POINT('',(8.12132034355964,28.,0.));
#4027=CARTESIAN_POINT('Origin',(8.12132034355964,27.0605,0.));
#4028=CARTESIAN_POINT('',(8.12132034355964,27.0605,0.));
#4029=CARTESIAN_POINT('',(8.12132034355964,27.0605,0.));
#4030=CARTESIAN_POINT('',(8.12132034355964,27.0605,40.));
#4031=CARTESIAN_POINT('',(8.12132034355964,27.0605,40.));
#4032=CARTESIAN_POINT('',(8.12132034355964,27.0605,0.));
#4033=CARTESIAN_POINT('Origin',(4.00000000000001,22.9391796564404,0.));
#4034=CARTESIAN_POINT('',(4.00000000000001,22.9391796564404,0.));
#4035=CARTESIAN_POINT('',(4.00000000000001,22.9391796564404,0.));
#4036=CARTESIAN_POINT('',(4.00000000000001,22.9391796564404,40.));
#4037=CARTESIAN_POINT('',(4.00000000000001,22.9391796564404,40.));
#4038=CARTESIAN_POINT('',(4.00000000000001,22.9391796564404,0.));
#4039=CARTESIAN_POINT('Origin',(4.,19.9996796564404,0.));
#4040=CARTESIAN_POINT('',(4.00000000000001,19.9996796564404,0.));
#4041=CARTESIAN_POINT('',(4.00000000000001,22.9391796564404,0.));
#4042=CARTESIAN_POINT('',(4.00000000000001,19.9996796564404,40.));
#4043=CARTESIAN_POINT('',(4.00000000000001,22.9391796564404,40.));
#4044=CARTESIAN_POINT('',(4.00000000000001,19.9996796564404,0.));
#4045=CARTESIAN_POINT('Origin',(2.78241041870194,19.9996796564404,0.));
#4046=CARTESIAN_POINT('',(2.32590661734935,18.8709065756858,0.));
#4047=CARTESIAN_POINT('Origin',(2.78241041870194,19.9996796564404,0.));
#4048=CARTESIAN_POINT('',(2.32590661734935,18.8709065756858,40.));
#4049=CARTESIAN_POINT('Origin',(2.78241041870194,19.9996796564404,40.));
#4050=CARTESIAN_POINT('',(2.32590661734935,18.8709065756858,0.));
#4051=CARTESIAN_POINT('Origin',(2.51336871802942,19.3344343103561,0.));
#4052=CARTESIAN_POINT('',(2.03002857994684,19.4624277122107,0.));
#4053=CARTESIAN_POINT('Origin',(2.51336871802942,19.3344343103561,0.));
#4054=CARTESIAN_POINT('',(2.03002857994684,19.4624277122107,40.));
#4055=CARTESIAN_POINT('Origin',(2.51336871802942,19.3344343103561,40.));
#4056=CARTESIAN_POINT('',(2.03002857994684,19.4624277122107,0.));
#4057=CARTESIAN_POINT('Origin',(2.22044604925031E-15,20.,0.));
#4058=CARTESIAN_POINT('',(0.537572287789312,17.9699714200532,0.));
#4059=CARTESIAN_POINT('Origin',(2.22044604925031E-15,20.,0.));
#4060=CARTESIAN_POINT('',(0.537572287789312,17.9699714200532,40.));
#4061=CARTESIAN_POINT('Origin',(2.22044604925031E-15,20.,40.));
#4062=CARTESIAN_POINT('',(0.537572287789312,17.9699714200532,0.));
#4063=CARTESIAN_POINT('Origin',(0.66556568964391,17.4866312819706,0.));
#4064=CARTESIAN_POINT('',(1.12909342431425,17.6740933826506,0.));
#4065=CARTESIAN_POINT('Origin',(0.66556568964391,17.4866312819706,0.));
#4066=CARTESIAN_POINT('',(1.12909342431425,17.6740933826506,40.));
#4067=CARTESIAN_POINT('Origin',(0.66556568964391,17.4866312819706,40.));
#4068=CARTESIAN_POINT('',(1.12909342431425,17.6740933826506,0.));
#4069=CARTESIAN_POINT('Origin',(0.000320343559642581,17.2175895812981,0.));
#4070=CARTESIAN_POINT('',(0.000320343559632375,16.,0.));
#4071=CARTESIAN_POINT('Origin',(0.000320343559642581,17.2175895812981,0.));
#4072=CARTESIAN_POINT('',(0.000320343559632175,16.,40.));
#4073=CARTESIAN_POINT('Origin',(0.000320343559642581,17.2175895812981,40.));
#4074=CARTESIAN_POINT('',(0.000320343559632375,16.,0.));
#4075=CARTESIAN_POINT('Origin',(-2.93917965644035,16.,0.));
#4076=CARTESIAN_POINT('',(0.000320343559632375,16.,0.));
#4077=CARTESIAN_POINT('',(0.000320343559632375,16.,40.));
#4078=CARTESIAN_POINT('Origin',(28.,6.,0.));
#4079=CARTESIAN_POINT('',(28.,3.,0.));
#4080=CARTESIAN_POINT('',(28.,6.,0.));
#4081=CARTESIAN_POINT('',(28.,3.,0.));
#4082=CARTESIAN_POINT('',(28.,3.,40.));
#4083=CARTESIAN_POINT('',(28.,3.,0.));
#4084=CARTESIAN_POINT('',(28.,6.,40.));
#4085=CARTESIAN_POINT('',(28.,3.,40.));
#4086=CARTESIAN_POINT('',(28.,6.,0.));
#4087=CARTESIAN_POINT('Origin',(27.0608203435596,6.,0.));
#4088=CARTESIAN_POINT('',(27.0608203435596,6.,0.));
#4089=CARTESIAN_POINT('',(28.,6.,0.));
#4090=CARTESIAN_POINT('',(27.0608203435596,6.,40.));
#4091=CARTESIAN_POINT('',(28.,6.,40.));
#4092=CARTESIAN_POINT('',(27.0608203435596,6.,0.));
#4093=CARTESIAN_POINT('Origin',(24.,2.93917965644036,0.));
#4094=CARTESIAN_POINT('',(24.,2.93917965644036,0.));
#4095=CARTESIAN_POINT('',(27.0608203435596,6.,0.));
#4096=CARTESIAN_POINT('',(24.,2.93917965644036,40.));
#4097=CARTESIAN_POINT('',(27.0608203435596,6.,40.));
#4098=CARTESIAN_POINT('',(24.,2.93917965644036,0.));
#4099=CARTESIAN_POINT('Origin',(24.,-2.9395,0.));
#4100=CARTESIAN_POINT('',(24.,-2.9395,0.));
#4101=CARTESIAN_POINT('',(24.,-2.9395,0.));
#4102=CARTESIAN_POINT('',(24.,-2.9395,40.));
#4103=CARTESIAN_POINT('',(24.,-2.9395,40.));
#4104=CARTESIAN_POINT('',(24.,-2.9395,0.));
#4105=CARTESIAN_POINT('Origin',(27.0605,-6.,0.));
#4106=CARTESIAN_POINT('',(27.0605,-6.,0.));
#4107=CARTESIAN_POINT('',(24.,-2.9395,0.));
#4108=CARTESIAN_POINT('',(27.0605,-6.,40.));
#4109=CARTESIAN_POINT('',(24.,-2.9395,40.));
#4110=CARTESIAN_POINT('',(27.0605,-6.,0.));
#4111=CARTESIAN_POINT('Origin',(28.,-6.,0.));
#4112=CARTESIAN_POINT('',(28.,-6.,0.));
#4113=CARTESIAN_POINT('',(27.0605,-6.,0.));
#4114=CARTESIAN_POINT('',(28.,-6.,40.));
#4115=CARTESIAN_POINT('',(27.0605,-6.,40.));
#4116=CARTESIAN_POINT('',(28.,-6.,0.));
#4117=CARTESIAN_POINT('Origin',(28.,-3.,0.));
#4118=CARTESIAN_POINT('',(28.,-3.,0.));
#4119=CARTESIAN_POINT('',(28.,-6.,0.));
#4120=CARTESIAN_POINT('',(28.,-3.,40.));
#4121=CARTESIAN_POINT('',(28.,-6.,40.));
#4122=CARTESIAN_POINT('',(28.,-3.,0.));
#4123=CARTESIAN_POINT('Origin',(30.,-3.,0.));
#4124=CARTESIAN_POINT('',(30.,-3.,0.));
#4125=CARTESIAN_POINT('',(28.,-3.,0.));
#4126=CARTESIAN_POINT('',(30.,-3.,40.));
#4127=CARTESIAN_POINT('',(28.,-3.,40.));
#4128=CARTESIAN_POINT('',(30.,-3.,0.));
#4129=CARTESIAN_POINT('Origin',(30.,-9.,0.));
#4130=CARTESIAN_POINT('',(30.,-9.,0.));
#4131=CARTESIAN_POINT('',(30.,-9.,0.));
#4132=CARTESIAN_POINT('',(30.,-9.,40.));
#4133=CARTESIAN_POINT('',(30.,-9.,40.));
#4134=CARTESIAN_POINT('',(30.,-9.,0.));
#4135=CARTESIAN_POINT('Origin',(29.,-9.,0.));
#4136=CARTESIAN_POINT('',(29.,-10.,0.));
#4137=CARTESIAN_POINT('Origin',(29.,-9.,0.));
#4138=CARTESIAN_POINT('',(29.,-10.,40.));
#4139=CARTESIAN_POINT('Origin',(29.,-9.,40.));
#4140=CARTESIAN_POINT('',(29.,-10.,0.));
#4141=CARTESIAN_POINT('Origin',(23.,-10.,0.));
#4142=CARTESIAN_POINT('',(23.,-10.,0.));
#4143=CARTESIAN_POINT('',(29.,-10.,0.));
#4144=CARTESIAN_POINT('',(23.,-10.,40.));
#4145=CARTESIAN_POINT('',(29.,-10.,40.));
#4146=CARTESIAN_POINT('',(23.,-10.,0.));
#4147=CARTESIAN_POINT('Origin',(23.,-8.,0.));
#4148=CARTESIAN_POINT('',(23.,-8.,0.));
#4149=CARTESIAN_POINT('',(23.,-10.,0.));
#4150=CARTESIAN_POINT('',(23.,-8.00000000000001,40.));
#4151=CARTESIAN_POINT('',(23.,-10.,40.));
#4152=CARTESIAN_POINT('',(23.,-8.,0.));
#4153=CARTESIAN_POINT('Origin',(26.,-8.,0.));
#4154=CARTESIAN_POINT('',(26.,-8.,0.));
#4155=CARTESIAN_POINT('',(23.,-8.,0.));
#4156=CARTESIAN_POINT('',(26.,-8.00000000000001,40.));
#4157=CARTESIAN_POINT('',(23.,-8.,40.));
#4158=CARTESIAN_POINT('',(26.,-8.,0.));
#4159=CARTESIAN_POINT('Origin',(26.,-7.06082034355964,0.));
#4160=CARTESIAN_POINT('',(26.,-7.06082034355964,0.));
#4161=CARTESIAN_POINT('',(26.,-8.,0.));
#4162=CARTESIAN_POINT('',(26.,-7.06082034355964,40.));
#4163=CARTESIAN_POINT('',(26.,-8.,40.));
#4164=CARTESIAN_POINT('',(26.,-7.06082034355964,0.));
#4165=CARTESIAN_POINT('Origin',(22.9391796564404,-4.,0.));
#4166=CARTESIAN_POINT('',(22.9391796564404,-4.,0.));
#4167=CARTESIAN_POINT('',(26.,-7.06082034355964,0.));
#4168=CARTESIAN_POINT('',(22.9391796564404,-4.,40.));
#4169=CARTESIAN_POINT('',(26.,-7.06082034355964,40.));
#4170=CARTESIAN_POINT('',(22.9391796564404,-4.,0.));
#4171=CARTESIAN_POINT('Origin',(17.0605,-4.,0.));
#4172=CARTESIAN_POINT('',(17.0605,-4.,0.));
#4173=CARTESIAN_POINT('',(22.9391796564404,-4.,0.));
#4174=CARTESIAN_POINT('',(17.0605,-4.,40.));
#4175=CARTESIAN_POINT('',(22.9391796564404,-4.,40.));
#4176=CARTESIAN_POINT('',(17.0605,-4.,0.));
#4177=CARTESIAN_POINT('Origin',(14.,-7.06050000000001,0.));
#4178=CARTESIAN_POINT('',(14.,-7.06050000000001,0.));
#4179=CARTESIAN_POINT('',(17.0605,-4.,0.));
#4180=CARTESIAN_POINT('',(14.,-7.06050000000001,40.));
#4181=CARTESIAN_POINT('',(17.0605,-4.,40.));
#4182=CARTESIAN_POINT('',(14.,-7.06050000000001,0.));
#4183=CARTESIAN_POINT('Origin',(14.,-8.,0.));
#4184=CARTESIAN_POINT('',(14.,-8.,0.));
#4185=CARTESIAN_POINT('',(14.,-7.06050000000001,0.));
#4186=CARTESIAN_POINT('',(14.,-8.00000000000001,40.));
#4187=CARTESIAN_POINT('',(14.,-7.06050000000001,40.));
#4188=CARTESIAN_POINT('',(14.,-8.,0.));
#4189=CARTESIAN_POINT('Origin',(17.,-8.,0.));
#4190=CARTESIAN_POINT('',(17.,-8.,0.));
#4191=CARTESIAN_POINT('',(14.,-8.,0.));
#4192=CARTESIAN_POINT('',(17.,-8.,40.));
#4193=CARTESIAN_POINT('',(14.,-8.,40.));
#4194=CARTESIAN_POINT('',(17.,-8.,0.));
#4195=CARTESIAN_POINT('Origin',(17.,-10.,0.));
#4196=CARTESIAN_POINT('',(17.,-10.,0.));
#4197=CARTESIAN_POINT('',(17.,-8.,0.));
#4198=CARTESIAN_POINT('',(17.,-10.,40.));
#4199=CARTESIAN_POINT('',(17.,-8.,40.));
#4200=CARTESIAN_POINT('',(17.,-10.,0.));
#4201=CARTESIAN_POINT('Origin',(3.,-10.,0.));
#4202=CARTESIAN_POINT('',(3.,-10.,0.));
#4203=CARTESIAN_POINT('',(3.,-10.,0.));
#4204=CARTESIAN_POINT('',(3.,-10.,40.));
#4205=CARTESIAN_POINT('',(3.,-10.,40.));
#4206=CARTESIAN_POINT('',(3.,-10.,0.));
#4207=CARTESIAN_POINT('Origin',(3.,-8.,0.));
#4208=CARTESIAN_POINT('',(3.,-8.,0.));
#4209=CARTESIAN_POINT('',(3.,-10.,0.));
#4210=CARTESIAN_POINT('',(3.,-8.,40.));
#4211=CARTESIAN_POINT('',(3.,-10.,40.));
#4212=CARTESIAN_POINT('',(3.,-8.,0.));
#4213=CARTESIAN_POINT('Origin',(6.,-8.,0.));
#4214=CARTESIAN_POINT('',(6.,-8.,0.));
#4215=CARTESIAN_POINT('',(3.,-8.,0.));
#4216=CARTESIAN_POINT('',(6.,-8.,40.));
#4217=CARTESIAN_POINT('',(3.,-8.,40.));
#4218=CARTESIAN_POINT('',(6.,-8.,0.));
#4219=CARTESIAN_POINT('Origin',(6.,-7.06082034355964,0.));
#4220=CARTESIAN_POINT('',(6.,-7.06082034355964,0.));
#4221=CARTESIAN_POINT('',(6.,-8.,0.));
#4222=CARTESIAN_POINT('',(6.,-7.06082034355964,40.));
#4223=CARTESIAN_POINT('',(6.,-8.,40.));
#4224=CARTESIAN_POINT('',(6.,-7.06082034355964,0.));
#4225=CARTESIAN_POINT('Origin',(2.93917965644036,-4.,0.));
#4226=CARTESIAN_POINT('',(2.93917965644036,-4.,0.));
#4227=CARTESIAN_POINT('',(6.,-7.06082034355964,0.));
#4228=CARTESIAN_POINT('',(2.93917965644036,-4.,40.));
#4229=CARTESIAN_POINT('',(6.,-7.06082034355964,40.));
#4230=CARTESIAN_POINT('',(2.93917965644036,-4.,0.));
#4231=CARTESIAN_POINT('Origin',(-2.9395,-4.,0.));
#4232=CARTESIAN_POINT('',(-2.9395,-4.,0.));
#4233=CARTESIAN_POINT('',(-2.9395,-4.,0.));
#4234=CARTESIAN_POINT('',(-2.9395,-4.,40.));
#4235=CARTESIAN_POINT('',(-2.9395,-4.,40.));
#4236=CARTESIAN_POINT('',(-2.9395,-4.,0.));
#4237=CARTESIAN_POINT('Origin',(-6.,-7.06050000000001,0.));
#4238=CARTESIAN_POINT('',(-6.,-7.06050000000001,0.));
#4239=CARTESIAN_POINT('',(-2.9395,-4.,0.));
#4240=CARTESIAN_POINT('',(-6.,-7.06050000000001,40.));
#4241=CARTESIAN_POINT('',(-2.9395,-4.,40.));
#4242=CARTESIAN_POINT('',(-6.,-7.06050000000001,0.));
#4243=CARTESIAN_POINT('Origin',(-6.,-8.,0.));
#4244=CARTESIAN_POINT('',(-6.,-8.,0.));
#4245=CARTESIAN_POINT('',(-6.,-7.06050000000001,0.));
#4246=CARTESIAN_POINT('',(-6.,-8.00000000000001,40.));
#4247=CARTESIAN_POINT('',(-6.,-7.06050000000001,40.));
#4248=CARTESIAN_POINT('',(-6.,-8.,0.));
#4249=CARTESIAN_POINT('Origin',(-3.,-8.,0.));
#4250=CARTESIAN_POINT('',(-3.,-8.,0.));
#4251=CARTESIAN_POINT('',(-6.,-8.,0.));
#4252=CARTESIAN_POINT('',(-3.,-8.00000000000001,40.));
#4253=CARTESIAN_POINT('',(-6.,-8.,40.));
#4254=CARTESIAN_POINT('',(-3.,-8.,0.));
#4255=CARTESIAN_POINT('Origin',(-3.,-10.,0.));
#4256=CARTESIAN_POINT('',(-3.,-10.,0.));
#4257=CARTESIAN_POINT('',(-3.,-8.,0.));
#4258=CARTESIAN_POINT('',(-3.,-10.,40.));
#4259=CARTESIAN_POINT('',(-3.,-8.,40.));
#4260=CARTESIAN_POINT('',(-3.,-10.,0.));
#4261=CARTESIAN_POINT('Origin',(-9.,-10.,0.));
#4262=CARTESIAN_POINT('',(-9.,-10.,0.));
#4263=CARTESIAN_POINT('',(-9.,-10.,0.));
#4264=CARTESIAN_POINT('',(-9.,-10.,40.));
#4265=CARTESIAN_POINT('',(-9.,-10.,40.));
#4266=CARTESIAN_POINT('',(-9.,-10.,0.));
#4267=CARTESIAN_POINT('Origin',(-9.,-9.00000000000001,0.));
#4268=CARTESIAN_POINT('',(-10.,-9.,0.));
#4269=CARTESIAN_POINT('Origin',(-9.,-9.00000000000001,0.));
#4270=CARTESIAN_POINT('',(-10.,-9.,40.));
#4271=CARTESIAN_POINT('Origin',(-9.,-9.00000000000001,40.));
#4272=CARTESIAN_POINT('',(-10.,-9.,0.));
#4273=CARTESIAN_POINT('Origin',(-10.,-3.,0.));
#4274=CARTESIAN_POINT('',(-10.,-3.,0.));
#4275=CARTESIAN_POINT('',(-10.,-9.,0.));
#4276=CARTESIAN_POINT('',(-10.,-3.,40.));
#4277=CARTESIAN_POINT('',(-10.,-9.,40.));
#4278=CARTESIAN_POINT('',(-10.,-3.,0.));
#4279=CARTESIAN_POINT('Origin',(-8.,-3.,0.));
#4280=CARTESIAN_POINT('',(-8.,-3.,0.));
#4281=CARTESIAN_POINT('',(-10.,-3.,0.));
#4282=CARTESIAN_POINT('',(-8.,-3.,40.));
#4283=CARTESIAN_POINT('',(-10.,-3.,40.));
#4284=CARTESIAN_POINT('',(-8.,-3.,0.));
#4285=CARTESIAN_POINT('Origin',(-8.,-6.,0.));
#4286=CARTESIAN_POINT('',(-8.,-6.,0.));
#4287=CARTESIAN_POINT('',(-8.,-3.,0.));
#4288=CARTESIAN_POINT('',(-8.,-6.,40.));
#4289=CARTESIAN_POINT('',(-8.,-3.,40.));
#4290=CARTESIAN_POINT('',(-8.,-6.,0.));
#4291=CARTESIAN_POINT('Origin',(-7.06082034355964,-6.,0.));
#4292=CARTESIAN_POINT('',(-7.06082034355964,-6.,0.));
#4293=CARTESIAN_POINT('',(-8.,-6.,0.));
#4294=CARTESIAN_POINT('',(-7.06082034355964,-6.,40.));
#4295=CARTESIAN_POINT('',(-8.,-6.,40.));
#4296=CARTESIAN_POINT('',(-7.06082034355964,-6.,0.));
#4297=CARTESIAN_POINT('Origin',(-4.,-2.93917965644036,0.));
#4298=CARTESIAN_POINT('',(-4.,-2.93917965644036,0.));
#4299=CARTESIAN_POINT('',(-7.06082034355964,-6.,0.));
#4300=CARTESIAN_POINT('',(-4.,-2.93917965644036,40.));
#4301=CARTESIAN_POINT('',(-7.06082034355964,-6.,40.));
#4302=CARTESIAN_POINT('',(-4.,-2.93917965644036,0.));
#4303=CARTESIAN_POINT('Origin',(-4.,2.9395,0.));
#4304=CARTESIAN_POINT('',(-4.,2.9395,0.));
#4305=CARTESIAN_POINT('',(-4.,-2.93917965644036,0.));
#4306=CARTESIAN_POINT('',(-4.,2.9395,40.));
#4307=CARTESIAN_POINT('',(-4.,-2.93917965644036,40.));
#4308=CARTESIAN_POINT('',(-4.,2.9395,0.));
#4309=CARTESIAN_POINT('Origin',(-7.06050000000001,6.,0.));
#4310=CARTESIAN_POINT('',(-7.06050000000001,6.,0.));
#4311=CARTESIAN_POINT('',(-4.,2.9395,0.));
#4312=CARTESIAN_POINT('',(-7.06050000000001,6.,40.));
#4313=CARTESIAN_POINT('',(-4.,2.9395,40.));
#4314=CARTESIAN_POINT('',(-7.06050000000001,6.,0.));
#4315=CARTESIAN_POINT('Origin',(-8.,6.,0.));
#4316=CARTESIAN_POINT('',(-8.,6.,0.));
#4317=CARTESIAN_POINT('',(-7.06050000000001,6.,0.));
#4318=CARTESIAN_POINT('',(-8.,6.,40.));
#4319=CARTESIAN_POINT('',(-7.06050000000001,6.,40.));
#4320=CARTESIAN_POINT('',(-8.,6.,0.));
#4321=CARTESIAN_POINT('Origin',(-8.,3.,0.));
#4322=CARTESIAN_POINT('',(-8.,3.,0.));
#4323=CARTESIAN_POINT('',(-8.,6.,0.));
#4324=CARTESIAN_POINT('',(-8.,3.,40.));
#4325=CARTESIAN_POINT('',(-8.,6.,40.));
#4326=CARTESIAN_POINT('',(-8.,3.,0.));
#4327=CARTESIAN_POINT('Origin',(-10.,3.,0.));
#4328=CARTESIAN_POINT('',(-10.,3.,0.));
#4329=CARTESIAN_POINT('',(-8.,3.,0.));
#4330=CARTESIAN_POINT('',(-10.,3.,40.));
#4331=CARTESIAN_POINT('',(-8.,3.,40.));
#4332=CARTESIAN_POINT('',(-10.,3.,0.));
#4333=CARTESIAN_POINT('Origin',(-10.,17.,0.));
#4334=CARTESIAN_POINT('',(-10.,17.,0.));
#4335=CARTESIAN_POINT('',(-10.,3.,0.));
#4336=CARTESIAN_POINT('',(-10.,17.,40.));
#4337=CARTESIAN_POINT('',(-10.,3.,40.));
#4338=CARTESIAN_POINT('',(-10.,17.,0.));
#4339=CARTESIAN_POINT('Origin',(-8.,17.,0.));
#4340=CARTESIAN_POINT('',(-8.,17.,0.));
#4341=CARTESIAN_POINT('',(-10.,17.,0.));
#4342=CARTESIAN_POINT('',(-8.,17.,40.));
#4343=CARTESIAN_POINT('',(-10.,17.,40.));
#4344=CARTESIAN_POINT('',(-8.,17.,0.));
#4345=CARTESIAN_POINT('Origin',(-8.,14.,0.));
#4346=CARTESIAN_POINT('',(-8.,14.,0.));
#4347=CARTESIAN_POINT('',(-8.,17.,0.));
#4348=CARTESIAN_POINT('',(-8.,14.,40.));
#4349=CARTESIAN_POINT('',(-8.,17.,40.));
#4350=CARTESIAN_POINT('',(-8.,14.,0.));
#4351=CARTESIAN_POINT('Origin',(-7.06082034355964,14.,0.));
#4352=CARTESIAN_POINT('',(-7.06082034355964,14.,0.));
#4353=CARTESIAN_POINT('',(-8.,14.,0.));
#4354=CARTESIAN_POINT('',(-7.06082034355964,14.,40.));
#4355=CARTESIAN_POINT('',(-8.,14.,40.));
#4356=CARTESIAN_POINT('',(-7.06082034355964,14.,0.));
#4357=CARTESIAN_POINT('Origin',(-4.,17.0608203435596,0.));
#4358=CARTESIAN_POINT('',(-4.,17.0608203435596,0.));
#4359=CARTESIAN_POINT('',(-7.06082034355964,14.,0.));
#4360=CARTESIAN_POINT('',(-4.,17.0608203435596,40.));
#4361=CARTESIAN_POINT('',(-7.06082034355964,14.,40.));
#4362=CARTESIAN_POINT('',(-4.,17.0608203435596,0.));
#4363=CARTESIAN_POINT('Origin',(-4.,22.9395,0.));
#4364=CARTESIAN_POINT('',(-4.,22.9395,0.));
#4365=CARTESIAN_POINT('',(-4.,22.9395,0.));
#4366=CARTESIAN_POINT('',(-4.,22.9395,40.));
#4367=CARTESIAN_POINT('',(-4.,22.9395,40.));
#4368=CARTESIAN_POINT('',(-4.,22.9395,0.));
#4369=CARTESIAN_POINT('Origin',(-7.0605,26.,0.));
#4370=CARTESIAN_POINT('',(-7.0605,26.,0.));
#4371=CARTESIAN_POINT('',(-4.,22.9395,0.));
#4372=CARTESIAN_POINT('',(-7.0605,26.,40.));
#4373=CARTESIAN_POINT('',(-4.,22.9395,40.));
#4374=CARTESIAN_POINT('',(-7.0605,26.,0.));
#4375=CARTESIAN_POINT('Origin',(-8.,26.,0.));
#4376=CARTESIAN_POINT('',(-8.,26.,0.));
#4377=CARTESIAN_POINT('',(-7.0605,26.,0.));
#4378=CARTESIAN_POINT('',(-8.,26.,40.));
#4379=CARTESIAN_POINT('',(-7.0605,26.,40.));
#4380=CARTESIAN_POINT('',(-8.,26.,0.));
#4381=CARTESIAN_POINT('Origin',(-8.,23.,0.));
#4382=CARTESIAN_POINT('',(-8.,23.,0.));
#4383=CARTESIAN_POINT('',(-8.,26.,0.));
#4384=CARTESIAN_POINT('',(-8.,23.,40.));
#4385=CARTESIAN_POINT('',(-8.,26.,40.));
#4386=CARTESIAN_POINT('',(-8.,23.,0.));
#4387=CARTESIAN_POINT('Origin',(-10.,23.,0.));
#4388=CARTESIAN_POINT('',(-10.,23.,0.));
#4389=CARTESIAN_POINT('',(-8.,23.,0.));
#4390=CARTESIAN_POINT('',(-10.,23.,40.));
#4391=CARTESIAN_POINT('',(-8.,23.,40.));
#4392=CARTESIAN_POINT('',(-10.,23.,0.));
#4393=CARTESIAN_POINT('Origin',(-10.,29.,0.));
#4394=CARTESIAN_POINT('',(-10.,29.,0.));
#4395=CARTESIAN_POINT('',(-10.,29.,0.));
#4396=CARTESIAN_POINT('',(-10.,29.,40.));
#4397=CARTESIAN_POINT('',(-10.,29.,40.));
#4398=CARTESIAN_POINT('',(-10.,29.,0.));
#4399=CARTESIAN_POINT('Origin',(-9.,29.,0.));
#4400=CARTESIAN_POINT('',(-9.,30.,0.));
#4401=CARTESIAN_POINT('Origin',(-9.,29.,0.));
#4402=CARTESIAN_POINT('',(-9.,30.,40.));
#4403=CARTESIAN_POINT('Origin',(-9.,29.,40.));
#4404=CARTESIAN_POINT('',(-9.,30.,0.));
#4405=CARTESIAN_POINT('Origin',(-3.,30.,0.));
#4406=CARTESIAN_POINT('',(-3.,30.,0.));
#4407=CARTESIAN_POINT('',(-9.,30.,0.));
#4408=CARTESIAN_POINT('',(-3.,30.,40.));
#4409=CARTESIAN_POINT('',(-9.,30.,40.));
#4410=CARTESIAN_POINT('',(-3.,30.,0.));
#4411=CARTESIAN_POINT('Origin',(-3.,28.,0.));
#4412=CARTESIAN_POINT('',(-3.,28.,0.));
#4413=CARTESIAN_POINT('',(-3.,30.,0.));
#4414=CARTESIAN_POINT('',(-3.,28.,40.));
#4415=CARTESIAN_POINT('',(-3.,30.,40.));
#4416=CARTESIAN_POINT('',(-3.,28.,0.));
#4417=CARTESIAN_POINT('Origin',(-6.,28.,0.));
#4418=CARTESIAN_POINT('',(-6.,28.,0.));
#4419=CARTESIAN_POINT('',(-3.,28.,0.));
#4420=CARTESIAN_POINT('',(-6.,28.,40.));
#4421=CARTESIAN_POINT('',(-3.,28.,40.));
#4422=CARTESIAN_POINT('',(-6.,28.,0.));
#4423=CARTESIAN_POINT('Origin',(-6.,27.0608203435596,0.));
#4424=CARTESIAN_POINT('',(-6.,27.0608203435596,0.));
#4425=CARTESIAN_POINT('',(-6.,28.,0.));
#4426=CARTESIAN_POINT('',(-6.,27.0608203435596,40.));
#4427=CARTESIAN_POINT('',(-6.,28.,40.));
#4428=CARTESIAN_POINT('',(-6.,27.0608203435596,0.));
#4429=CARTESIAN_POINT('Origin',(-2.93917965644036,24.,0.));
#4430=CARTESIAN_POINT('',(-2.93917965644036,24.,0.));
#4431=CARTESIAN_POINT('',(-6.,27.0608203435596,0.));
#4432=CARTESIAN_POINT('',(-2.93917965644036,24.,40.));
#4433=CARTESIAN_POINT('',(-6.,27.0608203435596,40.));
#4434=CARTESIAN_POINT('',(-2.93917965644036,24.,0.));
#4435=CARTESIAN_POINT('Origin',(2.9395,24.,0.));
#4436=CARTESIAN_POINT('',(2.9395,24.,0.));
#4437=CARTESIAN_POINT('',(-2.93917965644036,24.,0.));
#4438=CARTESIAN_POINT('',(2.9395,24.,40.));
#4439=CARTESIAN_POINT('',(-2.93917965644036,24.,40.));
#4440=CARTESIAN_POINT('',(2.9395,24.,0.));
#4441=CARTESIAN_POINT('Origin',(6.00000000000001,27.0605,0.));
#4442=CARTESIAN_POINT('',(6.,27.0605,0.));
#4443=CARTESIAN_POINT('',(2.9395,24.,0.));
#4444=CARTESIAN_POINT('',(6.,27.0605,40.));
#4445=CARTESIAN_POINT('',(2.9395,24.,40.));
#4446=CARTESIAN_POINT('',(6.,27.0605,0.));
#4447=CARTESIAN_POINT('Origin',(6.,28.,0.));
#4448=CARTESIAN_POINT('',(6.00000000000001,28.,0.));
#4449=CARTESIAN_POINT('',(6.,27.0605,0.));
#4450=CARTESIAN_POINT('',(6.00000000000001,28.,40.));
#4451=CARTESIAN_POINT('',(6.,27.0605,40.));
#4452=CARTESIAN_POINT('',(6.00000000000001,28.,0.));
#4453=CARTESIAN_POINT('Origin',(3.,28.,0.));
#4454=CARTESIAN_POINT('',(3.,28.,0.));
#4455=CARTESIAN_POINT('',(6.00000000000001,28.,0.));
#4456=CARTESIAN_POINT('',(3.,28.,40.));
#4457=CARTESIAN_POINT('',(6.00000000000001,28.,40.));
#4458=CARTESIAN_POINT('',(3.,28.,0.));
#4459=CARTESIAN_POINT('Origin',(3.,30.,0.));
#4460=CARTESIAN_POINT('',(3.,30.,0.));
#4461=CARTESIAN_POINT('',(3.,28.,0.));
#4462=CARTESIAN_POINT('',(3.,30.,40.));
#4463=CARTESIAN_POINT('',(3.,28.,40.));
#4464=CARTESIAN_POINT('',(3.,30.,0.));
#4465=CARTESIAN_POINT('Origin',(17.,30.,0.));
#4466=CARTESIAN_POINT('',(17.,30.,0.));
#4467=CARTESIAN_POINT('',(3.,30.,0.));
#4468=CARTESIAN_POINT('',(17.,30.,40.));
#4469=CARTESIAN_POINT('',(3.,30.,40.));
#4470=CARTESIAN_POINT('',(17.,30.,0.));
#4471=CARTESIAN_POINT('Origin',(17.,28.,0.));
#4472=CARTESIAN_POINT('',(17.,28.,0.));
#4473=CARTESIAN_POINT('',(17.,30.,0.));
#4474=CARTESIAN_POINT('',(17.,28.,40.));
#4475=CARTESIAN_POINT('',(17.,30.,40.));
#4476=CARTESIAN_POINT('',(17.,28.,0.));
#4477=CARTESIAN_POINT('Origin',(14.,28.,0.));
#4478=CARTESIAN_POINT('',(14.,28.,0.));
#4479=CARTESIAN_POINT('',(17.,28.,0.));
#4480=CARTESIAN_POINT('',(14.,28.,40.));
#4481=CARTESIAN_POINT('',(17.,28.,40.));
#4482=CARTESIAN_POINT('',(14.,28.,0.));
#4483=CARTESIAN_POINT('Origin',(14.,27.0608203435596,0.));
#4484=CARTESIAN_POINT('',(14.,27.0608203435596,0.));
#4485=CARTESIAN_POINT('',(14.,28.,0.));
#4486=CARTESIAN_POINT('',(14.,27.0608203435596,40.));
#4487=CARTESIAN_POINT('',(14.,28.,40.));
#4488=CARTESIAN_POINT('',(14.,27.0608203435596,0.));
#4489=CARTESIAN_POINT('Origin',(17.0608203435596,24.,0.));
#4490=CARTESIAN_POINT('',(17.0608203435596,24.,0.));
#4491=CARTESIAN_POINT('',(14.,27.0608203435596,0.));
#4492=CARTESIAN_POINT('',(17.0608203435596,24.,40.));
#4493=CARTESIAN_POINT('',(14.,27.0608203435596,40.));
#4494=CARTESIAN_POINT('',(17.0608203435596,24.,0.));
#4495=CARTESIAN_POINT('Origin',(22.9395,24.,0.));
#4496=CARTESIAN_POINT('',(22.9395,24.,0.));
#4497=CARTESIAN_POINT('',(22.9395,24.,0.));
#4498=CARTESIAN_POINT('',(22.9395,24.,40.));
#4499=CARTESIAN_POINT('',(22.9395,24.,40.));
#4500=CARTESIAN_POINT('',(22.9395,24.,0.));
#4501=CARTESIAN_POINT('Origin',(26.,27.0605,0.));
#4502=CARTESIAN_POINT('',(26.,27.0605,0.));
#4503=CARTESIAN_POINT('',(22.9395,24.,0.));
#4504=CARTESIAN_POINT('',(26.,27.0605,40.));
#4505=CARTESIAN_POINT('',(22.9395,24.,40.));
#4506=CARTESIAN_POINT('',(26.,27.0605,0.));
#4507=CARTESIAN_POINT('Origin',(26.,28.,0.));
#4508=CARTESIAN_POINT('',(26.,28.,0.));
#4509=CARTESIAN_POINT('',(26.,27.0605,0.));
#4510=CARTESIAN_POINT('',(26.,28.,40.));
#4511=CARTESIAN_POINT('',(26.,27.0605,40.));
#4512=CARTESIAN_POINT('',(26.,28.,0.));
#4513=CARTESIAN_POINT('Origin',(23.,28.,0.));
#4514=CARTESIAN_POINT('',(23.,28.,0.));
#4515=CARTESIAN_POINT('',(26.,28.,0.));
#4516=CARTESIAN_POINT('',(23.,28.,40.));
#4517=CARTESIAN_POINT('',(26.,28.,40.));
#4518=CARTESIAN_POINT('',(23.,28.,0.));
#4519=CARTESIAN_POINT('Origin',(23.,30.,0.));
#4520=CARTESIAN_POINT('',(23.,30.,0.));
#4521=CARTESIAN_POINT('',(23.,28.,0.));
#4522=CARTESIAN_POINT('',(23.,30.,40.));
#4523=CARTESIAN_POINT('',(23.,28.,40.));
#4524=CARTESIAN_POINT('',(23.,30.,0.));
#4525=CARTESIAN_POINT('Origin',(29.,30.,0.));
#4526=CARTESIAN_POINT('',(29.,30.,0.));
#4527=CARTESIAN_POINT('',(29.,30.,0.));
#4528=CARTESIAN_POINT('',(29.,30.,40.));
#4529=CARTESIAN_POINT('',(29.,30.,40.));
#4530=CARTESIAN_POINT('',(29.,30.,0.));
#4531=CARTESIAN_POINT('Origin',(29.,29.,0.));
#4532=CARTESIAN_POINT('',(30.,29.,0.));
#4533=CARTESIAN_POINT('Origin',(29.,29.,0.));
#4534=CARTESIAN_POINT('',(30.,29.,40.));
#4535=CARTESIAN_POINT('Origin',(29.,29.,40.));
#4536=CARTESIAN_POINT('',(30.,29.,0.));
#4537=CARTESIAN_POINT('Origin',(30.,23.,0.));
#4538=CARTESIAN_POINT('',(30.,23.,0.));
#4539=CARTESIAN_POINT('',(30.,29.,0.));
#4540=CARTESIAN_POINT('',(30.,23.,40.));
#4541=CARTESIAN_POINT('',(30.,29.,40.));
#4542=CARTESIAN_POINT('',(30.,23.,0.));
#4543=CARTESIAN_POINT('Origin',(28.,23.,0.));
#4544=CARTESIAN_POINT('',(28.,23.,0.));
#4545=CARTESIAN_POINT('',(30.,23.,0.));
#4546=CARTESIAN_POINT('',(28.,23.,40.));
#4547=CARTESIAN_POINT('',(30.,23.,40.));
#4548=CARTESIAN_POINT('',(28.,23.,0.));
#4549=CARTESIAN_POINT('Origin',(28.,26.,0.));
#4550=CARTESIAN_POINT('',(28.,26.,0.));
#4551=CARTESIAN_POINT('',(28.,23.,0.));
#4552=CARTESIAN_POINT('',(28.,26.,40.));
#4553=CARTESIAN_POINT('',(28.,23.,40.));
#4554=CARTESIAN_POINT('',(28.,26.,0.));
#4555=CARTESIAN_POINT('Origin',(27.0608203435596,26.,0.));
#4556=CARTESIAN_POINT('',(27.0608203435596,26.,0.));
#4557=CARTESIAN_POINT('',(28.,26.,0.));
#4558=CARTESIAN_POINT('',(27.0608203435596,26.,40.));
#4559=CARTESIAN_POINT('',(28.,26.,40.));
#4560=CARTESIAN_POINT('',(27.0608203435596,26.,0.));
#4561=CARTESIAN_POINT('Origin',(24.,22.9391796564404,0.));
#4562=CARTESIAN_POINT('',(24.,22.9391796564404,0.));
#4563=CARTESIAN_POINT('',(27.0608203435596,26.,0.));
#4564=CARTESIAN_POINT('',(24.,22.9391796564404,40.));
#4565=CARTESIAN_POINT('',(27.0608203435596,26.,40.));
#4566=CARTESIAN_POINT('',(24.,22.9391796564404,0.));
#4567=CARTESIAN_POINT('Origin',(24.,17.0605,0.));
#4568=CARTESIAN_POINT('',(24.,17.0605,0.));
#4569=CARTESIAN_POINT('',(24.,22.9391796564404,0.));
#4570=CARTESIAN_POINT('',(24.,17.0605,40.));
#4571=CARTESIAN_POINT('',(24.,22.9391796564404,40.));
#4572=CARTESIAN_POINT('',(24.,17.0605,0.));
#4573=CARTESIAN_POINT('Origin',(27.0605,14.,0.));
#4574=CARTESIAN_POINT('',(27.0605,14.,0.));
#4575=CARTESIAN_POINT('',(24.,17.0605,0.));
#4576=CARTESIAN_POINT('',(27.0605,14.,40.));
#4577=CARTESIAN_POINT('',(24.,17.0605,40.));
#4578=CARTESIAN_POINT('',(27.0605,14.,0.));
#4579=CARTESIAN_POINT('Origin',(28.,14.,0.));
#4580=CARTESIAN_POINT('',(28.,14.,0.));
#4581=CARTESIAN_POINT('',(27.0605,14.,0.));
#4582=CARTESIAN_POINT('',(28.,14.,40.));
#4583=CARTESIAN_POINT('',(27.0605,14.,40.));
#4584=CARTESIAN_POINT('',(28.,14.,0.));
#4585=CARTESIAN_POINT('Origin',(28.,17.,0.));
#4586=CARTESIAN_POINT('',(28.,17.,0.));
#4587=CARTESIAN_POINT('',(28.,14.,0.));
#4588=CARTESIAN_POINT('',(28.,17.,40.));
#4589=CARTESIAN_POINT('',(28.,14.,40.));
#4590=CARTESIAN_POINT('',(28.,17.,0.));
#4591=CARTESIAN_POINT('Origin',(30.,17.,0.));
#4592=CARTESIAN_POINT('',(30.,17.,0.));
#4593=CARTESIAN_POINT('',(28.,17.,0.));
#4594=CARTESIAN_POINT('',(30.,17.,40.));
#4595=CARTESIAN_POINT('',(28.,17.,40.));
#4596=CARTESIAN_POINT('',(30.,17.,0.));
#4597=CARTESIAN_POINT('Origin',(30.,2.99999999999999,0.));
#4598=CARTESIAN_POINT('',(30.,2.99999999999999,0.));
#4599=CARTESIAN_POINT('',(30.,2.99999999999999,0.));
#4600=CARTESIAN_POINT('',(30.,2.99999999999999,40.));
#4601=CARTESIAN_POINT('',(30.,2.99999999999999,40.));
#4602=CARTESIAN_POINT('',(30.,2.99999999999999,0.));
#4603=CARTESIAN_POINT('Origin',(28.,3.,0.));
#4604=CARTESIAN_POINT('',(30.,3.,0.));
#4605=CARTESIAN_POINT('',(30.,3.,40.));
#4606=CARTESIAN_POINT('Origin',(10.,10.,40.));
#4607=CARTESIAN_POINT('Origin',(10.,10.,0.));
#4608=CARTESIAN_POINT('',(0.,0.,0.));
#4609=CARTESIAN_POINT('',(40.,0.,0.));
#4610=UNCERTAINTY_MEASURE_WITH_UNIT(LENGTH_MEASURE(0.01),#4616,
'DISTANCE_ACCURACY_VALUE',
'Maximum model space distance between geometric entities at asserted c
onnectivities');
#4611=UNCERTAINTY_MEASURE_WITH_UNIT(LENGTH_MEASURE(0.01),#4616,
'DISTANCE_ACCURACY_VALUE',
'Maximum model space distance between geometric entities at asserted c
onnectivities');
#4612=UNCERTAINTY_MEASURE_WITH_UNIT(LENGTH_MEASURE(0.01),#4616,
'DISTANCE_ACCURACY_VALUE',
'Maximum model space distance between geometric entities at asserted c
onnectivities');
#4613=(
GEOMETRIC_REPRESENTATION_CONTEXT(3)
GLOBAL_UNCERTAINTY_ASSIGNED_CONTEXT((#4610))
GLOBAL_UNIT_ASSIGNED_CONTEXT((#4616,#4618,#4619))
REPRESENTATION_CONTEXT('','3D')
);
#4614=(
GEOMETRIC_REPRESENTATION_CONTEXT(3)
GLOBAL_UNCERTAINTY_ASSIGNED_CONTEXT((#4611))
GLOBAL_UNIT_ASSIGNED_CONTEXT((#4616,#4618,#4619))
REPRESENTATION_CONTEXT('','3D')
);
#4615=(
GEOMETRIC_REPRESENTATION_CONTEXT(3)
GLOBAL_UNCERTAINTY_ASSIGNED_CONTEXT((#4612))
GLOBAL_UNIT_ASSIGNED_CONTEXT((#4616,#4618,#4619))
REPRESENTATION_CONTEXT('','3D')
);
#4616=(
LENGTH_UNIT()
NAMED_UNIT(*)
SI_UNIT(.MILLI.,.METRE.)
);
#4617=(
LENGTH_UNIT()
NAMED_UNIT(*)
SI_UNIT($,.METRE.)
);
#4618=(
NAMED_UNIT(*)
PLANE_ANGLE_UNIT()
SI_UNIT($,.RADIAN.)
);
#4619=(
NAMED_UNIT(*)
SI_UNIT($,.STERADIAN.)
SOLID_ANGLE_UNIT()
);
#4620=SHAPE_DEFINITION_REPRESENTATION(#4622,#4626);
#4621=SHAPE_DEFINITION_REPRESENTATION(#4623,#4627);
#4622=PRODUCT_DEFINITION_SHAPE('',$,#4629);
#4623=PRODUCT_DEFINITION_SHAPE('',$,#4630);
#4624=PRODUCT_DEFINITION_SHAPE($,$,#17);
#4625=PRODUCT_DEFINITION_SHAPE($,$,#18);
#4626=SHAPE_REPRESENTATION('',(#2858,#3046,#3047),#4613);
#4627=SHAPE_REPRESENTATION('',(#2859),#4614);
#4628=PRODUCT_DEFINITION_CONTEXT('part definition',#4636,'design');
#4629=PRODUCT_DEFINITION('(Unsaved)','(Unsaved)',#4631,#4628);
#4630=PRODUCT_DEFINITION('Misumi 4040 Cube','Misumi 4040 Cube v1',#4632,
#4628);
#4631=PRODUCT_DEFINITION_FORMATION('',$,#4638);
#4632=PRODUCT_DEFINITION_FORMATION('',$,#4639);
#4633=PRODUCT_RELATED_PRODUCT_CATEGORY('(Unsaved)','(Unsaved)',(#4638));
#4634=PRODUCT_RELATED_PRODUCT_CATEGORY('Misumi 4040 Cube v1',
'Misumi 4040 Cube v1',(#4639));
#4635=APPLICATION_PROTOCOL_DEFINITION('international standard',
'automotive_design',2009,#4636);
#4636=APPLICATION_CONTEXT(
'Core Data for Automotive Mechanical Design Process');
#4637=PRODUCT_CONTEXT('part definition',#4636,'mechanical');
#4638=PRODUCT('(Unsaved)','(Unsaved)',$,(#4637));
#4639=PRODUCT('Misumi 4040 Cube','Misumi 4040 Cube v1',$,(#4637));
#4640=PRESENTATION_STYLE_ASSIGNMENT((#4643));
#4641=PRESENTATION_STYLE_ASSIGNMENT((#4644));
#4642=PRESENTATION_STYLE_ASSIGNMENT((#4645));
#4643=SURFACE_STYLE_USAGE(.BOTH.,#4646);
#4644=SURFACE_STYLE_USAGE(.BOTH.,#4647);
#4645=SURFACE_STYLE_USAGE(.BOTH.,#4648);
#4646=SURFACE_SIDE_STYLE('',(#4649));
#4647=SURFACE_SIDE_STYLE('',(#4650));
#4648=SURFACE_SIDE_STYLE('',(#4651));
#4649=SURFACE_STYLE_FILL_AREA(#4652);
#4650=SURFACE_STYLE_FILL_AREA(#4653);
#4651=SURFACE_STYLE_FILL_AREA(#4654);
#4652=FILL_AREA_STYLE('Steel - Satin',(#4655));
#4653=FILL_AREA_STYLE('Opaque(137,137,137)',(#4656));
#4654=FILL_AREA_STYLE('Opaque(245,245,246)',(#4657));
#4655=FILL_AREA_STYLE_COLOUR('Steel - Satin',#4658);
#4656=FILL_AREA_STYLE_COLOUR('Opaque(137,137,137)',#4659);
#4657=FILL_AREA_STYLE_COLOUR('Opaque(245,245,246)',#4660);
#4658=COLOUR_RGB('Steel - Satin',0.627450980392157,0.627450980392157,0.627450980392157);
#4659=COLOUR_RGB('Opaque(137,137,137)',0.537254901960784,0.537254901960784,
0.537254901960784);
#4660=COLOUR_RGB('Opaque(245,245,246)',0.96078431372549,0.96078431372549,
0.964705882352941);
ENDSEC;
END-ISO-10303-21;
