ISO-10303-21;
HEADER;
/* Generated by software containing ST-Developer
 * from STEP Tools, Inc. (www.steptools.com) 
 */

FILE_DESCRIPTION(
/* description */ (''),
/* implementation_level */ '2;1');

FILE_NAME(
/* name */ 'Misumi 1530 v3.step',
/* time_stamp */ '2025-05-19T23:56:00-07:00',
/* author */ (''),
/* organization */ (''),
/* preprocessor_version */ 'ST-DEVELOPER v20.1',
/* originating_system */ 'Autodesk Translation Framework v14.4.0.0',
/* authorisation */ '');

FILE_SCHEMA (('AUTOMOTIVE_DESIGN { 1 0 10303 214 3 1 1 }'));
ENDSEC;

DATA;
#10=MECHANICAL_DESIGN_GEOMETRIC_PRESENTATION_REPRESENTATION('',(#13),#3799);
#11=SHAPE_REPRESENTATION_RELATIONSHIP('SRR','None',#3806,#12);
#12=ADVANCED_BREP_SHAPE_REPRESENTATION('',(#14),#3798);
#13=STYLED_ITEM('',(#3815),#14);
#14=MANIFOLD_SOLID_BREP('Body1',#2347);
#15=FACE_BOUND('',#248,.T.);
#16=FACE_BOUND('',#249,.T.);
#17=FACE_BOUND('',#250,.T.);
#18=FACE_BOUND('',#346,.T.);
#19=FACE_BOUND('',#347,.T.);
#20=FACE_BOUND('',#348,.T.);
#21=PLANE('',#2364);
#22=PLANE('',#2368);
#23=PLANE('',#2372);
#24=PLANE('',#2376);
#25=PLANE('',#2380);
#26=PLANE('',#2384);
#27=PLANE('',#2388);
#28=PLANE('',#2392);
#29=PLANE('',#2399);
#30=PLANE('',#2418);
#31=PLANE('',#2419);
#32=PLANE('',#2424);
#33=PLANE('',#2427);
#34=PLANE('',#2428);
#35=PLANE('',#2429);
#36=PLANE('',#2430);
#37=PLANE('',#2431);
#38=PLANE('',#2432);
#39=PLANE('',#2433);
#40=PLANE('',#2434);
#41=PLANE('',#2435);
#42=PLANE('',#2436);
#43=PLANE('',#2437);
#44=PLANE('',#2438);
#45=PLANE('',#2439);
#46=PLANE('',#2440);
#47=PLANE('',#2441);
#48=PLANE('',#2442);
#49=PLANE('',#2443);
#50=PLANE('',#2444);
#51=PLANE('',#2445);
#52=PLANE('',#2446);
#53=PLANE('',#2447);
#54=PLANE('',#2448);
#55=PLANE('',#2449);
#56=PLANE('',#2450);
#57=PLANE('',#2451);
#58=PLANE('',#2452);
#59=PLANE('',#2453);
#60=PLANE('',#2456);
#61=PLANE('',#2457);
#62=PLANE('',#2458);
#63=PLANE('',#2459);
#64=PLANE('',#2460);
#65=PLANE('',#2461);
#66=PLANE('',#2462);
#67=PLANE('',#2463);
#68=PLANE('',#2464);
#69=PLANE('',#2465);
#70=PLANE('',#2466);
#71=PLANE('',#2467);
#72=PLANE('',#2468);
#73=PLANE('',#2469);
#74=PLANE('',#2472);
#75=PLANE('',#2473);
#76=PLANE('',#2474);
#77=PLANE('',#2475);
#78=PLANE('',#2476);
#79=PLANE('',#2477);
#80=PLANE('',#2478);
#81=PLANE('',#2479);
#82=PLANE('',#2480);
#83=PLANE('',#2481);
#84=PLANE('',#2482);
#85=PLANE('',#2483);
#86=PLANE('',#2484);
#87=PLANE('',#2485);
#88=PLANE('',#2486);
#89=PLANE('',#2487);
#90=PLANE('',#2488);
#91=PLANE('',#2489);
#92=PLANE('',#2490);
#93=PLANE('',#2491);
#94=PLANE('',#2492);
#95=PLANE('',#2493);
#96=PLANE('',#2494);
#97=PLANE('',#2495);
#98=PLANE('',#2496);
#99=PLANE('',#2497);
#100=PLANE('',#2498);
#101=PLANE('',#2501);
#102=PLANE('',#2502);
#103=PLANE('',#2503);
#104=PLANE('',#2504);
#105=PLANE('',#2505);
#106=PLANE('',#2506);
#107=PLANE('',#2507);
#108=PLANE('',#2508);
#109=PLANE('',#2509);
#110=PLANE('',#2510);
#111=PLANE('',#2511);
#112=PLANE('',#2512);
#113=PLANE('',#2513);
#114=PLANE('',#2514);
#115=FACE_OUTER_BOUND('',#229,.T.);
#116=FACE_OUTER_BOUND('',#230,.T.);
#117=FACE_OUTER_BOUND('',#231,.T.);
#118=FACE_OUTER_BOUND('',#232,.T.);
#119=FACE_OUTER_BOUND('',#233,.T.);
#120=FACE_OUTER_BOUND('',#234,.T.);
#121=FACE_OUTER_BOUND('',#235,.T.);
#122=FACE_OUTER_BOUND('',#236,.T.);
#123=FACE_OUTER_BOUND('',#237,.T.);
#124=FACE_OUTER_BOUND('',#238,.T.);
#125=FACE_OUTER_BOUND('',#239,.T.);
#126=FACE_OUTER_BOUND('',#240,.T.);
#127=FACE_OUTER_BOUND('',#241,.T.);
#128=FACE_OUTER_BOUND('',#242,.T.);
#129=FACE_OUTER_BOUND('',#243,.T.);
#130=FACE_OUTER_BOUND('',#244,.T.);
#131=FACE_OUTER_BOUND('',#245,.T.);
#132=FACE_OUTER_BOUND('',#246,.T.);
#133=FACE_OUTER_BOUND('',#247,.T.);
#134=FACE_OUTER_BOUND('',#251,.T.);
#135=FACE_OUTER_BOUND('',#252,.T.);
#136=FACE_OUTER_BOUND('',#253,.T.);
#137=FACE_OUTER_BOUND('',#254,.T.);
#138=FACE_OUTER_BOUND('',#255,.T.);
#139=FACE_OUTER_BOUND('',#256,.T.);
#140=FACE_OUTER_BOUND('',#257,.T.);
#141=FACE_OUTER_BOUND('',#258,.T.);
#142=FACE_OUTER_BOUND('',#259,.T.);
#143=FACE_OUTER_BOUND('',#260,.T.);
#144=FACE_OUTER_BOUND('',#261,.T.);
#145=FACE_OUTER_BOUND('',#262,.T.);
#146=FACE_OUTER_BOUND('',#263,.T.);
#147=FACE_OUTER_BOUND('',#264,.T.);
#148=FACE_OUTER_BOUND('',#265,.T.);
#149=FACE_OUTER_BOUND('',#266,.T.);
#150=FACE_OUTER_BOUND('',#267,.T.);
#151=FACE_OUTER_BOUND('',#268,.T.);
#152=FACE_OUTER_BOUND('',#269,.T.);
#153=FACE_OUTER_BOUND('',#270,.T.);
#154=FACE_OUTER_BOUND('',#271,.T.);
#155=FACE_OUTER_BOUND('',#272,.T.);
#156=FACE_OUTER_BOUND('',#273,.T.);
#157=FACE_OUTER_BOUND('',#274,.T.);
#158=FACE_OUTER_BOUND('',#275,.T.);
#159=FACE_OUTER_BOUND('',#276,.T.);
#160=FACE_OUTER_BOUND('',#277,.T.);
#161=FACE_OUTER_BOUND('',#278,.T.);
#162=FACE_OUTER_BOUND('',#279,.T.);
#163=FACE_OUTER_BOUND('',#280,.T.);
#164=FACE_OUTER_BOUND('',#281,.T.);
#165=FACE_OUTER_BOUND('',#282,.T.);
#166=FACE_OUTER_BOUND('',#283,.T.);
#167=FACE_OUTER_BOUND('',#284,.T.);
#168=FACE_OUTER_BOUND('',#285,.T.);
#169=FACE_OUTER_BOUND('',#286,.T.);
#170=FACE_OUTER_BOUND('',#287,.T.);
#171=FACE_OUTER_BOUND('',#288,.T.);
#172=FACE_OUTER_BOUND('',#289,.T.);
#173=FACE_OUTER_BOUND('',#290,.T.);
#174=FACE_OUTER_BOUND('',#291,.T.);
#175=FACE_OUTER_BOUND('',#292,.T.);
#176=FACE_OUTER_BOUND('',#293,.T.);
#177=FACE_OUTER_BOUND('',#294,.T.);
#178=FACE_OUTER_BOUND('',#295,.T.);
#179=FACE_OUTER_BOUND('',#296,.T.);
#180=FACE_OUTER_BOUND('',#297,.T.);
#181=FACE_OUTER_BOUND('',#298,.T.);
#182=FACE_OUTER_BOUND('',#299,.T.);
#183=FACE_OUTER_BOUND('',#300,.T.);
#184=FACE_OUTER_BOUND('',#301,.T.);
#185=FACE_OUTER_BOUND('',#302,.T.);
#186=FACE_OUTER_BOUND('',#303,.T.);
#187=FACE_OUTER_BOUND('',#304,.T.);
#188=FACE_OUTER_BOUND('',#305,.T.);
#189=FACE_OUTER_BOUND('',#306,.T.);
#190=FACE_OUTER_BOUND('',#307,.T.);
#191=FACE_OUTER_BOUND('',#308,.T.);
#192=FACE_OUTER_BOUND('',#309,.T.);
#193=FACE_OUTER_BOUND('',#310,.T.);
#194=FACE_OUTER_BOUND('',#311,.T.);
#195=FACE_OUTER_BOUND('',#312,.T.);
#196=FACE_OUTER_BOUND('',#313,.T.);
#197=FACE_OUTER_BOUND('',#314,.T.);
#198=FACE_OUTER_BOUND('',#315,.T.);
#199=FACE_OUTER_BOUND('',#316,.T.);
#200=FACE_OUTER_BOUND('',#317,.T.);
#201=FACE_OUTER_BOUND('',#318,.T.);
#202=FACE_OUTER_BOUND('',#319,.T.);
#203=FACE_OUTER_BOUND('',#320,.T.);
#204=FACE_OUTER_BOUND('',#321,.T.);
#205=FACE_OUTER_BOUND('',#322,.T.);
#206=FACE_OUTER_BOUND('',#323,.T.);
#207=FACE_OUTER_BOUND('',#324,.T.);
#208=FACE_OUTER_BOUND('',#325,.T.);
#209=FACE_OUTER_BOUND('',#326,.T.);
#210=FACE_OUTER_BOUND('',#327,.T.);
#211=FACE_OUTER_BOUND('',#328,.T.);
#212=FACE_OUTER_BOUND('',#329,.T.);
#213=FACE_OUTER_BOUND('',#330,.T.);
#214=FACE_OUTER_BOUND('',#331,.T.);
#215=FACE_OUTER_BOUND('',#332,.T.);
#216=FACE_OUTER_BOUND('',#333,.T.);
#217=FACE_OUTER_BOUND('',#334,.T.);
#218=FACE_OUTER_BOUND('',#335,.T.);
#219=FACE_OUTER_BOUND('',#336,.T.);
#220=FACE_OUTER_BOUND('',#337,.T.);
#221=FACE_OUTER_BOUND('',#338,.T.);
#222=FACE_OUTER_BOUND('',#339,.T.);
#223=FACE_OUTER_BOUND('',#340,.T.);
#224=FACE_OUTER_BOUND('',#341,.T.);
#225=FACE_OUTER_BOUND('',#342,.T.);
#226=FACE_OUTER_BOUND('',#343,.T.);
#227=FACE_OUTER_BOUND('',#344,.T.);
#228=FACE_OUTER_BOUND('',#345,.T.);
#229=EDGE_LOOP('',(#1541,#1542,#1543,#1544));
#230=EDGE_LOOP('',(#1545,#1546,#1547,#1548));
#231=EDGE_LOOP('',(#1549,#1550,#1551,#1552));
#232=EDGE_LOOP('',(#1553,#1554,#1555,#1556));
#233=EDGE_LOOP('',(#1557,#1558,#1559,#1560));
#234=EDGE_LOOP('',(#1561,#1562,#1563,#1564));
#235=EDGE_LOOP('',(#1565,#1566,#1567,#1568));
#236=EDGE_LOOP('',(#1569,#1570,#1571,#1572));
#237=EDGE_LOOP('',(#1573,#1574,#1575,#1576));
#238=EDGE_LOOP('',(#1577,#1578,#1579,#1580));
#239=EDGE_LOOP('',(#1581,#1582,#1583,#1584));
#240=EDGE_LOOP('',(#1585,#1586,#1587,#1588));
#241=EDGE_LOOP('',(#1589,#1590,#1591,#1592));
#242=EDGE_LOOP('',(#1593,#1594,#1595,#1596));
#243=EDGE_LOOP('',(#1597,#1598,#1599,#1600));
#244=EDGE_LOOP('',(#1601,#1602,#1603,#1604));
#245=EDGE_LOOP('',(#1605,#1606,#1607,#1608));
#246=EDGE_LOOP('',(#1609,#1610,#1611,#1612));
#247=EDGE_LOOP('',(#1613,#1614,#1615,#1616,#1617,#1618,#1619,#1620,#1621,
#1622,#1623,#1624,#1625,#1626,#1627,#1628,#1629,#1630,#1631,#1632,#1633,
#1634,#1635,#1636,#1637,#1638,#1639,#1640,#1641,#1642,#1643,#1644,#1645,
#1646,#1647,#1648,#1649,#1650,#1651,#1652,#1653,#1654,#1655,#1656,#1657,
#1658,#1659,#1660,#1661,#1662,#1663,#1664,#1665,#1666,#1667,#1668,#1669,
#1670,#1671,#1672,#1673,#1674,#1675,#1676,#1677,#1678,#1679,#1680,#1681,
#1682,#1683,#1684,#1685,#1686,#1687,#1688,#1689,#1690,#1691,#1692,#1693,
#1694,#1695,#1696,#1697,#1698));
#248=EDGE_LOOP('',(#1699,#1700,#1701,#1702,#1703,#1704,#1705,#1706,#1707,
#1708,#1709,#1710,#1711,#1712,#1713,#1714,#1715,#1716,#1717,#1718,#1719,
#1720,#1721,#1722));
#249=EDGE_LOOP('',(#1723));
#250=EDGE_LOOP('',(#1724));
#251=EDGE_LOOP('',(#1725,#1726,#1727,#1728));
#252=EDGE_LOOP('',(#1729,#1730,#1731,#1732));
#253=EDGE_LOOP('',(#1733,#1734,#1735,#1736));
#254=EDGE_LOOP('',(#1737,#1738,#1739,#1740));
#255=EDGE_LOOP('',(#1741,#1742,#1743,#1744));
#256=EDGE_LOOP('',(#1745,#1746,#1747,#1748));
#257=EDGE_LOOP('',(#1749,#1750,#1751,#1752));
#258=EDGE_LOOP('',(#1753,#1754,#1755,#1756));
#259=EDGE_LOOP('',(#1757,#1758,#1759,#1760));
#260=EDGE_LOOP('',(#1761,#1762,#1763,#1764));
#261=EDGE_LOOP('',(#1765,#1766,#1767,#1768));
#262=EDGE_LOOP('',(#1769,#1770,#1771,#1772));
#263=EDGE_LOOP('',(#1773,#1774,#1775,#1776));
#264=EDGE_LOOP('',(#1777,#1778,#1779,#1780));
#265=EDGE_LOOP('',(#1781,#1782,#1783,#1784));
#266=EDGE_LOOP('',(#1785,#1786,#1787,#1788));
#267=EDGE_LOOP('',(#1789,#1790,#1791,#1792));
#268=EDGE_LOOP('',(#1793,#1794,#1795,#1796));
#269=EDGE_LOOP('',(#1797,#1798,#1799,#1800));
#270=EDGE_LOOP('',(#1801,#1802,#1803,#1804));
#271=EDGE_LOOP('',(#1805,#1806,#1807,#1808));
#272=EDGE_LOOP('',(#1809,#1810,#1811,#1812));
#273=EDGE_LOOP('',(#1813,#1814,#1815,#1816));
#274=EDGE_LOOP('',(#1817,#1818,#1819,#1820));
#275=EDGE_LOOP('',(#1821,#1822,#1823,#1824));
#276=EDGE_LOOP('',(#1825,#1826,#1827,#1828));
#277=EDGE_LOOP('',(#1829,#1830,#1831,#1832));
#278=EDGE_LOOP('',(#1833,#1834,#1835,#1836));
#279=EDGE_LOOP('',(#1837,#1838,#1839,#1840));
#280=EDGE_LOOP('',(#1841,#1842,#1843,#1844));
#281=EDGE_LOOP('',(#1845,#1846,#1847,#1848));
#282=EDGE_LOOP('',(#1849,#1850,#1851,#1852));
#283=EDGE_LOOP('',(#1853,#1854,#1855,#1856));
#284=EDGE_LOOP('',(#1857,#1858,#1859,#1860));
#285=EDGE_LOOP('',(#1861,#1862,#1863,#1864));
#286=EDGE_LOOP('',(#1865,#1866,#1867,#1868));
#287=EDGE_LOOP('',(#1869,#1870,#1871,#1872));
#288=EDGE_LOOP('',(#1873,#1874,#1875,#1876));
#289=EDGE_LOOP('',(#1877,#1878,#1879,#1880));
#290=EDGE_LOOP('',(#1881,#1882,#1883,#1884));
#291=EDGE_LOOP('',(#1885,#1886,#1887,#1888));
#292=EDGE_LOOP('',(#1889,#1890,#1891,#1892));
#293=EDGE_LOOP('',(#1893,#1894,#1895,#1896));
#294=EDGE_LOOP('',(#1897,#1898,#1899,#1900));
#295=EDGE_LOOP('',(#1901,#1902,#1903,#1904));
#296=EDGE_LOOP('',(#1905,#1906,#1907,#1908));
#297=EDGE_LOOP('',(#1909,#1910,#1911,#1912));
#298=EDGE_LOOP('',(#1913,#1914,#1915,#1916));
#299=EDGE_LOOP('',(#1917,#1918,#1919,#1920));
#300=EDGE_LOOP('',(#1921,#1922,#1923,#1924));
#301=EDGE_LOOP('',(#1925,#1926,#1927,#1928));
#302=EDGE_LOOP('',(#1929,#1930,#1931,#1932));
#303=EDGE_LOOP('',(#1933,#1934,#1935,#1936));
#304=EDGE_LOOP('',(#1937,#1938,#1939,#1940));
#305=EDGE_LOOP('',(#1941,#1942,#1943,#1944));
#306=EDGE_LOOP('',(#1945,#1946,#1947,#1948));
#307=EDGE_LOOP('',(#1949,#1950,#1951,#1952));
#308=EDGE_LOOP('',(#1953,#1954,#1955,#1956));
#309=EDGE_LOOP('',(#1957,#1958,#1959,#1960));
#310=EDGE_LOOP('',(#1961,#1962,#1963,#1964));
#311=EDGE_LOOP('',(#1965,#1966,#1967,#1968));
#312=EDGE_LOOP('',(#1969,#1970,#1971,#1972));
#313=EDGE_LOOP('',(#1973,#1974,#1975,#1976));
#314=EDGE_LOOP('',(#1977,#1978,#1979,#1980));
#315=EDGE_LOOP('',(#1981,#1982,#1983,#1984));
#316=EDGE_LOOP('',(#1985,#1986,#1987,#1988));
#317=EDGE_LOOP('',(#1989,#1990,#1991,#1992));
#318=EDGE_LOOP('',(#1993,#1994,#1995,#1996));
#319=EDGE_LOOP('',(#1997,#1998,#1999,#2000));
#320=EDGE_LOOP('',(#2001,#2002,#2003,#2004));
#321=EDGE_LOOP('',(#2005,#2006,#2007,#2008));
#322=EDGE_LOOP('',(#2009,#2010,#2011,#2012));
#323=EDGE_LOOP('',(#2013,#2014,#2015,#2016));
#324=EDGE_LOOP('',(#2017,#2018,#2019,#2020));
#325=EDGE_LOOP('',(#2021,#2022,#2023,#2024));
#326=EDGE_LOOP('',(#2025,#2026,#2027,#2028));
#327=EDGE_LOOP('',(#2029,#2030,#2031,#2032));
#328=EDGE_LOOP('',(#2033,#2034,#2035,#2036));
#329=EDGE_LOOP('',(#2037,#2038,#2039,#2040));
#330=EDGE_LOOP('',(#2041,#2042,#2043,#2044));
#331=EDGE_LOOP('',(#2045,#2046,#2047,#2048));
#332=EDGE_LOOP('',(#2049,#2050,#2051,#2052));
#333=EDGE_LOOP('',(#2053,#2054,#2055,#2056));
#334=EDGE_LOOP('',(#2057,#2058,#2059,#2060));
#335=EDGE_LOOP('',(#2061,#2062,#2063,#2064));
#336=EDGE_LOOP('',(#2065,#2066,#2067,#2068));
#337=EDGE_LOOP('',(#2069,#2070,#2071,#2072));
#338=EDGE_LOOP('',(#2073,#2074,#2075,#2076));
#339=EDGE_LOOP('',(#2077,#2078,#2079,#2080));
#340=EDGE_LOOP('',(#2081,#2082,#2083,#2084));
#341=EDGE_LOOP('',(#2085,#2086,#2087,#2088));
#342=EDGE_LOOP('',(#2089,#2090,#2091,#2092));
#343=EDGE_LOOP('',(#2093,#2094,#2095,#2096));
#344=EDGE_LOOP('',(#2097,#2098,#2099,#2100));
#345=EDGE_LOOP('',(#2101,#2102,#2103,#2104,#2105,#2106,#2107,#2108,#2109,
#2110,#2111,#2112,#2113,#2114,#2115,#2116,#2117,#2118,#2119,#2120,#2121,
#2122,#2123,#2124,#2125,#2126,#2127,#2128,#2129,#2130,#2131,#2132,#2133,
#2134,#2135,#2136,#2137,#2138,#2139,#2140,#2141,#2142,#2143,#2144,#2145,
#2146,#2147,#2148,#2149,#2150,#2151,#2152,#2153,#2154,#2155,#2156,#2157,
#2158,#2159,#2160,#2161,#2162,#2163,#2164,#2165,#2166,#2167,#2168,#2169,
#2170,#2171,#2172,#2173,#2174,#2175,#2176,#2177,#2178,#2179,#2180,#2181,
#2182,#2183,#2184,#2185,#2186));
#346=EDGE_LOOP('',(#2187));
#347=EDGE_LOOP('',(#2188));
#348=EDGE_LOOP('',(#2189,#2190,#2191,#2192,#2193,#2194,#2195,#2196,#2197,
#2198,#2199,#2200,#2201,#2202,#2203,#2204,#2205,#2206,#2207,#2208,#2209,
#2210,#2211,#2212));
#349=LINE('',#3127,#645);
#350=LINE('',#3130,#646);
#351=LINE('',#3133,#647);
#352=LINE('',#3135,#648);
#353=LINE('',#3136,#649);
#354=LINE('',#3142,#650);
#355=LINE('',#3145,#651);
#356=LINE('',#3148,#652);
#357=LINE('',#3150,#653);
#358=LINE('',#3151,#654);
#359=LINE('',#3157,#655);
#360=LINE('',#3160,#656);
#361=LINE('',#3163,#657);
#362=LINE('',#3165,#658);
#363=LINE('',#3166,#659);
#364=LINE('',#3172,#660);
#365=LINE('',#3175,#661);
#366=LINE('',#3178,#662);
#367=LINE('',#3180,#663);
#368=LINE('',#3181,#664);
#369=LINE('',#3187,#665);
#370=LINE('',#3190,#666);
#371=LINE('',#3193,#667);
#372=LINE('',#3195,#668);
#373=LINE('',#3196,#669);
#374=LINE('',#3201,#670);
#375=LINE('',#3205,#671);
#376=LINE('',#3207,#672);
#377=LINE('',#3208,#673);
#378=LINE('',#3214,#674);
#379=LINE('',#3217,#675);
#380=LINE('',#3220,#676);
#381=LINE('',#3222,#677);
#382=LINE('',#3223,#678);
#383=LINE('',#3228,#679);
#384=LINE('',#3232,#680);
#385=LINE('',#3234,#681);
#386=LINE('',#3235,#682);
#387=LINE('',#3245,#683);
#388=LINE('',#3247,#684);
#389=LINE('',#3249,#685);
#390=LINE('',#3251,#686);
#391=LINE('',#3253,#687);
#392=LINE('',#3255,#688);
#393=LINE('',#3257,#689);
#394=LINE('',#3259,#690);
#395=LINE('',#3261,#691);
#396=LINE('',#3263,#692);
#397=LINE('',#3265,#693);
#398=LINE('',#3269,#694);
#399=LINE('',#3271,#695);
#400=LINE('',#3273,#696);
#401=LINE('',#3275,#697);
#402=LINE('',#3277,#698);
#403=LINE('',#3279,#699);
#404=LINE('',#3281,#700);
#405=LINE('',#3283,#701);
#406=LINE('',#3285,#702);
#407=LINE('',#3287,#703);
#408=LINE('',#3289,#704);
#409=LINE('',#3291,#705);
#410=LINE('',#3293,#706);
#411=LINE('',#3295,#707);
#412=LINE('',#3299,#708);
#413=LINE('',#3301,#709);
#414=LINE('',#3303,#710);
#415=LINE('',#3305,#711);
#416=LINE('',#3307,#712);
#417=LINE('',#3309,#713);
#418=LINE('',#3311,#714);
#419=LINE('',#3313,#715);
#420=LINE('',#3315,#716);
#421=LINE('',#3317,#717);
#422=LINE('',#3319,#718);
#423=LINE('',#3321,#719);
#424=LINE('',#3323,#720);
#425=LINE('',#3325,#721);
#426=LINE('',#3327,#722);
#427=LINE('',#3329,#723);
#428=LINE('',#3331,#724);
#429=LINE('',#3333,#725);
#430=LINE('',#3335,#726);
#431=LINE('',#3337,#727);
#432=LINE('',#3339,#728);
#433=LINE('',#3341,#729);
#434=LINE('',#3343,#730);
#435=LINE('',#3345,#731);
#436=LINE('',#3347,#732);
#437=LINE('',#3349,#733);
#438=LINE('',#3351,#734);
#439=LINE('',#3355,#735);
#440=LINE('',#3357,#736);
#441=LINE('',#3359,#737);
#442=LINE('',#3361,#738);
#443=LINE('',#3363,#739);
#444=LINE('',#3365,#740);
#445=LINE('',#3367,#741);
#446=LINE('',#3369,#742);
#447=LINE('',#3371,#743);
#448=LINE('',#3373,#744);
#449=LINE('',#3375,#745);
#450=LINE('',#3377,#746);
#451=LINE('',#3379,#747);
#452=LINE('',#3381,#748);
#453=LINE('',#3385,#749);
#454=LINE('',#3387,#750);
#455=LINE('',#3389,#751);
#456=LINE('',#3391,#752);
#457=LINE('',#3393,#753);
#458=LINE('',#3395,#754);
#459=LINE('',#3397,#755);
#460=LINE('',#3399,#756);
#461=LINE('',#3401,#757);
#462=LINE('',#3403,#758);
#463=LINE('',#3405,#759);
#464=LINE('',#3407,#760);
#465=LINE('',#3409,#761);
#466=LINE('',#3411,#762);
#467=LINE('',#3413,#763);
#468=LINE('',#3414,#764);
#469=LINE('',#3417,#765);
#470=LINE('',#3421,#766);
#471=LINE('',#3429,#767);
#472=LINE('',#3435,#768);
#473=LINE('',#3440,#769);
#474=LINE('',#3442,#770);
#475=LINE('',#3445,#771);
#476=LINE('',#3449,#772);
#477=LINE('',#3454,#773);
#478=LINE('',#3455,#774);
#479=LINE('',#3456,#775);
#480=LINE('',#3460,#776);
#481=LINE('',#3463,#777);
#482=LINE('',#3464,#778);
#483=LINE('',#3467,#779);
#484=LINE('',#3468,#780);
#485=LINE('',#3471,#781);
#486=LINE('',#3472,#782);
#487=LINE('',#3475,#783);
#488=LINE('',#3476,#784);
#489=LINE('',#3479,#785);
#490=LINE('',#3480,#786);
#491=LINE('',#3483,#787);
#492=LINE('',#3484,#788);
#493=LINE('',#3487,#789);
#494=LINE('',#3488,#790);
#495=LINE('',#3491,#791);
#496=LINE('',#3492,#792);
#497=LINE('',#3495,#793);
#498=LINE('',#3496,#794);
#499=LINE('',#3499,#795);
#500=LINE('',#3500,#796);
#501=LINE('',#3503,#797);
#502=LINE('',#3504,#798);
#503=LINE('',#3507,#799);
#504=LINE('',#3508,#800);
#505=LINE('',#3511,#801);
#506=LINE('',#3512,#802);
#507=LINE('',#3515,#803);
#508=LINE('',#3516,#804);
#509=LINE('',#3519,#805);
#510=LINE('',#3520,#806);
#511=LINE('',#3523,#807);
#512=LINE('',#3524,#808);
#513=LINE('',#3527,#809);
#514=LINE('',#3528,#810);
#515=LINE('',#3531,#811);
#516=LINE('',#3532,#812);
#517=LINE('',#3535,#813);
#518=LINE('',#3536,#814);
#519=LINE('',#3539,#815);
#520=LINE('',#3540,#816);
#521=LINE('',#3543,#817);
#522=LINE('',#3544,#818);
#523=LINE('',#3547,#819);
#524=LINE('',#3548,#820);
#525=LINE('',#3551,#821);
#526=LINE('',#3552,#822);
#527=LINE('',#3555,#823);
#528=LINE('',#3556,#824);
#529=LINE('',#3559,#825);
#530=LINE('',#3560,#826);
#531=LINE('',#3563,#827);
#532=LINE('',#3564,#828);
#533=LINE('',#3567,#829);
#534=LINE('',#3568,#830);
#535=LINE('',#3572,#831);
#536=LINE('',#3575,#832);
#537=LINE('',#3576,#833);
#538=LINE('',#3579,#834);
#539=LINE('',#3580,#835);
#540=LINE('',#3583,#836);
#541=LINE('',#3584,#837);
#542=LINE('',#3587,#838);
#543=LINE('',#3588,#839);
#544=LINE('',#3591,#840);
#545=LINE('',#3592,#841);
#546=LINE('',#3595,#842);
#547=LINE('',#3596,#843);
#548=LINE('',#3599,#844);
#549=LINE('',#3600,#845);
#550=LINE('',#3603,#846);
#551=LINE('',#3604,#847);
#552=LINE('',#3607,#848);
#553=LINE('',#3608,#849);
#554=LINE('',#3611,#850);
#555=LINE('',#3612,#851);
#556=LINE('',#3615,#852);
#557=LINE('',#3616,#853);
#558=LINE('',#3619,#854);
#559=LINE('',#3620,#855);
#560=LINE('',#3623,#856);
#561=LINE('',#3624,#857);
#562=LINE('',#3627,#858);
#563=LINE('',#3628,#859);
#564=LINE('',#3632,#860);
#565=LINE('',#3635,#861);
#566=LINE('',#3636,#862);
#567=LINE('',#3639,#863);
#568=LINE('',#3640,#864);
#569=LINE('',#3643,#865);
#570=LINE('',#3644,#866);
#571=LINE('',#3647,#867);
#572=LINE('',#3648,#868);
#573=LINE('',#3651,#869);
#574=LINE('',#3652,#870);
#575=LINE('',#3655,#871);
#576=LINE('',#3656,#872);
#577=LINE('',#3659,#873);
#578=LINE('',#3660,#874);
#579=LINE('',#3663,#875);
#580=LINE('',#3664,#876);
#581=LINE('',#3667,#877);
#582=LINE('',#3668,#878);
#583=LINE('',#3671,#879);
#584=LINE('',#3672,#880);
#585=LINE('',#3675,#881);
#586=LINE('',#3676,#882);
#587=LINE('',#3679,#883);
#588=LINE('',#3680,#884);
#589=LINE('',#3683,#885);
#590=LINE('',#3684,#886);
#591=LINE('',#3687,#887);
#592=LINE('',#3688,#888);
#593=LINE('',#3691,#889);
#594=LINE('',#3692,#890);
#595=LINE('',#3695,#891);
#596=LINE('',#3696,#892);
#597=LINE('',#3699,#893);
#598=LINE('',#3700,#894);
#599=LINE('',#3703,#895);
#600=LINE('',#3704,#896);
#601=LINE('',#3707,#897);
#602=LINE('',#3708,#898);
#603=LINE('',#3711,#899);
#604=LINE('',#3712,#900);
#605=LINE('',#3715,#901);
#606=LINE('',#3716,#902);
#607=LINE('',#3719,#903);
#608=LINE('',#3720,#904);
#609=LINE('',#3723,#905);
#610=LINE('',#3724,#906);
#611=LINE('',#3727,#907);
#612=LINE('',#3728,#908);
#613=LINE('',#3731,#909);
#614=LINE('',#3732,#910);
#615=LINE('',#3735,#911);
#616=LINE('',#3736,#912);
#617=LINE('',#3739,#913);
#618=LINE('',#3740,#914);
#619=LINE('',#3744,#915);
#620=LINE('',#3747,#916);
#621=LINE('',#3748,#917);
#622=LINE('',#3751,#918);
#623=LINE('',#3752,#919);
#624=LINE('',#3755,#920);
#625=LINE('',#3756,#921);
#626=LINE('',#3759,#922);
#627=LINE('',#3760,#923);
#628=LINE('',#3763,#924);
#629=LINE('',#3764,#925);
#630=LINE('',#3767,#926);
#631=LINE('',#3768,#927);
#632=LINE('',#3771,#928);
#633=LINE('',#3772,#929);
#634=LINE('',#3775,#930);
#635=LINE('',#3776,#931);
#636=LINE('',#3779,#932);
#637=LINE('',#3780,#933);
#638=LINE('',#3783,#934);
#639=LINE('',#3784,#935);
#640=LINE('',#3787,#936);
#641=LINE('',#3788,#937);
#642=LINE('',#3791,#938);
#643=LINE('',#3792,#939);
#644=LINE('',#3794,#940);
#645=VECTOR('',#2521,1.1);
#646=VECTOR('',#2524,1.1);
#647=VECTOR('',#2527,10.);
#648=VECTOR('',#2528,10.);
#649=VECTOR('',#2529,10.);
#650=VECTOR('',#2534,1.1);
#651=VECTOR('',#2537,1.1);
#652=VECTOR('',#2540,10.);
#653=VECTOR('',#2541,10.);
#654=VECTOR('',#2542,10.);
#655=VECTOR('',#2547,1.1);
#656=VECTOR('',#2550,1.1);
#657=VECTOR('',#2553,10.);
#658=VECTOR('',#2554,10.);
#659=VECTOR('',#2555,10.);
#660=VECTOR('',#2560,1.1);
#661=VECTOR('',#2563,1.1);
#662=VECTOR('',#2566,10.);
#663=VECTOR('',#2567,10.);
#664=VECTOR('',#2568,10.);
#665=VECTOR('',#2573,10.);
#666=VECTOR('',#2576,10.);
#667=VECTOR('',#2579,10.);
#668=VECTOR('',#2580,10.);
#669=VECTOR('',#2581,10.);
#670=VECTOR('',#2586,10.);
#671=VECTOR('',#2591,10.);
#672=VECTOR('',#2592,10.);
#673=VECTOR('',#2593,10.);
#674=VECTOR('',#2598,10.);
#675=VECTOR('',#2601,10.);
#676=VECTOR('',#2604,10.);
#677=VECTOR('',#2605,10.);
#678=VECTOR('',#2606,10.);
#679=VECTOR('',#2611,10.);
#680=VECTOR('',#2616,10.);
#681=VECTOR('',#2617,10.);
#682=VECTOR('',#2618,10.);
#683=VECTOR('',#2633,10.);
#684=VECTOR('',#2634,10.);
#685=VECTOR('',#2635,10.);
#686=VECTOR('',#2636,10.);
#687=VECTOR('',#2637,10.);
#688=VECTOR('',#2638,10.);
#689=VECTOR('',#2639,10.);
#690=VECTOR('',#2640,10.);
#691=VECTOR('',#2641,10.);
#692=VECTOR('',#2642,10.);
#693=VECTOR('',#2643,10.);
#694=VECTOR('',#2646,10.);
#695=VECTOR('',#2647,10.);
#696=VECTOR('',#2648,10.);
#697=VECTOR('',#2649,10.);
#698=VECTOR('',#2650,10.);
#699=VECTOR('',#2651,10.);
#700=VECTOR('',#2652,10.);
#701=VECTOR('',#2653,10.);
#702=VECTOR('',#2654,10.);
#703=VECTOR('',#2655,10.);
#704=VECTOR('',#2656,10.);
#705=VECTOR('',#2657,10.);
#706=VECTOR('',#2658,10.);
#707=VECTOR('',#2659,10.);
#708=VECTOR('',#2662,10.);
#709=VECTOR('',#2663,10.);
#710=VECTOR('',#2664,10.);
#711=VECTOR('',#2665,10.);
#712=VECTOR('',#2666,10.);
#713=VECTOR('',#2667,10.);
#714=VECTOR('',#2668,10.);
#715=VECTOR('',#2669,10.);
#716=VECTOR('',#2670,10.);
#717=VECTOR('',#2671,10.);
#718=VECTOR('',#2672,10.);
#719=VECTOR('',#2673,10.);
#720=VECTOR('',#2674,10.);
#721=VECTOR('',#2675,10.);
#722=VECTOR('',#2676,10.);
#723=VECTOR('',#2677,10.);
#724=VECTOR('',#2678,10.);
#725=VECTOR('',#2679,10.);
#726=VECTOR('',#2680,10.);
#727=VECTOR('',#2681,10.);
#728=VECTOR('',#2682,10.);
#729=VECTOR('',#2683,10.);
#730=VECTOR('',#2684,10.);
#731=VECTOR('',#2685,10.);
#732=VECTOR('',#2686,10.);
#733=VECTOR('',#2687,10.);
#734=VECTOR('',#2688,10.);
#735=VECTOR('',#2691,10.);
#736=VECTOR('',#2692,10.);
#737=VECTOR('',#2693,10.);
#738=VECTOR('',#2694,10.);
#739=VECTOR('',#2695,10.);
#740=VECTOR('',#2696,10.);
#741=VECTOR('',#2697,10.);
#742=VECTOR('',#2698,10.);
#743=VECTOR('',#2699,10.);
#744=VECTOR('',#2700,10.);
#745=VECTOR('',#2701,10.);
#746=VECTOR('',#2702,10.);
#747=VECTOR('',#2703,10.);
#748=VECTOR('',#2704,10.);
#749=VECTOR('',#2707,10.);
#750=VECTOR('',#2708,10.);
#751=VECTOR('',#2709,10.);
#752=VECTOR('',#2710,10.);
#753=VECTOR('',#2711,10.);
#754=VECTOR('',#2712,10.);
#755=VECTOR('',#2713,10.);
#756=VECTOR('',#2714,10.);
#757=VECTOR('',#2715,10.);
#758=VECTOR('',#2716,10.);
#759=VECTOR('',#2717,10.);
#760=VECTOR('',#2718,10.);
#761=VECTOR('',#2719,10.);
#762=VECTOR('',#2720,10.);
#763=VECTOR('',#2721,10.);
#764=VECTOR('',#2722,10.);
#765=VECTOR('',#2725,10.);
#766=VECTOR('',#2730,10.);
#767=VECTOR('',#2739,10.);
#768=VECTOR('',#2748,10.);
#769=VECTOR('',#2757,10.);
#770=VECTOR('',#2760,10.);
#771=VECTOR('',#2763,1.25);
#772=VECTOR('',#2768,1.25);
#773=VECTOR('',#2773,10.);
#774=VECTOR('',#2774,10.);
#775=VECTOR('',#2775,10.);
#776=VECTOR('',#2780,10.);
#777=VECTOR('',#2783,10.);
#778=VECTOR('',#2784,10.);
#779=VECTOR('',#2787,10.);
#780=VECTOR('',#2788,10.);
#781=VECTOR('',#2791,10.);
#782=VECTOR('',#2792,10.);
#783=VECTOR('',#2795,10.);
#784=VECTOR('',#2796,10.);
#785=VECTOR('',#2799,10.);
#786=VECTOR('',#2800,10.);
#787=VECTOR('',#2803,10.);
#788=VECTOR('',#2804,10.);
#789=VECTOR('',#2807,10.);
#790=VECTOR('',#2808,10.);
#791=VECTOR('',#2811,10.);
#792=VECTOR('',#2812,10.);
#793=VECTOR('',#2815,10.);
#794=VECTOR('',#2816,10.);
#795=VECTOR('',#2819,10.);
#796=VECTOR('',#2820,10.);
#797=VECTOR('',#2823,10.);
#798=VECTOR('',#2824,10.);
#799=VECTOR('',#2827,10.);
#800=VECTOR('',#2828,10.);
#801=VECTOR('',#2831,10.);
#802=VECTOR('',#2832,10.);
#803=VECTOR('',#2835,10.);
#804=VECTOR('',#2836,10.);
#805=VECTOR('',#2839,10.);
#806=VECTOR('',#2840,10.);
#807=VECTOR('',#2843,10.);
#808=VECTOR('',#2844,10.);
#809=VECTOR('',#2847,10.);
#810=VECTOR('',#2848,10.);
#811=VECTOR('',#2851,10.);
#812=VECTOR('',#2852,10.);
#813=VECTOR('',#2855,10.);
#814=VECTOR('',#2856,10.);
#815=VECTOR('',#2859,10.);
#816=VECTOR('',#2860,10.);
#817=VECTOR('',#2863,10.);
#818=VECTOR('',#2864,10.);
#819=VECTOR('',#2867,10.);
#820=VECTOR('',#2868,10.);
#821=VECTOR('',#2871,10.);
#822=VECTOR('',#2872,10.);
#823=VECTOR('',#2875,10.);
#824=VECTOR('',#2876,10.);
#825=VECTOR('',#2879,10.);
#826=VECTOR('',#2880,10.);
#827=VECTOR('',#2883,10.);
#828=VECTOR('',#2884,10.);
#829=VECTOR('',#2887,10.);
#830=VECTOR('',#2888,10.);
#831=VECTOR('',#2893,10.);
#832=VECTOR('',#2896,10.);
#833=VECTOR('',#2897,10.);
#834=VECTOR('',#2900,10.);
#835=VECTOR('',#2901,10.);
#836=VECTOR('',#2904,10.);
#837=VECTOR('',#2905,10.);
#838=VECTOR('',#2908,10.);
#839=VECTOR('',#2909,10.);
#840=VECTOR('',#2912,10.);
#841=VECTOR('',#2913,10.);
#842=VECTOR('',#2916,10.);
#843=VECTOR('',#2917,10.);
#844=VECTOR('',#2920,10.);
#845=VECTOR('',#2921,10.);
#846=VECTOR('',#2924,10.);
#847=VECTOR('',#2925,10.);
#848=VECTOR('',#2928,10.);
#849=VECTOR('',#2929,10.);
#850=VECTOR('',#2932,10.);
#851=VECTOR('',#2933,10.);
#852=VECTOR('',#2936,10.);
#853=VECTOR('',#2937,10.);
#854=VECTOR('',#2940,10.);
#855=VECTOR('',#2941,10.);
#856=VECTOR('',#2944,10.);
#857=VECTOR('',#2945,10.);
#858=VECTOR('',#2948,10.);
#859=VECTOR('',#2949,10.);
#860=VECTOR('',#2954,10.);
#861=VECTOR('',#2957,10.);
#862=VECTOR('',#2958,10.);
#863=VECTOR('',#2961,10.);
#864=VECTOR('',#2962,10.);
#865=VECTOR('',#2965,10.);
#866=VECTOR('',#2966,10.);
#867=VECTOR('',#2969,10.);
#868=VECTOR('',#2970,10.);
#869=VECTOR('',#2973,10.);
#870=VECTOR('',#2974,10.);
#871=VECTOR('',#2977,10.);
#872=VECTOR('',#2978,10.);
#873=VECTOR('',#2981,10.);
#874=VECTOR('',#2982,10.);
#875=VECTOR('',#2985,10.);
#876=VECTOR('',#2986,10.);
#877=VECTOR('',#2989,10.);
#878=VECTOR('',#2990,10.);
#879=VECTOR('',#2993,10.);
#880=VECTOR('',#2994,10.);
#881=VECTOR('',#2997,10.);
#882=VECTOR('',#2998,10.);
#883=VECTOR('',#3001,10.);
#884=VECTOR('',#3002,10.);
#885=VECTOR('',#3005,10.);
#886=VECTOR('',#3006,10.);
#887=VECTOR('',#3009,10.);
#888=VECTOR('',#3010,10.);
#889=VECTOR('',#3013,10.);
#890=VECTOR('',#3014,10.);
#891=VECTOR('',#3017,10.);
#892=VECTOR('',#3018,10.);
#893=VECTOR('',#3021,10.);
#894=VECTOR('',#3022,10.);
#895=VECTOR('',#3025,10.);
#896=VECTOR('',#3026,10.);
#897=VECTOR('',#3029,10.);
#898=VECTOR('',#3030,10.);
#899=VECTOR('',#3033,10.);
#900=VECTOR('',#3034,10.);
#901=VECTOR('',#3037,10.);
#902=VECTOR('',#3038,10.);
#903=VECTOR('',#3041,10.);
#904=VECTOR('',#3042,10.);
#905=VECTOR('',#3045,10.);
#906=VECTOR('',#3046,10.);
#907=VECTOR('',#3049,10.);
#908=VECTOR('',#3050,10.);
#909=VECTOR('',#3053,10.);
#910=VECTOR('',#3054,10.);
#911=VECTOR('',#3057,10.);
#912=VECTOR('',#3058,10.);
#913=VECTOR('',#3061,10.);
#914=VECTOR('',#3062,10.);
#915=VECTOR('',#3067,10.);
#916=VECTOR('',#3070,10.);
#917=VECTOR('',#3071,10.);
#918=VECTOR('',#3074,10.);
#919=VECTOR('',#3075,10.);
#920=VECTOR('',#3078,10.);
#921=VECTOR('',#3079,10.);
#922=VECTOR('',#3082,10.);
#923=VECTOR('',#3083,10.);
#924=VECTOR('',#3086,10.);
#925=VECTOR('',#3087,10.);
#926=VECTOR('',#3090,10.);
#927=VECTOR('',#3091,10.);
#928=VECTOR('',#3094,10.);
#929=VECTOR('',#3095,10.);
#930=VECTOR('',#3098,10.);
#931=VECTOR('',#3099,10.);
#932=VECTOR('',#3102,10.);
#933=VECTOR('',#3103,10.);
#934=VECTOR('',#3106,10.);
#935=VECTOR('',#3107,10.);
#936=VECTOR('',#3110,10.);
#937=VECTOR('',#3111,10.);
#938=VECTOR('',#3114,10.);
#939=VECTOR('',#3115,10.);
#940=VECTOR('',#3118,10.);
#941=CIRCLE('',#2362,1.1);
#942=CIRCLE('',#2363,1.1);
#943=CIRCLE('',#2366,1.1);
#944=CIRCLE('',#2367,1.1);
#945=CIRCLE('',#2370,1.1);
#946=CIRCLE('',#2371,1.1);
#947=CIRCLE('',#2374,1.1);
#948=CIRCLE('',#2375,1.1);
#949=CIRCLE('',#2378,1.1);
#950=CIRCLE('',#2379,1.1);
#951=CIRCLE('',#2382,1.1);
#952=CIRCLE('',#2383,1.1);
#953=CIRCLE('',#2386,1.1);
#954=CIRCLE('',#2387,1.1);
#955=CIRCLE('',#2390,1.1);
#956=CIRCLE('',#2391,1.1);
#957=CIRCLE('',#2394,2.35);
#958=CIRCLE('',#2395,2.35);
#959=CIRCLE('',#2397,2.35);
#960=CIRCLE('',#2398,2.35);
#961=CIRCLE('',#2400,0.999999999999999);
#962=CIRCLE('',#2401,0.99999999999999);
#963=CIRCLE('',#2402,0.999999999999995);
#964=CIRCLE('',#2403,1.00000000000001);
#965=CIRCLE('',#2404,1.1);
#966=CIRCLE('',#2405,1.1);
#967=CIRCLE('',#2406,1.1);
#968=CIRCLE('',#2407,1.1);
#969=CIRCLE('',#2408,1.25);
#970=CIRCLE('',#2409,1.25);
#971=CIRCLE('',#2411,1.1);
#972=CIRCLE('',#2413,1.1);
#973=CIRCLE('',#2415,1.1);
#974=CIRCLE('',#2417,1.1);
#975=CIRCLE('',#2421,1.25);
#976=CIRCLE('',#2423,1.25);
#977=CIRCLE('',#2426,0.999999999999999);
#978=CIRCLE('',#2455,1.00000000000001);
#979=CIRCLE('',#2471,0.999999999999995);
#980=CIRCLE('',#2500,0.99999999999999);
#981=VERTEX_POINT('',#3123);
#982=VERTEX_POINT('',#3124);
#983=VERTEX_POINT('',#3126);
#984=VERTEX_POINT('',#3128);
#985=VERTEX_POINT('',#3132);
#986=VERTEX_POINT('',#3134);
#987=VERTEX_POINT('',#3138);
#988=VERTEX_POINT('',#3139);
#989=VERTEX_POINT('',#3141);
#990=VERTEX_POINT('',#3143);
#991=VERTEX_POINT('',#3147);
#992=VERTEX_POINT('',#3149);
#993=VERTEX_POINT('',#3153);
#994=VERTEX_POINT('',#3154);
#995=VERTEX_POINT('',#3156);
#996=VERTEX_POINT('',#3158);
#997=VERTEX_POINT('',#3162);
#998=VERTEX_POINT('',#3164);
#999=VERTEX_POINT('',#3168);
#1000=VERTEX_POINT('',#3169);
#1001=VERTEX_POINT('',#3171);
#1002=VERTEX_POINT('',#3173);
#1003=VERTEX_POINT('',#3177);
#1004=VERTEX_POINT('',#3179);
#1005=VERTEX_POINT('',#3183);
#1006=VERTEX_POINT('',#3184);
#1007=VERTEX_POINT('',#3186);
#1008=VERTEX_POINT('',#3188);
#1009=VERTEX_POINT('',#3192);
#1010=VERTEX_POINT('',#3194);
#1011=VERTEX_POINT('',#3198);
#1012=VERTEX_POINT('',#3200);
#1013=VERTEX_POINT('',#3204);
#1014=VERTEX_POINT('',#3206);
#1015=VERTEX_POINT('',#3210);
#1016=VERTEX_POINT('',#3211);
#1017=VERTEX_POINT('',#3213);
#1018=VERTEX_POINT('',#3215);
#1019=VERTEX_POINT('',#3219);
#1020=VERTEX_POINT('',#3221);
#1021=VERTEX_POINT('',#3225);
#1022=VERTEX_POINT('',#3227);
#1023=VERTEX_POINT('',#3231);
#1024=VERTEX_POINT('',#3233);
#1025=VERTEX_POINT('',#3243);
#1026=VERTEX_POINT('',#3244);
#1027=VERTEX_POINT('',#3246);
#1028=VERTEX_POINT('',#3248);
#1029=VERTEX_POINT('',#3250);
#1030=VERTEX_POINT('',#3252);
#1031=VERTEX_POINT('',#3254);
#1032=VERTEX_POINT('',#3256);
#1033=VERTEX_POINT('',#3258);
#1034=VERTEX_POINT('',#3260);
#1035=VERTEX_POINT('',#3262);
#1036=VERTEX_POINT('',#3264);
#1037=VERTEX_POINT('',#3266);
#1038=VERTEX_POINT('',#3268);
#1039=VERTEX_POINT('',#3270);
#1040=VERTEX_POINT('',#3272);
#1041=VERTEX_POINT('',#3274);
#1042=VERTEX_POINT('',#3276);
#1043=VERTEX_POINT('',#3278);
#1044=VERTEX_POINT('',#3280);
#1045=VERTEX_POINT('',#3282);
#1046=VERTEX_POINT('',#3284);
#1047=VERTEX_POINT('',#3286);
#1048=VERTEX_POINT('',#3288);
#1049=VERTEX_POINT('',#3290);
#1050=VERTEX_POINT('',#3292);
#1051=VERTEX_POINT('',#3294);
#1052=VERTEX_POINT('',#3296);
#1053=VERTEX_POINT('',#3298);
#1054=VERTEX_POINT('',#3300);
#1055=VERTEX_POINT('',#3302);
#1056=VERTEX_POINT('',#3304);
#1057=VERTEX_POINT('',#3306);
#1058=VERTEX_POINT('',#3308);
#1059=VERTEX_POINT('',#3310);
#1060=VERTEX_POINT('',#3312);
#1061=VERTEX_POINT('',#3314);
#1062=VERTEX_POINT('',#3316);
#1063=VERTEX_POINT('',#3318);
#1064=VERTEX_POINT('',#3320);
#1065=VERTEX_POINT('',#3322);
#1066=VERTEX_POINT('',#3324);
#1067=VERTEX_POINT('',#3326);
#1068=VERTEX_POINT('',#3328);
#1069=VERTEX_POINT('',#3330);
#1070=VERTEX_POINT('',#3332);
#1071=VERTEX_POINT('',#3334);
#1072=VERTEX_POINT('',#3336);
#1073=VERTEX_POINT('',#3338);
#1074=VERTEX_POINT('',#3340);
#1075=VERTEX_POINT('',#3342);
#1076=VERTEX_POINT('',#3344);
#1077=VERTEX_POINT('',#3346);
#1078=VERTEX_POINT('',#3348);
#1079=VERTEX_POINT('',#3350);
#1080=VERTEX_POINT('',#3352);
#1081=VERTEX_POINT('',#3354);
#1082=VERTEX_POINT('',#3356);
#1083=VERTEX_POINT('',#3358);
#1084=VERTEX_POINT('',#3360);
#1085=VERTEX_POINT('',#3362);
#1086=VERTEX_POINT('',#3364);
#1087=VERTEX_POINT('',#3366);
#1088=VERTEX_POINT('',#3368);
#1089=VERTEX_POINT('',#3370);
#1090=VERTEX_POINT('',#3372);
#1091=VERTEX_POINT('',#3374);
#1092=VERTEX_POINT('',#3376);
#1093=VERTEX_POINT('',#3378);
#1094=VERTEX_POINT('',#3380);
#1095=VERTEX_POINT('',#3382);
#1096=VERTEX_POINT('',#3384);
#1097=VERTEX_POINT('',#3386);
#1098=VERTEX_POINT('',#3388);
#1099=VERTEX_POINT('',#3390);
#1100=VERTEX_POINT('',#3392);
#1101=VERTEX_POINT('',#3394);
#1102=VERTEX_POINT('',#3396);
#1103=VERTEX_POINT('',#3398);
#1104=VERTEX_POINT('',#3400);
#1105=VERTEX_POINT('',#3402);
#1106=VERTEX_POINT('',#3404);
#1107=VERTEX_POINT('',#3406);
#1108=VERTEX_POINT('',#3408);
#1109=VERTEX_POINT('',#3410);
#1110=VERTEX_POINT('',#3412);
#1111=VERTEX_POINT('',#3416);
#1112=VERTEX_POINT('',#3420);
#1113=VERTEX_POINT('',#3423);
#1114=VERTEX_POINT('',#3425);
#1115=VERTEX_POINT('',#3428);
#1116=VERTEX_POINT('',#3434);
#1117=VERTEX_POINT('',#3444);
#1118=VERTEX_POINT('',#3448);
#1119=VERTEX_POINT('',#3452);
#1120=VERTEX_POINT('',#3453);
#1121=VERTEX_POINT('',#3458);
#1122=VERTEX_POINT('',#3462);
#1123=VERTEX_POINT('',#3466);
#1124=VERTEX_POINT('',#3470);
#1125=VERTEX_POINT('',#3474);
#1126=VERTEX_POINT('',#3478);
#1127=VERTEX_POINT('',#3482);
#1128=VERTEX_POINT('',#3486);
#1129=VERTEX_POINT('',#3490);
#1130=VERTEX_POINT('',#3494);
#1131=VERTEX_POINT('',#3498);
#1132=VERTEX_POINT('',#3502);
#1133=VERTEX_POINT('',#3506);
#1134=VERTEX_POINT('',#3510);
#1135=VERTEX_POINT('',#3514);
#1136=VERTEX_POINT('',#3518);
#1137=VERTEX_POINT('',#3522);
#1138=VERTEX_POINT('',#3526);
#1139=VERTEX_POINT('',#3530);
#1140=VERTEX_POINT('',#3534);
#1141=VERTEX_POINT('',#3538);
#1142=VERTEX_POINT('',#3542);
#1143=VERTEX_POINT('',#3546);
#1144=VERTEX_POINT('',#3550);
#1145=VERTEX_POINT('',#3554);
#1146=VERTEX_POINT('',#3558);
#1147=VERTEX_POINT('',#3562);
#1148=VERTEX_POINT('',#3566);
#1149=VERTEX_POINT('',#3570);
#1150=VERTEX_POINT('',#3574);
#1151=VERTEX_POINT('',#3578);
#1152=VERTEX_POINT('',#3582);
#1153=VERTEX_POINT('',#3586);
#1154=VERTEX_POINT('',#3590);
#1155=VERTEX_POINT('',#3594);
#1156=VERTEX_POINT('',#3598);
#1157=VERTEX_POINT('',#3602);
#1158=VERTEX_POINT('',#3606);
#1159=VERTEX_POINT('',#3610);
#1160=VERTEX_POINT('',#3614);
#1161=VERTEX_POINT('',#3618);
#1162=VERTEX_POINT('',#3622);
#1163=VERTEX_POINT('',#3626);
#1164=VERTEX_POINT('',#3630);
#1165=VERTEX_POINT('',#3634);
#1166=VERTEX_POINT('',#3638);
#1167=VERTEX_POINT('',#3642);
#1168=VERTEX_POINT('',#3646);
#1169=VERTEX_POINT('',#3650);
#1170=VERTEX_POINT('',#3654);
#1171=VERTEX_POINT('',#3658);
#1172=VERTEX_POINT('',#3662);
#1173=VERTEX_POINT('',#3666);
#1174=VERTEX_POINT('',#3670);
#1175=VERTEX_POINT('',#3674);
#1176=VERTEX_POINT('',#3678);
#1177=VERTEX_POINT('',#3682);
#1178=VERTEX_POINT('',#3686);
#1179=VERTEX_POINT('',#3690);
#1180=VERTEX_POINT('',#3694);
#1181=VERTEX_POINT('',#3698);
#1182=VERTEX_POINT('',#3702);
#1183=VERTEX_POINT('',#3706);
#1184=VERTEX_POINT('',#3710);
#1185=VERTEX_POINT('',#3714);
#1186=VERTEX_POINT('',#3718);
#1187=VERTEX_POINT('',#3722);
#1188=VERTEX_POINT('',#3726);
#1189=VERTEX_POINT('',#3730);
#1190=VERTEX_POINT('',#3734);
#1191=VERTEX_POINT('',#3738);
#1192=VERTEX_POINT('',#3742);
#1193=VERTEX_POINT('',#3746);
#1194=VERTEX_POINT('',#3750);
#1195=VERTEX_POINT('',#3754);
#1196=VERTEX_POINT('',#3758);
#1197=VERTEX_POINT('',#3762);
#1198=VERTEX_POINT('',#3766);
#1199=VERTEX_POINT('',#3770);
#1200=VERTEX_POINT('',#3774);
#1201=VERTEX_POINT('',#3778);
#1202=VERTEX_POINT('',#3782);
#1203=VERTEX_POINT('',#3786);
#1204=VERTEX_POINT('',#3790);
#1205=EDGE_CURVE('',#981,#982,#941,.F.);
#1206=EDGE_CURVE('',#981,#983,#349,.T.);
#1207=EDGE_CURVE('',#983,#984,#942,.T.);
#1208=EDGE_CURVE('',#984,#982,#350,.T.);
#1209=EDGE_CURVE('',#984,#985,#351,.T.);
#1210=EDGE_CURVE('',#985,#986,#352,.T.);
#1211=EDGE_CURVE('',#982,#986,#353,.T.);
#1212=EDGE_CURVE('',#987,#988,#943,.F.);
#1213=EDGE_CURVE('',#987,#989,#354,.T.);
#1214=EDGE_CURVE('',#989,#990,#944,.T.);
#1215=EDGE_CURVE('',#990,#988,#355,.T.);
#1216=EDGE_CURVE('',#991,#990,#356,.T.);
#1217=EDGE_CURVE('',#992,#991,#357,.T.);
#1218=EDGE_CURVE('',#992,#988,#358,.T.);
#1219=EDGE_CURVE('',#993,#994,#945,.F.);
#1220=EDGE_CURVE('',#993,#995,#359,.T.);
#1221=EDGE_CURVE('',#995,#996,#946,.T.);
#1222=EDGE_CURVE('',#996,#994,#360,.T.);
#1223=EDGE_CURVE('',#996,#997,#361,.T.);
#1224=EDGE_CURVE('',#997,#998,#362,.T.);
#1225=EDGE_CURVE('',#994,#998,#363,.T.);
#1226=EDGE_CURVE('',#999,#1000,#947,.F.);
#1227=EDGE_CURVE('',#999,#1001,#364,.T.);
#1228=EDGE_CURVE('',#1001,#1002,#948,.T.);
#1229=EDGE_CURVE('',#1002,#1000,#365,.T.);
#1230=EDGE_CURVE('',#1003,#1002,#366,.T.);
#1231=EDGE_CURVE('',#1004,#1003,#367,.T.);
#1232=EDGE_CURVE('',#1004,#1000,#368,.T.);
#1233=EDGE_CURVE('',#1005,#1006,#949,.T.);
#1234=EDGE_CURVE('',#1006,#1007,#369,.T.);
#1235=EDGE_CURVE('',#1007,#1008,#950,.T.);
#1236=EDGE_CURVE('',#1008,#1005,#370,.T.);
#1237=EDGE_CURVE('',#1009,#1006,#371,.T.);
#1238=EDGE_CURVE('',#1010,#1009,#372,.T.);
#1239=EDGE_CURVE('',#1010,#1007,#373,.T.);
#1240=EDGE_CURVE('',#1009,#1011,#951,.T.);
#1241=EDGE_CURVE('',#1011,#1012,#374,.T.);
#1242=EDGE_CURVE('',#1012,#1010,#952,.T.);
#1243=EDGE_CURVE('',#1013,#1011,#375,.T.);
#1244=EDGE_CURVE('',#1014,#1013,#376,.T.);
#1245=EDGE_CURVE('',#1014,#1012,#377,.T.);
#1246=EDGE_CURVE('',#1015,#1016,#953,.T.);
#1247=EDGE_CURVE('',#1016,#1017,#378,.T.);
#1248=EDGE_CURVE('',#1017,#1018,#954,.T.);
#1249=EDGE_CURVE('',#1018,#1015,#379,.T.);
#1250=EDGE_CURVE('',#1019,#1016,#380,.T.);
#1251=EDGE_CURVE('',#1020,#1019,#381,.T.);
#1252=EDGE_CURVE('',#1020,#1017,#382,.T.);
#1253=EDGE_CURVE('',#1019,#1021,#955,.T.);
#1254=EDGE_CURVE('',#1021,#1022,#383,.T.);
#1255=EDGE_CURVE('',#1022,#1020,#956,.T.);
#1256=EDGE_CURVE('',#1023,#1021,#384,.T.);
#1257=EDGE_CURVE('',#1024,#1023,#385,.T.);
#1258=EDGE_CURVE('',#1024,#1022,#386,.T.);
#1259=EDGE_CURVE('',#1001,#993,#957,.T.);
#1260=EDGE_CURVE('',#999,#995,#958,.T.);
#1261=EDGE_CURVE('',#989,#981,#959,.T.);
#1262=EDGE_CURVE('',#987,#983,#960,.T.);
#1263=EDGE_CURVE('',#1025,#1026,#387,.T.);
#1264=EDGE_CURVE('',#1026,#1027,#388,.T.);
#1265=EDGE_CURVE('',#1027,#1028,#389,.T.);
#1266=EDGE_CURVE('',#1028,#1029,#390,.T.);
#1267=EDGE_CURVE('',#1029,#1030,#391,.T.);
#1268=EDGE_CURVE('',#1030,#1031,#392,.T.);
#1269=EDGE_CURVE('',#1031,#1032,#393,.T.);
#1270=EDGE_CURVE('',#1032,#1033,#394,.T.);
#1271=EDGE_CURVE('',#1033,#1034,#395,.T.);
#1272=EDGE_CURVE('',#1034,#1035,#396,.T.);
#1273=EDGE_CURVE('',#1035,#1036,#397,.T.);
#1274=EDGE_CURVE('',#1036,#1037,#961,.T.);
#1275=EDGE_CURVE('',#1037,#1038,#398,.T.);
#1276=EDGE_CURVE('',#1038,#1039,#399,.T.);
#1277=EDGE_CURVE('',#1039,#1040,#400,.T.);
#1278=EDGE_CURVE('',#1040,#1041,#401,.T.);
#1279=EDGE_CURVE('',#1041,#1042,#402,.T.);
#1280=EDGE_CURVE('',#1042,#1043,#403,.T.);
#1281=EDGE_CURVE('',#1043,#1044,#404,.T.);
#1282=EDGE_CURVE('',#1044,#1045,#405,.T.);
#1283=EDGE_CURVE('',#1045,#1046,#406,.T.);
#1284=EDGE_CURVE('',#1046,#1047,#407,.T.);
#1285=EDGE_CURVE('',#1047,#1048,#408,.T.);
#1286=EDGE_CURVE('',#1048,#1049,#409,.T.);
#1287=EDGE_CURVE('',#1049,#1050,#410,.T.);
#1288=EDGE_CURVE('',#1050,#1051,#411,.T.);
#1289=EDGE_CURVE('',#1051,#1052,#962,.T.);
#1290=EDGE_CURVE('',#1052,#1053,#412,.T.);
#1291=EDGE_CURVE('',#1053,#1054,#413,.T.);
#1292=EDGE_CURVE('',#1054,#1055,#414,.T.);
#1293=EDGE_CURVE('',#1055,#1056,#415,.T.);
#1294=EDGE_CURVE('',#1056,#1057,#416,.T.);
#1295=EDGE_CURVE('',#1057,#1058,#417,.T.);
#1296=EDGE_CURVE('',#1058,#1059,#418,.T.);
#1297=EDGE_CURVE('',#1059,#1060,#419,.T.);
#1298=EDGE_CURVE('',#1060,#1061,#420,.T.);
#1299=EDGE_CURVE('',#1061,#1062,#421,.T.);
#1300=EDGE_CURVE('',#1062,#1063,#422,.T.);
#1301=EDGE_CURVE('',#1063,#1064,#423,.T.);
#1302=EDGE_CURVE('',#1064,#1065,#424,.T.);
#1303=EDGE_CURVE('',#1065,#1066,#425,.T.);
#1304=EDGE_CURVE('',#1066,#1067,#426,.T.);
#1305=EDGE_CURVE('',#1067,#1068,#427,.T.);
#1306=EDGE_CURVE('',#1068,#1069,#428,.T.);
#1307=EDGE_CURVE('',#1069,#1070,#429,.T.);
#1308=EDGE_CURVE('',#1070,#1071,#430,.T.);
#1309=EDGE_CURVE('',#1071,#1072,#431,.T.);
#1310=EDGE_CURVE('',#1072,#1073,#432,.T.);
#1311=EDGE_CURVE('',#1073,#1074,#433,.T.);
#1312=EDGE_CURVE('',#1074,#1075,#434,.T.);
#1313=EDGE_CURVE('',#1075,#1076,#435,.T.);
#1314=EDGE_CURVE('',#1076,#1077,#436,.T.);
#1315=EDGE_CURVE('',#1077,#1078,#437,.T.);
#1316=EDGE_CURVE('',#1078,#1079,#438,.T.);
#1317=EDGE_CURVE('',#1079,#1080,#963,.T.);
#1318=EDGE_CURVE('',#1080,#1081,#439,.T.);
#1319=EDGE_CURVE('',#1081,#1082,#440,.T.);
#1320=EDGE_CURVE('',#1082,#1083,#441,.T.);
#1321=EDGE_CURVE('',#1083,#1084,#442,.T.);
#1322=EDGE_CURVE('',#1084,#1085,#443,.T.);
#1323=EDGE_CURVE('',#1085,#1086,#444,.T.);
#1324=EDGE_CURVE('',#1086,#1087,#445,.T.);
#1325=EDGE_CURVE('',#1087,#1088,#446,.T.);
#1326=EDGE_CURVE('',#1088,#1089,#447,.T.);
#1327=EDGE_CURVE('',#1089,#1090,#448,.T.);
#1328=EDGE_CURVE('',#1090,#1091,#449,.T.);
#1329=EDGE_CURVE('',#1091,#1092,#450,.T.);
#1330=EDGE_CURVE('',#1092,#1093,#451,.T.);
#1331=EDGE_CURVE('',#1093,#1094,#452,.T.);
#1332=EDGE_CURVE('',#1094,#1095,#964,.T.);
#1333=EDGE_CURVE('',#1095,#1096,#453,.T.);
#1334=EDGE_CURVE('',#1096,#1097,#454,.T.);
#1335=EDGE_CURVE('',#1097,#1098,#455,.T.);
#1336=EDGE_CURVE('',#1098,#1099,#456,.T.);
#1337=EDGE_CURVE('',#1099,#1100,#457,.T.);
#1338=EDGE_CURVE('',#1100,#1101,#458,.T.);
#1339=EDGE_CURVE('',#1101,#1102,#459,.T.);
#1340=EDGE_CURVE('',#1102,#1103,#460,.T.);
#1341=EDGE_CURVE('',#1103,#1104,#461,.T.);
#1342=EDGE_CURVE('',#1104,#1105,#462,.T.);
#1343=EDGE_CURVE('',#1105,#1106,#463,.T.);
#1344=EDGE_CURVE('',#1106,#1107,#464,.T.);
#1345=EDGE_CURVE('',#1107,#1108,#465,.T.);
#1346=EDGE_CURVE('',#1108,#1109,#466,.T.);
#1347=EDGE_CURVE('',#1109,#1110,#467,.T.);
#1348=EDGE_CURVE('',#1110,#1025,#468,.T.);
#1349=EDGE_CURVE('',#986,#1023,#965,.T.);
#1350=EDGE_CURVE('',#1015,#1111,#469,.T.);
#1351=EDGE_CURVE('',#1111,#1003,#966,.T.);
#1352=EDGE_CURVE('',#998,#1013,#967,.T.);
#1353=EDGE_CURVE('',#1005,#1112,#470,.T.);
#1354=EDGE_CURVE('',#1112,#991,#968,.T.);
#1355=EDGE_CURVE('',#1113,#1113,#969,.T.);
#1356=EDGE_CURVE('',#1114,#1114,#970,.T.);
#1357=EDGE_CURVE('',#1115,#1111,#471,.T.);
#1358=EDGE_CURVE('',#1115,#1004,#971,.T.);
#1359=EDGE_CURVE('',#985,#1024,#972,.T.);
#1360=EDGE_CURVE('',#1116,#1112,#472,.T.);
#1361=EDGE_CURVE('',#1116,#992,#973,.T.);
#1362=EDGE_CURVE('',#997,#1014,#974,.T.);
#1363=EDGE_CURVE('',#1018,#1115,#473,.T.);
#1364=EDGE_CURVE('',#1008,#1116,#474,.T.);
#1365=EDGE_CURVE('',#1113,#1117,#475,.T.);
#1366=EDGE_CURVE('',#1117,#1117,#975,.T.);
#1367=EDGE_CURVE('',#1114,#1118,#476,.T.);
#1368=EDGE_CURVE('',#1118,#1118,#976,.T.);
#1369=EDGE_CURVE('',#1119,#1120,#477,.T.);
#1370=EDGE_CURVE('',#1119,#1038,#478,.T.);
#1371=EDGE_CURVE('',#1120,#1037,#479,.T.);
#1372=EDGE_CURVE('',#1121,#1120,#977,.T.);
#1373=EDGE_CURVE('',#1121,#1036,#480,.T.);
#1374=EDGE_CURVE('',#1121,#1122,#481,.T.);
#1375=EDGE_CURVE('',#1122,#1035,#482,.T.);
#1376=EDGE_CURVE('',#1123,#1122,#483,.T.);
#1377=EDGE_CURVE('',#1123,#1034,#484,.T.);
#1378=EDGE_CURVE('',#1123,#1124,#485,.T.);
#1379=EDGE_CURVE('',#1124,#1033,#486,.T.);
#1380=EDGE_CURVE('',#1125,#1124,#487,.T.);
#1381=EDGE_CURVE('',#1125,#1032,#488,.T.);
#1382=EDGE_CURVE('',#1126,#1125,#489,.T.);
#1383=EDGE_CURVE('',#1126,#1031,#490,.T.);
#1384=EDGE_CURVE('',#1127,#1126,#491,.T.);
#1385=EDGE_CURVE('',#1127,#1030,#492,.T.);
#1386=EDGE_CURVE('',#1128,#1127,#493,.T.);
#1387=EDGE_CURVE('',#1128,#1029,#494,.T.);
#1388=EDGE_CURVE('',#1129,#1128,#495,.T.);
#1389=EDGE_CURVE('',#1129,#1028,#496,.T.);
#1390=EDGE_CURVE('',#1130,#1129,#497,.T.);
#1391=EDGE_CURVE('',#1130,#1027,#498,.T.);
#1392=EDGE_CURVE('',#1131,#1130,#499,.T.);
#1393=EDGE_CURVE('',#1131,#1026,#500,.T.);
#1394=EDGE_CURVE('',#1132,#1131,#501,.T.);
#1395=EDGE_CURVE('',#1132,#1025,#502,.T.);
#1396=EDGE_CURVE('',#1133,#1132,#503,.T.);
#1397=EDGE_CURVE('',#1133,#1110,#504,.T.);
#1398=EDGE_CURVE('',#1134,#1133,#505,.T.);
#1399=EDGE_CURVE('',#1134,#1109,#506,.T.);
#1400=EDGE_CURVE('',#1134,#1135,#507,.T.);
#1401=EDGE_CURVE('',#1135,#1108,#508,.T.);
#1402=EDGE_CURVE('',#1135,#1136,#509,.T.);
#1403=EDGE_CURVE('',#1136,#1107,#510,.T.);
#1404=EDGE_CURVE('',#1136,#1137,#511,.T.);
#1405=EDGE_CURVE('',#1137,#1106,#512,.T.);
#1406=EDGE_CURVE('',#1137,#1138,#513,.T.);
#1407=EDGE_CURVE('',#1138,#1105,#514,.T.);
#1408=EDGE_CURVE('',#1138,#1139,#515,.T.);
#1409=EDGE_CURVE('',#1139,#1104,#516,.T.);
#1410=EDGE_CURVE('',#1139,#1140,#517,.T.);
#1411=EDGE_CURVE('',#1140,#1103,#518,.T.);
#1412=EDGE_CURVE('',#1140,#1141,#519,.T.);
#1413=EDGE_CURVE('',#1141,#1102,#520,.T.);
#1414=EDGE_CURVE('',#1141,#1142,#521,.T.);
#1415=EDGE_CURVE('',#1142,#1101,#522,.T.);
#1416=EDGE_CURVE('',#1142,#1143,#523,.T.);
#1417=EDGE_CURVE('',#1143,#1100,#524,.T.);
#1418=EDGE_CURVE('',#1143,#1144,#525,.T.);
#1419=EDGE_CURVE('',#1144,#1099,#526,.T.);
#1420=EDGE_CURVE('',#1144,#1145,#527,.T.);
#1421=EDGE_CURVE('',#1145,#1098,#528,.T.);
#1422=EDGE_CURVE('',#1146,#1145,#529,.T.);
#1423=EDGE_CURVE('',#1146,#1097,#530,.T.);
#1424=EDGE_CURVE('',#1146,#1147,#531,.T.);
#1425=EDGE_CURVE('',#1147,#1096,#532,.T.);
#1426=EDGE_CURVE('',#1147,#1148,#533,.T.);
#1427=EDGE_CURVE('',#1148,#1095,#534,.T.);
#1428=EDGE_CURVE('',#1149,#1148,#978,.T.);
#1429=EDGE_CURVE('',#1149,#1094,#535,.T.);
#1430=EDGE_CURVE('',#1149,#1150,#536,.T.);
#1431=EDGE_CURVE('',#1150,#1093,#537,.T.);
#1432=EDGE_CURVE('',#1150,#1151,#538,.T.);
#1433=EDGE_CURVE('',#1151,#1092,#539,.T.);
#1434=EDGE_CURVE('',#1151,#1152,#540,.T.);
#1435=EDGE_CURVE('',#1152,#1091,#541,.T.);
#1436=EDGE_CURVE('',#1152,#1153,#542,.T.);
#1437=EDGE_CURVE('',#1153,#1090,#543,.T.);
#1438=EDGE_CURVE('',#1153,#1154,#544,.T.);
#1439=EDGE_CURVE('',#1154,#1089,#545,.T.);
#1440=EDGE_CURVE('',#1154,#1155,#546,.T.);
#1441=EDGE_CURVE('',#1155,#1088,#547,.T.);
#1442=EDGE_CURVE('',#1155,#1156,#548,.T.);
#1443=EDGE_CURVE('',#1156,#1087,#549,.T.);
#1444=EDGE_CURVE('',#1156,#1157,#550,.T.);
#1445=EDGE_CURVE('',#1157,#1086,#551,.T.);
#1446=EDGE_CURVE('',#1157,#1158,#552,.T.);
#1447=EDGE_CURVE('',#1158,#1085,#553,.T.);
#1448=EDGE_CURVE('',#1158,#1159,#554,.T.);
#1449=EDGE_CURVE('',#1159,#1084,#555,.T.);
#1450=EDGE_CURVE('',#1159,#1160,#556,.T.);
#1451=EDGE_CURVE('',#1160,#1083,#557,.T.);
#1452=EDGE_CURVE('',#1160,#1161,#558,.T.);
#1453=EDGE_CURVE('',#1161,#1082,#559,.T.);
#1454=EDGE_CURVE('',#1161,#1162,#560,.T.);
#1455=EDGE_CURVE('',#1162,#1081,#561,.T.);
#1456=EDGE_CURVE('',#1162,#1163,#562,.T.);
#1457=EDGE_CURVE('',#1163,#1080,#563,.T.);
#1458=EDGE_CURVE('',#1164,#1163,#979,.T.);
#1459=EDGE_CURVE('',#1164,#1079,#564,.T.);
#1460=EDGE_CURVE('',#1164,#1165,#565,.T.);
#1461=EDGE_CURVE('',#1165,#1078,#566,.T.);
#1462=EDGE_CURVE('',#1165,#1166,#567,.T.);
#1463=EDGE_CURVE('',#1166,#1077,#568,.T.);
#1464=EDGE_CURVE('',#1166,#1167,#569,.T.);
#1465=EDGE_CURVE('',#1167,#1076,#570,.T.);
#1466=EDGE_CURVE('',#1167,#1168,#571,.T.);
#1467=EDGE_CURVE('',#1168,#1075,#572,.T.);
#1468=EDGE_CURVE('',#1168,#1169,#573,.T.);
#1469=EDGE_CURVE('',#1169,#1074,#574,.T.);
#1470=EDGE_CURVE('',#1169,#1170,#575,.T.);
#1471=EDGE_CURVE('',#1170,#1073,#576,.T.);
#1472=EDGE_CURVE('',#1170,#1171,#577,.T.);
#1473=EDGE_CURVE('',#1171,#1072,#578,.T.);
#1474=EDGE_CURVE('',#1171,#1172,#579,.T.);
#1475=EDGE_CURVE('',#1172,#1071,#580,.T.);
#1476=EDGE_CURVE('',#1172,#1173,#581,.T.);
#1477=EDGE_CURVE('',#1173,#1070,#582,.T.);
#1478=EDGE_CURVE('',#1173,#1174,#583,.T.);
#1479=EDGE_CURVE('',#1174,#1069,#584,.T.);
#1480=EDGE_CURVE('',#1174,#1175,#585,.T.);
#1481=EDGE_CURVE('',#1175,#1068,#586,.T.);
#1482=EDGE_CURVE('',#1175,#1176,#587,.T.);
#1483=EDGE_CURVE('',#1176,#1067,#588,.T.);
#1484=EDGE_CURVE('',#1176,#1177,#589,.T.);
#1485=EDGE_CURVE('',#1177,#1066,#590,.T.);
#1486=EDGE_CURVE('',#1178,#1065,#591,.T.);
#1487=EDGE_CURVE('',#1177,#1178,#592,.T.);
#1488=EDGE_CURVE('',#1179,#1178,#593,.T.);
#1489=EDGE_CURVE('',#1179,#1064,#594,.T.);
#1490=EDGE_CURVE('',#1180,#1179,#595,.T.);
#1491=EDGE_CURVE('',#1180,#1063,#596,.T.);
#1492=EDGE_CURVE('',#1181,#1180,#597,.T.);
#1493=EDGE_CURVE('',#1181,#1062,#598,.T.);
#1494=EDGE_CURVE('',#1182,#1181,#599,.T.);
#1495=EDGE_CURVE('',#1182,#1061,#600,.T.);
#1496=EDGE_CURVE('',#1183,#1182,#601,.T.);
#1497=EDGE_CURVE('',#1183,#1060,#602,.T.);
#1498=EDGE_CURVE('',#1184,#1183,#603,.T.);
#1499=EDGE_CURVE('',#1184,#1059,#604,.T.);
#1500=EDGE_CURVE('',#1185,#1184,#605,.T.);
#1501=EDGE_CURVE('',#1185,#1058,#606,.T.);
#1502=EDGE_CURVE('',#1186,#1185,#607,.T.);
#1503=EDGE_CURVE('',#1186,#1057,#608,.T.);
#1504=EDGE_CURVE('',#1187,#1186,#609,.T.);
#1505=EDGE_CURVE('',#1187,#1056,#610,.T.);
#1506=EDGE_CURVE('',#1188,#1187,#611,.T.);
#1507=EDGE_CURVE('',#1188,#1055,#612,.T.);
#1508=EDGE_CURVE('',#1189,#1188,#613,.T.);
#1509=EDGE_CURVE('',#1189,#1054,#614,.T.);
#1510=EDGE_CURVE('',#1190,#1189,#615,.T.);
#1511=EDGE_CURVE('',#1190,#1053,#616,.T.);
#1512=EDGE_CURVE('',#1190,#1191,#617,.T.);
#1513=EDGE_CURVE('',#1191,#1052,#618,.T.);
#1514=EDGE_CURVE('',#1192,#1191,#980,.T.);
#1515=EDGE_CURVE('',#1192,#1051,#619,.T.);
#1516=EDGE_CURVE('',#1192,#1193,#620,.T.);
#1517=EDGE_CURVE('',#1193,#1050,#621,.T.);
#1518=EDGE_CURVE('',#1194,#1193,#622,.T.);
#1519=EDGE_CURVE('',#1194,#1049,#623,.T.);
#1520=EDGE_CURVE('',#1195,#1194,#624,.T.);
#1521=EDGE_CURVE('',#1195,#1048,#625,.T.);
#1522=EDGE_CURVE('',#1196,#1195,#626,.T.);
#1523=EDGE_CURVE('',#1196,#1047,#627,.T.);
#1524=EDGE_CURVE('',#1197,#1196,#628,.T.);
#1525=EDGE_CURVE('',#1197,#1046,#629,.T.);
#1526=EDGE_CURVE('',#1198,#1197,#630,.T.);
#1527=EDGE_CURVE('',#1198,#1045,#631,.T.);
#1528=EDGE_CURVE('',#1199,#1198,#632,.T.);
#1529=EDGE_CURVE('',#1199,#1044,#633,.T.);
#1530=EDGE_CURVE('',#1200,#1199,#634,.T.);
#1531=EDGE_CURVE('',#1200,#1043,#635,.T.);
#1532=EDGE_CURVE('',#1201,#1200,#636,.T.);
#1533=EDGE_CURVE('',#1201,#1042,#637,.T.);
#1534=EDGE_CURVE('',#1202,#1201,#638,.T.);
#1535=EDGE_CURVE('',#1202,#1041,#639,.T.);
#1536=EDGE_CURVE('',#1203,#1202,#640,.T.);
#1537=EDGE_CURVE('',#1203,#1040,#641,.T.);
#1538=EDGE_CURVE('',#1204,#1203,#642,.T.);
#1539=EDGE_CURVE('',#1204,#1039,#643,.T.);
#1540=EDGE_CURVE('',#1119,#1204,#644,.T.);
#1541=ORIENTED_EDGE('',*,*,#1205,.F.);
#1542=ORIENTED_EDGE('',*,*,#1206,.T.);
#1543=ORIENTED_EDGE('',*,*,#1207,.T.);
#1544=ORIENTED_EDGE('',*,*,#1208,.T.);
#1545=ORIENTED_EDGE('',*,*,#1208,.F.);
#1546=ORIENTED_EDGE('',*,*,#1209,.T.);
#1547=ORIENTED_EDGE('',*,*,#1210,.T.);
#1548=ORIENTED_EDGE('',*,*,#1211,.F.);
#1549=ORIENTED_EDGE('',*,*,#1212,.F.);
#1550=ORIENTED_EDGE('',*,*,#1213,.T.);
#1551=ORIENTED_EDGE('',*,*,#1214,.T.);
#1552=ORIENTED_EDGE('',*,*,#1215,.T.);
#1553=ORIENTED_EDGE('',*,*,#1215,.F.);
#1554=ORIENTED_EDGE('',*,*,#1216,.F.);
#1555=ORIENTED_EDGE('',*,*,#1217,.F.);
#1556=ORIENTED_EDGE('',*,*,#1218,.T.);
#1557=ORIENTED_EDGE('',*,*,#1219,.F.);
#1558=ORIENTED_EDGE('',*,*,#1220,.T.);
#1559=ORIENTED_EDGE('',*,*,#1221,.T.);
#1560=ORIENTED_EDGE('',*,*,#1222,.T.);
#1561=ORIENTED_EDGE('',*,*,#1222,.F.);
#1562=ORIENTED_EDGE('',*,*,#1223,.T.);
#1563=ORIENTED_EDGE('',*,*,#1224,.T.);
#1564=ORIENTED_EDGE('',*,*,#1225,.F.);
#1565=ORIENTED_EDGE('',*,*,#1226,.F.);
#1566=ORIENTED_EDGE('',*,*,#1227,.T.);
#1567=ORIENTED_EDGE('',*,*,#1228,.T.);
#1568=ORIENTED_EDGE('',*,*,#1229,.T.);
#1569=ORIENTED_EDGE('',*,*,#1229,.F.);
#1570=ORIENTED_EDGE('',*,*,#1230,.F.);
#1571=ORIENTED_EDGE('',*,*,#1231,.F.);
#1572=ORIENTED_EDGE('',*,*,#1232,.T.);
#1573=ORIENTED_EDGE('',*,*,#1233,.T.);
#1574=ORIENTED_EDGE('',*,*,#1234,.T.);
#1575=ORIENTED_EDGE('',*,*,#1235,.T.);
#1576=ORIENTED_EDGE('',*,*,#1236,.T.);
#1577=ORIENTED_EDGE('',*,*,#1234,.F.);
#1578=ORIENTED_EDGE('',*,*,#1237,.F.);
#1579=ORIENTED_EDGE('',*,*,#1238,.F.);
#1580=ORIENTED_EDGE('',*,*,#1239,.T.);
#1581=ORIENTED_EDGE('',*,*,#1240,.T.);
#1582=ORIENTED_EDGE('',*,*,#1241,.T.);
#1583=ORIENTED_EDGE('',*,*,#1242,.T.);
#1584=ORIENTED_EDGE('',*,*,#1238,.T.);
#1585=ORIENTED_EDGE('',*,*,#1241,.F.);
#1586=ORIENTED_EDGE('',*,*,#1243,.F.);
#1587=ORIENTED_EDGE('',*,*,#1244,.F.);
#1588=ORIENTED_EDGE('',*,*,#1245,.T.);
#1589=ORIENTED_EDGE('',*,*,#1246,.T.);
#1590=ORIENTED_EDGE('',*,*,#1247,.T.);
#1591=ORIENTED_EDGE('',*,*,#1248,.T.);
#1592=ORIENTED_EDGE('',*,*,#1249,.T.);
#1593=ORIENTED_EDGE('',*,*,#1247,.F.);
#1594=ORIENTED_EDGE('',*,*,#1250,.F.);
#1595=ORIENTED_EDGE('',*,*,#1251,.F.);
#1596=ORIENTED_EDGE('',*,*,#1252,.T.);
#1597=ORIENTED_EDGE('',*,*,#1253,.T.);
#1598=ORIENTED_EDGE('',*,*,#1254,.T.);
#1599=ORIENTED_EDGE('',*,*,#1255,.T.);
#1600=ORIENTED_EDGE('',*,*,#1251,.T.);
#1601=ORIENTED_EDGE('',*,*,#1254,.F.);
#1602=ORIENTED_EDGE('',*,*,#1256,.F.);
#1603=ORIENTED_EDGE('',*,*,#1257,.F.);
#1604=ORIENTED_EDGE('',*,*,#1258,.T.);
#1605=ORIENTED_EDGE('',*,*,#1220,.F.);
#1606=ORIENTED_EDGE('',*,*,#1259,.F.);
#1607=ORIENTED_EDGE('',*,*,#1227,.F.);
#1608=ORIENTED_EDGE('',*,*,#1260,.T.);
#1609=ORIENTED_EDGE('',*,*,#1206,.F.);
#1610=ORIENTED_EDGE('',*,*,#1261,.F.);
#1611=ORIENTED_EDGE('',*,*,#1213,.F.);
#1612=ORIENTED_EDGE('',*,*,#1262,.T.);
#1613=ORIENTED_EDGE('',*,*,#1263,.T.);
#1614=ORIENTED_EDGE('',*,*,#1264,.T.);
#1615=ORIENTED_EDGE('',*,*,#1265,.T.);
#1616=ORIENTED_EDGE('',*,*,#1266,.T.);
#1617=ORIENTED_EDGE('',*,*,#1267,.T.);
#1618=ORIENTED_EDGE('',*,*,#1268,.T.);
#1619=ORIENTED_EDGE('',*,*,#1269,.T.);
#1620=ORIENTED_EDGE('',*,*,#1270,.T.);
#1621=ORIENTED_EDGE('',*,*,#1271,.T.);
#1622=ORIENTED_EDGE('',*,*,#1272,.T.);
#1623=ORIENTED_EDGE('',*,*,#1273,.T.);
#1624=ORIENTED_EDGE('',*,*,#1274,.T.);
#1625=ORIENTED_EDGE('',*,*,#1275,.T.);
#1626=ORIENTED_EDGE('',*,*,#1276,.T.);
#1627=ORIENTED_EDGE('',*,*,#1277,.T.);
#1628=ORIENTED_EDGE('',*,*,#1278,.T.);
#1629=ORIENTED_EDGE('',*,*,#1279,.T.);
#1630=ORIENTED_EDGE('',*,*,#1280,.T.);
#1631=ORIENTED_EDGE('',*,*,#1281,.T.);
#1632=ORIENTED_EDGE('',*,*,#1282,.T.);
#1633=ORIENTED_EDGE('',*,*,#1283,.T.);
#1634=ORIENTED_EDGE('',*,*,#1284,.T.);
#1635=ORIENTED_EDGE('',*,*,#1285,.T.);
#1636=ORIENTED_EDGE('',*,*,#1286,.T.);
#1637=ORIENTED_EDGE('',*,*,#1287,.T.);
#1638=ORIENTED_EDGE('',*,*,#1288,.T.);
#1639=ORIENTED_EDGE('',*,*,#1289,.T.);
#1640=ORIENTED_EDGE('',*,*,#1290,.T.);
#1641=ORIENTED_EDGE('',*,*,#1291,.T.);
#1642=ORIENTED_EDGE('',*,*,#1292,.T.);
#1643=ORIENTED_EDGE('',*,*,#1293,.T.);
#1644=ORIENTED_EDGE('',*,*,#1294,.T.);
#1645=ORIENTED_EDGE('',*,*,#1295,.T.);
#1646=ORIENTED_EDGE('',*,*,#1296,.T.);
#1647=ORIENTED_EDGE('',*,*,#1297,.T.);
#1648=ORIENTED_EDGE('',*,*,#1298,.T.);
#1649=ORIENTED_EDGE('',*,*,#1299,.T.);
#1650=ORIENTED_EDGE('',*,*,#1300,.T.);
#1651=ORIENTED_EDGE('',*,*,#1301,.T.);
#1652=ORIENTED_EDGE('',*,*,#1302,.T.);
#1653=ORIENTED_EDGE('',*,*,#1303,.T.);
#1654=ORIENTED_EDGE('',*,*,#1304,.T.);
#1655=ORIENTED_EDGE('',*,*,#1305,.T.);
#1656=ORIENTED_EDGE('',*,*,#1306,.T.);
#1657=ORIENTED_EDGE('',*,*,#1307,.T.);
#1658=ORIENTED_EDGE('',*,*,#1308,.T.);
#1659=ORIENTED_EDGE('',*,*,#1309,.T.);
#1660=ORIENTED_EDGE('',*,*,#1310,.T.);
#1661=ORIENTED_EDGE('',*,*,#1311,.T.);
#1662=ORIENTED_EDGE('',*,*,#1312,.T.);
#1663=ORIENTED_EDGE('',*,*,#1313,.T.);
#1664=ORIENTED_EDGE('',*,*,#1314,.T.);
#1665=ORIENTED_EDGE('',*,*,#1315,.T.);
#1666=ORIENTED_EDGE('',*,*,#1316,.T.);
#1667=ORIENTED_EDGE('',*,*,#1317,.T.);
#1668=ORIENTED_EDGE('',*,*,#1318,.T.);
#1669=ORIENTED_EDGE('',*,*,#1319,.T.);
#1670=ORIENTED_EDGE('',*,*,#1320,.T.);
#1671=ORIENTED_EDGE('',*,*,#1321,.T.);
#1672=ORIENTED_EDGE('',*,*,#1322,.T.);
#1673=ORIENTED_EDGE('',*,*,#1323,.T.);
#1674=ORIENTED_EDGE('',*,*,#1324,.T.);
#1675=ORIENTED_EDGE('',*,*,#1325,.T.);
#1676=ORIENTED_EDGE('',*,*,#1326,.T.);
#1677=ORIENTED_EDGE('',*,*,#1327,.T.);
#1678=ORIENTED_EDGE('',*,*,#1328,.T.);
#1679=ORIENTED_EDGE('',*,*,#1329,.T.);
#1680=ORIENTED_EDGE('',*,*,#1330,.T.);
#1681=ORIENTED_EDGE('',*,*,#1331,.T.);
#1682=ORIENTED_EDGE('',*,*,#1332,.T.);
#1683=ORIENTED_EDGE('',*,*,#1333,.T.);
#1684=ORIENTED_EDGE('',*,*,#1334,.T.);
#1685=ORIENTED_EDGE('',*,*,#1335,.T.);
#1686=ORIENTED_EDGE('',*,*,#1336,.T.);
#1687=ORIENTED_EDGE('',*,*,#1337,.T.);
#1688=ORIENTED_EDGE('',*,*,#1338,.T.);
#1689=ORIENTED_EDGE('',*,*,#1339,.T.);
#1690=ORIENTED_EDGE('',*,*,#1340,.T.);
#1691=ORIENTED_EDGE('',*,*,#1341,.T.);
#1692=ORIENTED_EDGE('',*,*,#1342,.T.);
#1693=ORIENTED_EDGE('',*,*,#1343,.T.);
#1694=ORIENTED_EDGE('',*,*,#1344,.T.);
#1695=ORIENTED_EDGE('',*,*,#1345,.T.);
#1696=ORIENTED_EDGE('',*,*,#1346,.T.);
#1697=ORIENTED_EDGE('',*,*,#1347,.T.);
#1698=ORIENTED_EDGE('',*,*,#1348,.T.);
#1699=ORIENTED_EDGE('',*,*,#1205,.T.);
#1700=ORIENTED_EDGE('',*,*,#1211,.T.);
#1701=ORIENTED_EDGE('',*,*,#1349,.T.);
#1702=ORIENTED_EDGE('',*,*,#1256,.T.);
#1703=ORIENTED_EDGE('',*,*,#1253,.F.);
#1704=ORIENTED_EDGE('',*,*,#1250,.T.);
#1705=ORIENTED_EDGE('',*,*,#1246,.F.);
#1706=ORIENTED_EDGE('',*,*,#1350,.T.);
#1707=ORIENTED_EDGE('',*,*,#1351,.T.);
#1708=ORIENTED_EDGE('',*,*,#1230,.T.);
#1709=ORIENTED_EDGE('',*,*,#1228,.F.);
#1710=ORIENTED_EDGE('',*,*,#1259,.T.);
#1711=ORIENTED_EDGE('',*,*,#1219,.T.);
#1712=ORIENTED_EDGE('',*,*,#1225,.T.);
#1713=ORIENTED_EDGE('',*,*,#1352,.T.);
#1714=ORIENTED_EDGE('',*,*,#1243,.T.);
#1715=ORIENTED_EDGE('',*,*,#1240,.F.);
#1716=ORIENTED_EDGE('',*,*,#1237,.T.);
#1717=ORIENTED_EDGE('',*,*,#1233,.F.);
#1718=ORIENTED_EDGE('',*,*,#1353,.T.);
#1719=ORIENTED_EDGE('',*,*,#1354,.T.);
#1720=ORIENTED_EDGE('',*,*,#1216,.T.);
#1721=ORIENTED_EDGE('',*,*,#1214,.F.);
#1722=ORIENTED_EDGE('',*,*,#1261,.T.);
#1723=ORIENTED_EDGE('',*,*,#1355,.T.);
#1724=ORIENTED_EDGE('',*,*,#1356,.T.);
#1725=ORIENTED_EDGE('',*,*,#1357,.F.);
#1726=ORIENTED_EDGE('',*,*,#1358,.T.);
#1727=ORIENTED_EDGE('',*,*,#1231,.T.);
#1728=ORIENTED_EDGE('',*,*,#1351,.F.);
#1729=ORIENTED_EDGE('',*,*,#1210,.F.);
#1730=ORIENTED_EDGE('',*,*,#1359,.T.);
#1731=ORIENTED_EDGE('',*,*,#1257,.T.);
#1732=ORIENTED_EDGE('',*,*,#1349,.F.);
#1733=ORIENTED_EDGE('',*,*,#1360,.F.);
#1734=ORIENTED_EDGE('',*,*,#1361,.T.);
#1735=ORIENTED_EDGE('',*,*,#1217,.T.);
#1736=ORIENTED_EDGE('',*,*,#1354,.F.);
#1737=ORIENTED_EDGE('',*,*,#1224,.F.);
#1738=ORIENTED_EDGE('',*,*,#1362,.T.);
#1739=ORIENTED_EDGE('',*,*,#1244,.T.);
#1740=ORIENTED_EDGE('',*,*,#1352,.F.);
#1741=ORIENTED_EDGE('',*,*,#1249,.F.);
#1742=ORIENTED_EDGE('',*,*,#1363,.T.);
#1743=ORIENTED_EDGE('',*,*,#1357,.T.);
#1744=ORIENTED_EDGE('',*,*,#1350,.F.);
#1745=ORIENTED_EDGE('',*,*,#1236,.F.);
#1746=ORIENTED_EDGE('',*,*,#1364,.T.);
#1747=ORIENTED_EDGE('',*,*,#1360,.T.);
#1748=ORIENTED_EDGE('',*,*,#1353,.F.);
#1749=ORIENTED_EDGE('',*,*,#1355,.F.);
#1750=ORIENTED_EDGE('',*,*,#1365,.T.);
#1751=ORIENTED_EDGE('',*,*,#1366,.T.);
#1752=ORIENTED_EDGE('',*,*,#1365,.F.);
#1753=ORIENTED_EDGE('',*,*,#1356,.F.);
#1754=ORIENTED_EDGE('',*,*,#1367,.T.);
#1755=ORIENTED_EDGE('',*,*,#1368,.T.);
#1756=ORIENTED_EDGE('',*,*,#1367,.F.);
#1757=ORIENTED_EDGE('',*,*,#1369,.F.);
#1758=ORIENTED_EDGE('',*,*,#1370,.T.);
#1759=ORIENTED_EDGE('',*,*,#1275,.F.);
#1760=ORIENTED_EDGE('',*,*,#1371,.F.);
#1761=ORIENTED_EDGE('',*,*,#1372,.T.);
#1762=ORIENTED_EDGE('',*,*,#1371,.T.);
#1763=ORIENTED_EDGE('',*,*,#1274,.F.);
#1764=ORIENTED_EDGE('',*,*,#1373,.F.);
#1765=ORIENTED_EDGE('',*,*,#1374,.F.);
#1766=ORIENTED_EDGE('',*,*,#1373,.T.);
#1767=ORIENTED_EDGE('',*,*,#1273,.F.);
#1768=ORIENTED_EDGE('',*,*,#1375,.F.);
#1769=ORIENTED_EDGE('',*,*,#1376,.T.);
#1770=ORIENTED_EDGE('',*,*,#1375,.T.);
#1771=ORIENTED_EDGE('',*,*,#1272,.F.);
#1772=ORIENTED_EDGE('',*,*,#1377,.F.);
#1773=ORIENTED_EDGE('',*,*,#1378,.F.);
#1774=ORIENTED_EDGE('',*,*,#1377,.T.);
#1775=ORIENTED_EDGE('',*,*,#1271,.F.);
#1776=ORIENTED_EDGE('',*,*,#1379,.F.);
#1777=ORIENTED_EDGE('',*,*,#1380,.T.);
#1778=ORIENTED_EDGE('',*,*,#1379,.T.);
#1779=ORIENTED_EDGE('',*,*,#1270,.F.);
#1780=ORIENTED_EDGE('',*,*,#1381,.F.);
#1781=ORIENTED_EDGE('',*,*,#1382,.T.);
#1782=ORIENTED_EDGE('',*,*,#1381,.T.);
#1783=ORIENTED_EDGE('',*,*,#1269,.F.);
#1784=ORIENTED_EDGE('',*,*,#1383,.F.);
#1785=ORIENTED_EDGE('',*,*,#1384,.T.);
#1786=ORIENTED_EDGE('',*,*,#1383,.T.);
#1787=ORIENTED_EDGE('',*,*,#1268,.F.);
#1788=ORIENTED_EDGE('',*,*,#1385,.F.);
#1789=ORIENTED_EDGE('',*,*,#1386,.T.);
#1790=ORIENTED_EDGE('',*,*,#1385,.T.);
#1791=ORIENTED_EDGE('',*,*,#1267,.F.);
#1792=ORIENTED_EDGE('',*,*,#1387,.F.);
#1793=ORIENTED_EDGE('',*,*,#1388,.T.);
#1794=ORIENTED_EDGE('',*,*,#1387,.T.);
#1795=ORIENTED_EDGE('',*,*,#1266,.F.);
#1796=ORIENTED_EDGE('',*,*,#1389,.F.);
#1797=ORIENTED_EDGE('',*,*,#1390,.T.);
#1798=ORIENTED_EDGE('',*,*,#1389,.T.);
#1799=ORIENTED_EDGE('',*,*,#1265,.F.);
#1800=ORIENTED_EDGE('',*,*,#1391,.F.);
#1801=ORIENTED_EDGE('',*,*,#1392,.T.);
#1802=ORIENTED_EDGE('',*,*,#1391,.T.);
#1803=ORIENTED_EDGE('',*,*,#1264,.F.);
#1804=ORIENTED_EDGE('',*,*,#1393,.F.);
#1805=ORIENTED_EDGE('',*,*,#1394,.T.);
#1806=ORIENTED_EDGE('',*,*,#1393,.T.);
#1807=ORIENTED_EDGE('',*,*,#1263,.F.);
#1808=ORIENTED_EDGE('',*,*,#1395,.F.);
#1809=ORIENTED_EDGE('',*,*,#1396,.T.);
#1810=ORIENTED_EDGE('',*,*,#1395,.T.);
#1811=ORIENTED_EDGE('',*,*,#1348,.F.);
#1812=ORIENTED_EDGE('',*,*,#1397,.F.);
#1813=ORIENTED_EDGE('',*,*,#1398,.T.);
#1814=ORIENTED_EDGE('',*,*,#1397,.T.);
#1815=ORIENTED_EDGE('',*,*,#1347,.F.);
#1816=ORIENTED_EDGE('',*,*,#1399,.F.);
#1817=ORIENTED_EDGE('',*,*,#1400,.F.);
#1818=ORIENTED_EDGE('',*,*,#1399,.T.);
#1819=ORIENTED_EDGE('',*,*,#1346,.F.);
#1820=ORIENTED_EDGE('',*,*,#1401,.F.);
#1821=ORIENTED_EDGE('',*,*,#1402,.F.);
#1822=ORIENTED_EDGE('',*,*,#1401,.T.);
#1823=ORIENTED_EDGE('',*,*,#1345,.F.);
#1824=ORIENTED_EDGE('',*,*,#1403,.F.);
#1825=ORIENTED_EDGE('',*,*,#1404,.F.);
#1826=ORIENTED_EDGE('',*,*,#1403,.T.);
#1827=ORIENTED_EDGE('',*,*,#1344,.F.);
#1828=ORIENTED_EDGE('',*,*,#1405,.F.);
#1829=ORIENTED_EDGE('',*,*,#1406,.F.);
#1830=ORIENTED_EDGE('',*,*,#1405,.T.);
#1831=ORIENTED_EDGE('',*,*,#1343,.F.);
#1832=ORIENTED_EDGE('',*,*,#1407,.F.);
#1833=ORIENTED_EDGE('',*,*,#1408,.F.);
#1834=ORIENTED_EDGE('',*,*,#1407,.T.);
#1835=ORIENTED_EDGE('',*,*,#1342,.F.);
#1836=ORIENTED_EDGE('',*,*,#1409,.F.);
#1837=ORIENTED_EDGE('',*,*,#1410,.F.);
#1838=ORIENTED_EDGE('',*,*,#1409,.T.);
#1839=ORIENTED_EDGE('',*,*,#1341,.F.);
#1840=ORIENTED_EDGE('',*,*,#1411,.F.);
#1841=ORIENTED_EDGE('',*,*,#1412,.F.);
#1842=ORIENTED_EDGE('',*,*,#1411,.T.);
#1843=ORIENTED_EDGE('',*,*,#1340,.F.);
#1844=ORIENTED_EDGE('',*,*,#1413,.F.);
#1845=ORIENTED_EDGE('',*,*,#1414,.F.);
#1846=ORIENTED_EDGE('',*,*,#1413,.T.);
#1847=ORIENTED_EDGE('',*,*,#1339,.F.);
#1848=ORIENTED_EDGE('',*,*,#1415,.F.);
#1849=ORIENTED_EDGE('',*,*,#1416,.F.);
#1850=ORIENTED_EDGE('',*,*,#1415,.T.);
#1851=ORIENTED_EDGE('',*,*,#1338,.F.);
#1852=ORIENTED_EDGE('',*,*,#1417,.F.);
#1853=ORIENTED_EDGE('',*,*,#1418,.F.);
#1854=ORIENTED_EDGE('',*,*,#1417,.T.);
#1855=ORIENTED_EDGE('',*,*,#1337,.F.);
#1856=ORIENTED_EDGE('',*,*,#1419,.F.);
#1857=ORIENTED_EDGE('',*,*,#1420,.F.);
#1858=ORIENTED_EDGE('',*,*,#1419,.T.);
#1859=ORIENTED_EDGE('',*,*,#1336,.F.);
#1860=ORIENTED_EDGE('',*,*,#1421,.F.);
#1861=ORIENTED_EDGE('',*,*,#1422,.T.);
#1862=ORIENTED_EDGE('',*,*,#1421,.T.);
#1863=ORIENTED_EDGE('',*,*,#1335,.F.);
#1864=ORIENTED_EDGE('',*,*,#1423,.F.);
#1865=ORIENTED_EDGE('',*,*,#1424,.F.);
#1866=ORIENTED_EDGE('',*,*,#1423,.T.);
#1867=ORIENTED_EDGE('',*,*,#1334,.F.);
#1868=ORIENTED_EDGE('',*,*,#1425,.F.);
#1869=ORIENTED_EDGE('',*,*,#1426,.F.);
#1870=ORIENTED_EDGE('',*,*,#1425,.T.);
#1871=ORIENTED_EDGE('',*,*,#1333,.F.);
#1872=ORIENTED_EDGE('',*,*,#1427,.F.);
#1873=ORIENTED_EDGE('',*,*,#1428,.T.);
#1874=ORIENTED_EDGE('',*,*,#1427,.T.);
#1875=ORIENTED_EDGE('',*,*,#1332,.F.);
#1876=ORIENTED_EDGE('',*,*,#1429,.F.);
#1877=ORIENTED_EDGE('',*,*,#1430,.F.);
#1878=ORIENTED_EDGE('',*,*,#1429,.T.);
#1879=ORIENTED_EDGE('',*,*,#1331,.F.);
#1880=ORIENTED_EDGE('',*,*,#1431,.F.);
#1881=ORIENTED_EDGE('',*,*,#1432,.F.);
#1882=ORIENTED_EDGE('',*,*,#1431,.T.);
#1883=ORIENTED_EDGE('',*,*,#1330,.F.);
#1884=ORIENTED_EDGE('',*,*,#1433,.F.);
#1885=ORIENTED_EDGE('',*,*,#1434,.F.);
#1886=ORIENTED_EDGE('',*,*,#1433,.T.);
#1887=ORIENTED_EDGE('',*,*,#1329,.F.);
#1888=ORIENTED_EDGE('',*,*,#1435,.F.);
#1889=ORIENTED_EDGE('',*,*,#1436,.F.);
#1890=ORIENTED_EDGE('',*,*,#1435,.T.);
#1891=ORIENTED_EDGE('',*,*,#1328,.F.);
#1892=ORIENTED_EDGE('',*,*,#1437,.F.);
#1893=ORIENTED_EDGE('',*,*,#1438,.F.);
#1894=ORIENTED_EDGE('',*,*,#1437,.T.);
#1895=ORIENTED_EDGE('',*,*,#1327,.F.);
#1896=ORIENTED_EDGE('',*,*,#1439,.F.);
#1897=ORIENTED_EDGE('',*,*,#1440,.F.);
#1898=ORIENTED_EDGE('',*,*,#1439,.T.);
#1899=ORIENTED_EDGE('',*,*,#1326,.F.);
#1900=ORIENTED_EDGE('',*,*,#1441,.F.);
#1901=ORIENTED_EDGE('',*,*,#1442,.F.);
#1902=ORIENTED_EDGE('',*,*,#1441,.T.);
#1903=ORIENTED_EDGE('',*,*,#1325,.F.);
#1904=ORIENTED_EDGE('',*,*,#1443,.F.);
#1905=ORIENTED_EDGE('',*,*,#1444,.F.);
#1906=ORIENTED_EDGE('',*,*,#1443,.T.);
#1907=ORIENTED_EDGE('',*,*,#1324,.F.);
#1908=ORIENTED_EDGE('',*,*,#1445,.F.);
#1909=ORIENTED_EDGE('',*,*,#1446,.F.);
#1910=ORIENTED_EDGE('',*,*,#1445,.T.);
#1911=ORIENTED_EDGE('',*,*,#1323,.F.);
#1912=ORIENTED_EDGE('',*,*,#1447,.F.);
#1913=ORIENTED_EDGE('',*,*,#1448,.F.);
#1914=ORIENTED_EDGE('',*,*,#1447,.T.);
#1915=ORIENTED_EDGE('',*,*,#1322,.F.);
#1916=ORIENTED_EDGE('',*,*,#1449,.F.);
#1917=ORIENTED_EDGE('',*,*,#1450,.F.);
#1918=ORIENTED_EDGE('',*,*,#1449,.T.);
#1919=ORIENTED_EDGE('',*,*,#1321,.F.);
#1920=ORIENTED_EDGE('',*,*,#1451,.F.);
#1921=ORIENTED_EDGE('',*,*,#1452,.F.);
#1922=ORIENTED_EDGE('',*,*,#1451,.T.);
#1923=ORIENTED_EDGE('',*,*,#1320,.F.);
#1924=ORIENTED_EDGE('',*,*,#1453,.F.);
#1925=ORIENTED_EDGE('',*,*,#1454,.F.);
#1926=ORIENTED_EDGE('',*,*,#1453,.T.);
#1927=ORIENTED_EDGE('',*,*,#1319,.F.);
#1928=ORIENTED_EDGE('',*,*,#1455,.F.);
#1929=ORIENTED_EDGE('',*,*,#1456,.F.);
#1930=ORIENTED_EDGE('',*,*,#1455,.T.);
#1931=ORIENTED_EDGE('',*,*,#1318,.F.);
#1932=ORIENTED_EDGE('',*,*,#1457,.F.);
#1933=ORIENTED_EDGE('',*,*,#1458,.T.);
#1934=ORIENTED_EDGE('',*,*,#1457,.T.);
#1935=ORIENTED_EDGE('',*,*,#1317,.F.);
#1936=ORIENTED_EDGE('',*,*,#1459,.F.);
#1937=ORIENTED_EDGE('',*,*,#1460,.F.);
#1938=ORIENTED_EDGE('',*,*,#1459,.T.);
#1939=ORIENTED_EDGE('',*,*,#1316,.F.);
#1940=ORIENTED_EDGE('',*,*,#1461,.F.);
#1941=ORIENTED_EDGE('',*,*,#1462,.F.);
#1942=ORIENTED_EDGE('',*,*,#1461,.T.);
#1943=ORIENTED_EDGE('',*,*,#1315,.F.);
#1944=ORIENTED_EDGE('',*,*,#1463,.F.);
#1945=ORIENTED_EDGE('',*,*,#1464,.F.);
#1946=ORIENTED_EDGE('',*,*,#1463,.T.);
#1947=ORIENTED_EDGE('',*,*,#1314,.F.);
#1948=ORIENTED_EDGE('',*,*,#1465,.F.);
#1949=ORIENTED_EDGE('',*,*,#1466,.F.);
#1950=ORIENTED_EDGE('',*,*,#1465,.T.);
#1951=ORIENTED_EDGE('',*,*,#1313,.F.);
#1952=ORIENTED_EDGE('',*,*,#1467,.F.);
#1953=ORIENTED_EDGE('',*,*,#1468,.F.);
#1954=ORIENTED_EDGE('',*,*,#1467,.T.);
#1955=ORIENTED_EDGE('',*,*,#1312,.F.);
#1956=ORIENTED_EDGE('',*,*,#1469,.F.);
#1957=ORIENTED_EDGE('',*,*,#1470,.F.);
#1958=ORIENTED_EDGE('',*,*,#1469,.T.);
#1959=ORIENTED_EDGE('',*,*,#1311,.F.);
#1960=ORIENTED_EDGE('',*,*,#1471,.F.);
#1961=ORIENTED_EDGE('',*,*,#1472,.F.);
#1962=ORIENTED_EDGE('',*,*,#1471,.T.);
#1963=ORIENTED_EDGE('',*,*,#1310,.F.);
#1964=ORIENTED_EDGE('',*,*,#1473,.F.);
#1965=ORIENTED_EDGE('',*,*,#1474,.F.);
#1966=ORIENTED_EDGE('',*,*,#1473,.T.);
#1967=ORIENTED_EDGE('',*,*,#1309,.F.);
#1968=ORIENTED_EDGE('',*,*,#1475,.F.);
#1969=ORIENTED_EDGE('',*,*,#1476,.F.);
#1970=ORIENTED_EDGE('',*,*,#1475,.T.);
#1971=ORIENTED_EDGE('',*,*,#1308,.F.);
#1972=ORIENTED_EDGE('',*,*,#1477,.F.);
#1973=ORIENTED_EDGE('',*,*,#1478,.F.);
#1974=ORIENTED_EDGE('',*,*,#1477,.T.);
#1975=ORIENTED_EDGE('',*,*,#1307,.F.);
#1976=ORIENTED_EDGE('',*,*,#1479,.F.);
#1977=ORIENTED_EDGE('',*,*,#1480,.F.);
#1978=ORIENTED_EDGE('',*,*,#1479,.T.);
#1979=ORIENTED_EDGE('',*,*,#1306,.F.);
#1980=ORIENTED_EDGE('',*,*,#1481,.F.);
#1981=ORIENTED_EDGE('',*,*,#1482,.F.);
#1982=ORIENTED_EDGE('',*,*,#1481,.T.);
#1983=ORIENTED_EDGE('',*,*,#1305,.F.);
#1984=ORIENTED_EDGE('',*,*,#1483,.F.);
#1985=ORIENTED_EDGE('',*,*,#1484,.F.);
#1986=ORIENTED_EDGE('',*,*,#1483,.T.);
#1987=ORIENTED_EDGE('',*,*,#1304,.F.);
#1988=ORIENTED_EDGE('',*,*,#1485,.F.);
#1989=ORIENTED_EDGE('',*,*,#1303,.F.);
#1990=ORIENTED_EDGE('',*,*,#1486,.F.);
#1991=ORIENTED_EDGE('',*,*,#1487,.F.);
#1992=ORIENTED_EDGE('',*,*,#1485,.T.);
#1993=ORIENTED_EDGE('',*,*,#1488,.T.);
#1994=ORIENTED_EDGE('',*,*,#1486,.T.);
#1995=ORIENTED_EDGE('',*,*,#1302,.F.);
#1996=ORIENTED_EDGE('',*,*,#1489,.F.);
#1997=ORIENTED_EDGE('',*,*,#1490,.T.);
#1998=ORIENTED_EDGE('',*,*,#1489,.T.);
#1999=ORIENTED_EDGE('',*,*,#1301,.F.);
#2000=ORIENTED_EDGE('',*,*,#1491,.F.);
#2001=ORIENTED_EDGE('',*,*,#1492,.T.);
#2002=ORIENTED_EDGE('',*,*,#1491,.T.);
#2003=ORIENTED_EDGE('',*,*,#1300,.F.);
#2004=ORIENTED_EDGE('',*,*,#1493,.F.);
#2005=ORIENTED_EDGE('',*,*,#1494,.T.);
#2006=ORIENTED_EDGE('',*,*,#1493,.T.);
#2007=ORIENTED_EDGE('',*,*,#1299,.F.);
#2008=ORIENTED_EDGE('',*,*,#1495,.F.);
#2009=ORIENTED_EDGE('',*,*,#1496,.T.);
#2010=ORIENTED_EDGE('',*,*,#1495,.T.);
#2011=ORIENTED_EDGE('',*,*,#1298,.F.);
#2012=ORIENTED_EDGE('',*,*,#1497,.F.);
#2013=ORIENTED_EDGE('',*,*,#1498,.T.);
#2014=ORIENTED_EDGE('',*,*,#1497,.T.);
#2015=ORIENTED_EDGE('',*,*,#1297,.F.);
#2016=ORIENTED_EDGE('',*,*,#1499,.F.);
#2017=ORIENTED_EDGE('',*,*,#1500,.T.);
#2018=ORIENTED_EDGE('',*,*,#1499,.T.);
#2019=ORIENTED_EDGE('',*,*,#1296,.F.);
#2020=ORIENTED_EDGE('',*,*,#1501,.F.);
#2021=ORIENTED_EDGE('',*,*,#1502,.T.);
#2022=ORIENTED_EDGE('',*,*,#1501,.T.);
#2023=ORIENTED_EDGE('',*,*,#1295,.F.);
#2024=ORIENTED_EDGE('',*,*,#1503,.F.);
#2025=ORIENTED_EDGE('',*,*,#1504,.T.);
#2026=ORIENTED_EDGE('',*,*,#1503,.T.);
#2027=ORIENTED_EDGE('',*,*,#1294,.F.);
#2028=ORIENTED_EDGE('',*,*,#1505,.F.);
#2029=ORIENTED_EDGE('',*,*,#1506,.T.);
#2030=ORIENTED_EDGE('',*,*,#1505,.T.);
#2031=ORIENTED_EDGE('',*,*,#1293,.F.);
#2032=ORIENTED_EDGE('',*,*,#1507,.F.);
#2033=ORIENTED_EDGE('',*,*,#1508,.T.);
#2034=ORIENTED_EDGE('',*,*,#1507,.T.);
#2035=ORIENTED_EDGE('',*,*,#1292,.F.);
#2036=ORIENTED_EDGE('',*,*,#1509,.F.);
#2037=ORIENTED_EDGE('',*,*,#1510,.T.);
#2038=ORIENTED_EDGE('',*,*,#1509,.T.);
#2039=ORIENTED_EDGE('',*,*,#1291,.F.);
#2040=ORIENTED_EDGE('',*,*,#1511,.F.);
#2041=ORIENTED_EDGE('',*,*,#1512,.F.);
#2042=ORIENTED_EDGE('',*,*,#1511,.T.);
#2043=ORIENTED_EDGE('',*,*,#1290,.F.);
#2044=ORIENTED_EDGE('',*,*,#1513,.F.);
#2045=ORIENTED_EDGE('',*,*,#1514,.T.);
#2046=ORIENTED_EDGE('',*,*,#1513,.T.);
#2047=ORIENTED_EDGE('',*,*,#1289,.F.);
#2048=ORIENTED_EDGE('',*,*,#1515,.F.);
#2049=ORIENTED_EDGE('',*,*,#1516,.F.);
#2050=ORIENTED_EDGE('',*,*,#1515,.T.);
#2051=ORIENTED_EDGE('',*,*,#1288,.F.);
#2052=ORIENTED_EDGE('',*,*,#1517,.F.);
#2053=ORIENTED_EDGE('',*,*,#1518,.T.);
#2054=ORIENTED_EDGE('',*,*,#1517,.T.);
#2055=ORIENTED_EDGE('',*,*,#1287,.F.);
#2056=ORIENTED_EDGE('',*,*,#1519,.F.);
#2057=ORIENTED_EDGE('',*,*,#1520,.T.);
#2058=ORIENTED_EDGE('',*,*,#1519,.T.);
#2059=ORIENTED_EDGE('',*,*,#1286,.F.);
#2060=ORIENTED_EDGE('',*,*,#1521,.F.);
#2061=ORIENTED_EDGE('',*,*,#1522,.T.);
#2062=ORIENTED_EDGE('',*,*,#1521,.T.);
#2063=ORIENTED_EDGE('',*,*,#1285,.F.);
#2064=ORIENTED_EDGE('',*,*,#1523,.F.);
#2065=ORIENTED_EDGE('',*,*,#1524,.T.);
#2066=ORIENTED_EDGE('',*,*,#1523,.T.);
#2067=ORIENTED_EDGE('',*,*,#1284,.F.);
#2068=ORIENTED_EDGE('',*,*,#1525,.F.);
#2069=ORIENTED_EDGE('',*,*,#1526,.T.);
#2070=ORIENTED_EDGE('',*,*,#1525,.T.);
#2071=ORIENTED_EDGE('',*,*,#1283,.F.);
#2072=ORIENTED_EDGE('',*,*,#1527,.F.);
#2073=ORIENTED_EDGE('',*,*,#1528,.T.);
#2074=ORIENTED_EDGE('',*,*,#1527,.T.);
#2075=ORIENTED_EDGE('',*,*,#1282,.F.);
#2076=ORIENTED_EDGE('',*,*,#1529,.F.);
#2077=ORIENTED_EDGE('',*,*,#1530,.T.);
#2078=ORIENTED_EDGE('',*,*,#1529,.T.);
#2079=ORIENTED_EDGE('',*,*,#1281,.F.);
#2080=ORIENTED_EDGE('',*,*,#1531,.F.);
#2081=ORIENTED_EDGE('',*,*,#1532,.T.);
#2082=ORIENTED_EDGE('',*,*,#1531,.T.);
#2083=ORIENTED_EDGE('',*,*,#1280,.F.);
#2084=ORIENTED_EDGE('',*,*,#1533,.F.);
#2085=ORIENTED_EDGE('',*,*,#1534,.T.);
#2086=ORIENTED_EDGE('',*,*,#1533,.T.);
#2087=ORIENTED_EDGE('',*,*,#1279,.F.);
#2088=ORIENTED_EDGE('',*,*,#1535,.F.);
#2089=ORIENTED_EDGE('',*,*,#1536,.T.);
#2090=ORIENTED_EDGE('',*,*,#1535,.T.);
#2091=ORIENTED_EDGE('',*,*,#1278,.F.);
#2092=ORIENTED_EDGE('',*,*,#1537,.F.);
#2093=ORIENTED_EDGE('',*,*,#1538,.T.);
#2094=ORIENTED_EDGE('',*,*,#1537,.T.);
#2095=ORIENTED_EDGE('',*,*,#1277,.F.);
#2096=ORIENTED_EDGE('',*,*,#1539,.F.);
#2097=ORIENTED_EDGE('',*,*,#1540,.T.);
#2098=ORIENTED_EDGE('',*,*,#1539,.T.);
#2099=ORIENTED_EDGE('',*,*,#1276,.F.);
#2100=ORIENTED_EDGE('',*,*,#1370,.F.);
#2101=ORIENTED_EDGE('',*,*,#1400,.T.);
#2102=ORIENTED_EDGE('',*,*,#1402,.T.);
#2103=ORIENTED_EDGE('',*,*,#1404,.T.);
#2104=ORIENTED_EDGE('',*,*,#1406,.T.);
#2105=ORIENTED_EDGE('',*,*,#1408,.T.);
#2106=ORIENTED_EDGE('',*,*,#1410,.T.);
#2107=ORIENTED_EDGE('',*,*,#1412,.T.);
#2108=ORIENTED_EDGE('',*,*,#1414,.T.);
#2109=ORIENTED_EDGE('',*,*,#1416,.T.);
#2110=ORIENTED_EDGE('',*,*,#1418,.T.);
#2111=ORIENTED_EDGE('',*,*,#1420,.T.);
#2112=ORIENTED_EDGE('',*,*,#1422,.F.);
#2113=ORIENTED_EDGE('',*,*,#1424,.T.);
#2114=ORIENTED_EDGE('',*,*,#1426,.T.);
#2115=ORIENTED_EDGE('',*,*,#1428,.F.);
#2116=ORIENTED_EDGE('',*,*,#1430,.T.);
#2117=ORIENTED_EDGE('',*,*,#1432,.T.);
#2118=ORIENTED_EDGE('',*,*,#1434,.T.);
#2119=ORIENTED_EDGE('',*,*,#1436,.T.);
#2120=ORIENTED_EDGE('',*,*,#1438,.T.);
#2121=ORIENTED_EDGE('',*,*,#1440,.T.);
#2122=ORIENTED_EDGE('',*,*,#1442,.T.);
#2123=ORIENTED_EDGE('',*,*,#1444,.T.);
#2124=ORIENTED_EDGE('',*,*,#1446,.T.);
#2125=ORIENTED_EDGE('',*,*,#1448,.T.);
#2126=ORIENTED_EDGE('',*,*,#1450,.T.);
#2127=ORIENTED_EDGE('',*,*,#1452,.T.);
#2128=ORIENTED_EDGE('',*,*,#1454,.T.);
#2129=ORIENTED_EDGE('',*,*,#1456,.T.);
#2130=ORIENTED_EDGE('',*,*,#1458,.F.);
#2131=ORIENTED_EDGE('',*,*,#1460,.T.);
#2132=ORIENTED_EDGE('',*,*,#1462,.T.);
#2133=ORIENTED_EDGE('',*,*,#1464,.T.);
#2134=ORIENTED_EDGE('',*,*,#1466,.T.);
#2135=ORIENTED_EDGE('',*,*,#1468,.T.);
#2136=ORIENTED_EDGE('',*,*,#1470,.T.);
#2137=ORIENTED_EDGE('',*,*,#1472,.T.);
#2138=ORIENTED_EDGE('',*,*,#1474,.T.);
#2139=ORIENTED_EDGE('',*,*,#1476,.T.);
#2140=ORIENTED_EDGE('',*,*,#1478,.T.);
#2141=ORIENTED_EDGE('',*,*,#1480,.T.);
#2142=ORIENTED_EDGE('',*,*,#1482,.T.);
#2143=ORIENTED_EDGE('',*,*,#1484,.T.);
#2144=ORIENTED_EDGE('',*,*,#1487,.T.);
#2145=ORIENTED_EDGE('',*,*,#1488,.F.);
#2146=ORIENTED_EDGE('',*,*,#1490,.F.);
#2147=ORIENTED_EDGE('',*,*,#1492,.F.);
#2148=ORIENTED_EDGE('',*,*,#1494,.F.);
#2149=ORIENTED_EDGE('',*,*,#1496,.F.);
#2150=ORIENTED_EDGE('',*,*,#1498,.F.);
#2151=ORIENTED_EDGE('',*,*,#1500,.F.);
#2152=ORIENTED_EDGE('',*,*,#1502,.F.);
#2153=ORIENTED_EDGE('',*,*,#1504,.F.);
#2154=ORIENTED_EDGE('',*,*,#1506,.F.);
#2155=ORIENTED_EDGE('',*,*,#1508,.F.);
#2156=ORIENTED_EDGE('',*,*,#1510,.F.);
#2157=ORIENTED_EDGE('',*,*,#1512,.T.);
#2158=ORIENTED_EDGE('',*,*,#1514,.F.);
#2159=ORIENTED_EDGE('',*,*,#1516,.T.);
#2160=ORIENTED_EDGE('',*,*,#1518,.F.);
#2161=ORIENTED_EDGE('',*,*,#1520,.F.);
#2162=ORIENTED_EDGE('',*,*,#1522,.F.);
#2163=ORIENTED_EDGE('',*,*,#1524,.F.);
#2164=ORIENTED_EDGE('',*,*,#1526,.F.);
#2165=ORIENTED_EDGE('',*,*,#1528,.F.);
#2166=ORIENTED_EDGE('',*,*,#1530,.F.);
#2167=ORIENTED_EDGE('',*,*,#1532,.F.);
#2168=ORIENTED_EDGE('',*,*,#1534,.F.);
#2169=ORIENTED_EDGE('',*,*,#1536,.F.);
#2170=ORIENTED_EDGE('',*,*,#1538,.F.);
#2171=ORIENTED_EDGE('',*,*,#1540,.F.);
#2172=ORIENTED_EDGE('',*,*,#1369,.T.);
#2173=ORIENTED_EDGE('',*,*,#1372,.F.);
#2174=ORIENTED_EDGE('',*,*,#1374,.T.);
#2175=ORIENTED_EDGE('',*,*,#1376,.F.);
#2176=ORIENTED_EDGE('',*,*,#1378,.T.);
#2177=ORIENTED_EDGE('',*,*,#1380,.F.);
#2178=ORIENTED_EDGE('',*,*,#1382,.F.);
#2179=ORIENTED_EDGE('',*,*,#1384,.F.);
#2180=ORIENTED_EDGE('',*,*,#1386,.F.);
#2181=ORIENTED_EDGE('',*,*,#1388,.F.);
#2182=ORIENTED_EDGE('',*,*,#1390,.F.);
#2183=ORIENTED_EDGE('',*,*,#1392,.F.);
#2184=ORIENTED_EDGE('',*,*,#1394,.F.);
#2185=ORIENTED_EDGE('',*,*,#1396,.F.);
#2186=ORIENTED_EDGE('',*,*,#1398,.F.);
#2187=ORIENTED_EDGE('',*,*,#1368,.F.);
#2188=ORIENTED_EDGE('',*,*,#1366,.F.);
#2189=ORIENTED_EDGE('',*,*,#1212,.T.);
#2190=ORIENTED_EDGE('',*,*,#1218,.F.);
#2191=ORIENTED_EDGE('',*,*,#1361,.F.);
#2192=ORIENTED_EDGE('',*,*,#1364,.F.);
#2193=ORIENTED_EDGE('',*,*,#1235,.F.);
#2194=ORIENTED_EDGE('',*,*,#1239,.F.);
#2195=ORIENTED_EDGE('',*,*,#1242,.F.);
#2196=ORIENTED_EDGE('',*,*,#1245,.F.);
#2197=ORIENTED_EDGE('',*,*,#1362,.F.);
#2198=ORIENTED_EDGE('',*,*,#1223,.F.);
#2199=ORIENTED_EDGE('',*,*,#1221,.F.);
#2200=ORIENTED_EDGE('',*,*,#1260,.F.);
#2201=ORIENTED_EDGE('',*,*,#1226,.T.);
#2202=ORIENTED_EDGE('',*,*,#1232,.F.);
#2203=ORIENTED_EDGE('',*,*,#1358,.F.);
#2204=ORIENTED_EDGE('',*,*,#1363,.F.);
#2205=ORIENTED_EDGE('',*,*,#1248,.F.);
#2206=ORIENTED_EDGE('',*,*,#1252,.F.);
#2207=ORIENTED_EDGE('',*,*,#1255,.F.);
#2208=ORIENTED_EDGE('',*,*,#1258,.F.);
#2209=ORIENTED_EDGE('',*,*,#1359,.F.);
#2210=ORIENTED_EDGE('',*,*,#1209,.F.);
#2211=ORIENTED_EDGE('',*,*,#1207,.F.);
#2212=ORIENTED_EDGE('',*,*,#1262,.F.);
#2213=CYLINDRICAL_SURFACE('',#2361,1.1);
#2214=CYLINDRICAL_SURFACE('',#2365,1.1);
#2215=CYLINDRICAL_SURFACE('',#2369,1.1);
#2216=CYLINDRICAL_SURFACE('',#2373,1.1);
#2217=CYLINDRICAL_SURFACE('',#2377,1.1);
#2218=CYLINDRICAL_SURFACE('',#2381,1.1);
#2219=CYLINDRICAL_SURFACE('',#2385,1.1);
#2220=CYLINDRICAL_SURFACE('',#2389,1.1);
#2221=CYLINDRICAL_SURFACE('',#2393,2.35);
#2222=CYLINDRICAL_SURFACE('',#2396,2.35);
#2223=CYLINDRICAL_SURFACE('',#2410,1.1);
#2224=CYLINDRICAL_SURFACE('',#2412,1.1);
#2225=CYLINDRICAL_SURFACE('',#2414,1.1);
#2226=CYLINDRICAL_SURFACE('',#2416,1.1);
#2227=CYLINDRICAL_SURFACE('',#2420,1.25);
#2228=CYLINDRICAL_SURFACE('',#2422,1.25);
#2229=CYLINDRICAL_SURFACE('',#2425,0.999999999999999);
#2230=CYLINDRICAL_SURFACE('',#2454,1.00000000000001);
#2231=CYLINDRICAL_SURFACE('',#2470,0.999999999999995);
#2232=CYLINDRICAL_SURFACE('',#2499,0.99999999999999);
#2233=ADVANCED_FACE('',(#115),#2213,.F.);
#2234=ADVANCED_FACE('',(#116),#21,.F.);
#2235=ADVANCED_FACE('',(#117),#2214,.F.);
#2236=ADVANCED_FACE('',(#118),#22,.F.);
#2237=ADVANCED_FACE('',(#119),#2215,.F.);
#2238=ADVANCED_FACE('',(#120),#23,.F.);
#2239=ADVANCED_FACE('',(#121),#2216,.F.);
#2240=ADVANCED_FACE('',(#122),#24,.F.);
#2241=ADVANCED_FACE('',(#123),#2217,.F.);
#2242=ADVANCED_FACE('',(#124),#25,.F.);
#2243=ADVANCED_FACE('',(#125),#2218,.F.);
#2244=ADVANCED_FACE('',(#126),#26,.F.);
#2245=ADVANCED_FACE('',(#127),#2219,.F.);
#2246=ADVANCED_FACE('',(#128),#27,.F.);
#2247=ADVANCED_FACE('',(#129),#2220,.F.);
#2248=ADVANCED_FACE('',(#130),#28,.F.);
#2249=ADVANCED_FACE('',(#131),#2221,.T.);
#2250=ADVANCED_FACE('',(#132),#2222,.T.);
#2251=ADVANCED_FACE('',(#133,#15,#16,#17),#29,.T.);
#2252=ADVANCED_FACE('',(#134),#2223,.T.);
#2253=ADVANCED_FACE('',(#135),#2224,.T.);
#2254=ADVANCED_FACE('',(#136),#2225,.T.);
#2255=ADVANCED_FACE('',(#137),#2226,.T.);
#2256=ADVANCED_FACE('',(#138),#30,.F.);
#2257=ADVANCED_FACE('',(#139),#31,.F.);
#2258=ADVANCED_FACE('',(#140),#2227,.F.);
#2259=ADVANCED_FACE('',(#141),#2228,.F.);
#2260=ADVANCED_FACE('',(#142),#32,.T.);
#2261=ADVANCED_FACE('',(#143),#2229,.T.);
#2262=ADVANCED_FACE('',(#144),#33,.T.);
#2263=ADVANCED_FACE('',(#145),#34,.T.);
#2264=ADVANCED_FACE('',(#146),#35,.T.);
#2265=ADVANCED_FACE('',(#147),#36,.T.);
#2266=ADVANCED_FACE('',(#148),#37,.T.);
#2267=ADVANCED_FACE('',(#149),#38,.T.);
#2268=ADVANCED_FACE('',(#150),#39,.T.);
#2269=ADVANCED_FACE('',(#151),#40,.T.);
#2270=ADVANCED_FACE('',(#152),#41,.T.);
#2271=ADVANCED_FACE('',(#153),#42,.T.);
#2272=ADVANCED_FACE('',(#154),#43,.T.);
#2273=ADVANCED_FACE('',(#155),#44,.T.);
#2274=ADVANCED_FACE('',(#156),#45,.T.);
#2275=ADVANCED_FACE('',(#157),#46,.T.);
#2276=ADVANCED_FACE('',(#158),#47,.T.);
#2277=ADVANCED_FACE('',(#159),#48,.T.);
#2278=ADVANCED_FACE('',(#160),#49,.T.);
#2279=ADVANCED_FACE('',(#161),#50,.T.);
#2280=ADVANCED_FACE('',(#162),#51,.T.);
#2281=ADVANCED_FACE('',(#163),#52,.T.);
#2282=ADVANCED_FACE('',(#164),#53,.T.);
#2283=ADVANCED_FACE('',(#165),#54,.T.);
#2284=ADVANCED_FACE('',(#166),#55,.T.);
#2285=ADVANCED_FACE('',(#167),#56,.T.);
#2286=ADVANCED_FACE('',(#168),#57,.T.);
#2287=ADVANCED_FACE('',(#169),#58,.T.);
#2288=ADVANCED_FACE('',(#170),#59,.T.);
#2289=ADVANCED_FACE('',(#171),#2230,.T.);
#2290=ADVANCED_FACE('',(#172),#60,.T.);
#2291=ADVANCED_FACE('',(#173),#61,.T.);
#2292=ADVANCED_FACE('',(#174),#62,.T.);
#2293=ADVANCED_FACE('',(#175),#63,.T.);
#2294=ADVANCED_FACE('',(#176),#64,.T.);
#2295=ADVANCED_FACE('',(#177),#65,.T.);
#2296=ADVANCED_FACE('',(#178),#66,.T.);
#2297=ADVANCED_FACE('',(#179),#67,.T.);
#2298=ADVANCED_FACE('',(#180),#68,.T.);
#2299=ADVANCED_FACE('',(#181),#69,.T.);
#2300=ADVANCED_FACE('',(#182),#70,.T.);
#2301=ADVANCED_FACE('',(#183),#71,.T.);
#2302=ADVANCED_FACE('',(#184),#72,.T.);
#2303=ADVANCED_FACE('',(#185),#73,.T.);
#2304=ADVANCED_FACE('',(#186),#2231,.T.);
#2305=ADVANCED_FACE('',(#187),#74,.T.);
#2306=ADVANCED_FACE('',(#188),#75,.T.);
#2307=ADVANCED_FACE('',(#189),#76,.T.);
#2308=ADVANCED_FACE('',(#190),#77,.T.);
#2309=ADVANCED_FACE('',(#191),#78,.T.);
#2310=ADVANCED_FACE('',(#192),#79,.T.);
#2311=ADVANCED_FACE('',(#193),#80,.T.);
#2312=ADVANCED_FACE('',(#194),#81,.T.);
#2313=ADVANCED_FACE('',(#195),#82,.T.);
#2314=ADVANCED_FACE('',(#196),#83,.T.);
#2315=ADVANCED_FACE('',(#197),#84,.T.);
#2316=ADVANCED_FACE('',(#198),#85,.T.);
#2317=ADVANCED_FACE('',(#199),#86,.T.);
#2318=ADVANCED_FACE('',(#200),#87,.T.);
#2319=ADVANCED_FACE('',(#201),#88,.T.);
#2320=ADVANCED_FACE('',(#202),#89,.T.);
#2321=ADVANCED_FACE('',(#203),#90,.T.);
#2322=ADVANCED_FACE('',(#204),#91,.T.);
#2323=ADVANCED_FACE('',(#205),#92,.T.);
#2324=ADVANCED_FACE('',(#206),#93,.T.);
#2325=ADVANCED_FACE('',(#207),#94,.T.);
#2326=ADVANCED_FACE('',(#208),#95,.T.);
#2327=ADVANCED_FACE('',(#209),#96,.T.);
#2328=ADVANCED_FACE('',(#210),#97,.T.);
#2329=ADVANCED_FACE('',(#211),#98,.T.);
#2330=ADVANCED_FACE('',(#212),#99,.T.);
#2331=ADVANCED_FACE('',(#213),#100,.T.);
#2332=ADVANCED_FACE('',(#214),#2232,.T.);
#2333=ADVANCED_FACE('',(#215),#101,.T.);
#2334=ADVANCED_FACE('',(#216),#102,.T.);
#2335=ADVANCED_FACE('',(#217),#103,.T.);
#2336=ADVANCED_FACE('',(#218),#104,.T.);
#2337=ADVANCED_FACE('',(#219),#105,.T.);
#2338=ADVANCED_FACE('',(#220),#106,.T.);
#2339=ADVANCED_FACE('',(#221),#107,.T.);
#2340=ADVANCED_FACE('',(#222),#108,.T.);
#2341=ADVANCED_FACE('',(#223),#109,.T.);
#2342=ADVANCED_FACE('',(#224),#110,.T.);
#2343=ADVANCED_FACE('',(#225),#111,.T.);
#2344=ADVANCED_FACE('',(#226),#112,.T.);
#2345=ADVANCED_FACE('',(#227),#113,.T.);
#2346=ADVANCED_FACE('',(#228,#18,#19,#20),#114,.F.);
#2347=CLOSED_SHELL('',(#2233,#2234,#2235,#2236,#2237,#2238,#2239,#2240,
#2241,#2242,#2243,#2244,#2245,#2246,#2247,#2248,#2249,#2250,#2251,#2252,
#2253,#2254,#2255,#2256,#2257,#2258,#2259,#2260,#2261,#2262,#2263,#2264,
#2265,#2266,#2267,#2268,#2269,#2270,#2271,#2272,#2273,#2274,#2275,#2276,
#2277,#2278,#2279,#2280,#2281,#2282,#2283,#2284,#2285,#2286,#2287,#2288,
#2289,#2290,#2291,#2292,#2293,#2294,#2295,#2296,#2297,#2298,#2299,#2300,
#2301,#2302,#2303,#2304,#2305,#2306,#2307,#2308,#2309,#2310,#2311,#2312,
#2313,#2314,#2315,#2316,#2317,#2318,#2319,#2320,#2321,#2322,#2323,#2324,
#2325,#2326,#2327,#2328,#2329,#2330,#2331,#2332,#2333,#2334,#2335,#2336,
#2337,#2338,#2339,#2340,#2341,#2342,#2343,#2344,#2345,#2346));
#2348=DERIVED_UNIT_ELEMENT(#2350,1.);
#2349=DERIVED_UNIT_ELEMENT(#3801,-3.);
#2350=(
MASS_UNIT()
NAMED_UNIT(*)
SI_UNIT(.KILO.,.GRAM.)
);
#2351=DERIVED_UNIT((#2348,#2349));
#2352=MEASURE_REPRESENTATION_ITEM('density measure',
POSITIVE_RATIO_MEASURE(7850.),#2351);
#2353=PROPERTY_DEFINITION_REPRESENTATION(#2358,#2355);
#2354=PROPERTY_DEFINITION_REPRESENTATION(#2359,#2356);
#2355=REPRESENTATION('material name',(#2357),#3798);
#2356=REPRESENTATION('density',(#2352),#3798);
#2357=DESCRIPTIVE_REPRESENTATION_ITEM('Steel','Steel');
#2358=PROPERTY_DEFINITION('material property','material name',#3808);
#2359=PROPERTY_DEFINITION('material property','density of part',#3808);
#2360=AXIS2_PLACEMENT_3D('',#3121,#2515,#2516);
#2361=AXIS2_PLACEMENT_3D('',#3122,#2517,#2518);
#2362=AXIS2_PLACEMENT_3D('',#3125,#2519,#2520);
#2363=AXIS2_PLACEMENT_3D('',#3129,#2522,#2523);
#2364=AXIS2_PLACEMENT_3D('',#3131,#2525,#2526);
#2365=AXIS2_PLACEMENT_3D('',#3137,#2530,#2531);
#2366=AXIS2_PLACEMENT_3D('',#3140,#2532,#2533);
#2367=AXIS2_PLACEMENT_3D('',#3144,#2535,#2536);
#2368=AXIS2_PLACEMENT_3D('',#3146,#2538,#2539);
#2369=AXIS2_PLACEMENT_3D('',#3152,#2543,#2544);
#2370=AXIS2_PLACEMENT_3D('',#3155,#2545,#2546);
#2371=AXIS2_PLACEMENT_3D('',#3159,#2548,#2549);
#2372=AXIS2_PLACEMENT_3D('',#3161,#2551,#2552);
#2373=AXIS2_PLACEMENT_3D('',#3167,#2556,#2557);
#2374=AXIS2_PLACEMENT_3D('',#3170,#2558,#2559);
#2375=AXIS2_PLACEMENT_3D('',#3174,#2561,#2562);
#2376=AXIS2_PLACEMENT_3D('',#3176,#2564,#2565);
#2377=AXIS2_PLACEMENT_3D('',#3182,#2569,#2570);
#2378=AXIS2_PLACEMENT_3D('',#3185,#2571,#2572);
#2379=AXIS2_PLACEMENT_3D('',#3189,#2574,#2575);
#2380=AXIS2_PLACEMENT_3D('',#3191,#2577,#2578);
#2381=AXIS2_PLACEMENT_3D('',#3197,#2582,#2583);
#2382=AXIS2_PLACEMENT_3D('',#3199,#2584,#2585);
#2383=AXIS2_PLACEMENT_3D('',#3202,#2587,#2588);
#2384=AXIS2_PLACEMENT_3D('',#3203,#2589,#2590);
#2385=AXIS2_PLACEMENT_3D('',#3209,#2594,#2595);
#2386=AXIS2_PLACEMENT_3D('',#3212,#2596,#2597);
#2387=AXIS2_PLACEMENT_3D('',#3216,#2599,#2600);
#2388=AXIS2_PLACEMENT_3D('',#3218,#2602,#2603);
#2389=AXIS2_PLACEMENT_3D('',#3224,#2607,#2608);
#2390=AXIS2_PLACEMENT_3D('',#3226,#2609,#2610);
#2391=AXIS2_PLACEMENT_3D('',#3229,#2612,#2613);
#2392=AXIS2_PLACEMENT_3D('',#3230,#2614,#2615);
#2393=AXIS2_PLACEMENT_3D('',#3236,#2619,#2620);
#2394=AXIS2_PLACEMENT_3D('',#3237,#2621,#2622);
#2395=AXIS2_PLACEMENT_3D('',#3238,#2623,#2624);
#2396=AXIS2_PLACEMENT_3D('',#3239,#2625,#2626);
#2397=AXIS2_PLACEMENT_3D('',#3240,#2627,#2628);
#2398=AXIS2_PLACEMENT_3D('',#3241,#2629,#2630);
#2399=AXIS2_PLACEMENT_3D('',#3242,#2631,#2632);
#2400=AXIS2_PLACEMENT_3D('',#3267,#2644,#2645);
#2401=AXIS2_PLACEMENT_3D('',#3297,#2660,#2661);
#2402=AXIS2_PLACEMENT_3D('',#3353,#2689,#2690);
#2403=AXIS2_PLACEMENT_3D('',#3383,#2705,#2706);
#2404=AXIS2_PLACEMENT_3D('',#3415,#2723,#2724);
#2405=AXIS2_PLACEMENT_3D('',#3418,#2726,#2727);
#2406=AXIS2_PLACEMENT_3D('',#3419,#2728,#2729);
#2407=AXIS2_PLACEMENT_3D('',#3422,#2731,#2732);
#2408=AXIS2_PLACEMENT_3D('',#3424,#2733,#2734);
#2409=AXIS2_PLACEMENT_3D('',#3426,#2735,#2736);
#2410=AXIS2_PLACEMENT_3D('',#3427,#2737,#2738);
#2411=AXIS2_PLACEMENT_3D('',#3430,#2740,#2741);
#2412=AXIS2_PLACEMENT_3D('',#3431,#2742,#2743);
#2413=AXIS2_PLACEMENT_3D('',#3432,#2744,#2745);
#2414=AXIS2_PLACEMENT_3D('',#3433,#2746,#2747);
#2415=AXIS2_PLACEMENT_3D('',#3436,#2749,#2750);
#2416=AXIS2_PLACEMENT_3D('',#3437,#2751,#2752);
#2417=AXIS2_PLACEMENT_3D('',#3438,#2753,#2754);
#2418=AXIS2_PLACEMENT_3D('',#3439,#2755,#2756);
#2419=AXIS2_PLACEMENT_3D('',#3441,#2758,#2759);
#2420=AXIS2_PLACEMENT_3D('',#3443,#2761,#2762);
#2421=AXIS2_PLACEMENT_3D('',#3446,#2764,#2765);
#2422=AXIS2_PLACEMENT_3D('',#3447,#2766,#2767);
#2423=AXIS2_PLACEMENT_3D('',#3450,#2769,#2770);
#2424=AXIS2_PLACEMENT_3D('',#3451,#2771,#2772);
#2425=AXIS2_PLACEMENT_3D('',#3457,#2776,#2777);
#2426=AXIS2_PLACEMENT_3D('',#3459,#2778,#2779);
#2427=AXIS2_PLACEMENT_3D('',#3461,#2781,#2782);
#2428=AXIS2_PLACEMENT_3D('',#3465,#2785,#2786);
#2429=AXIS2_PLACEMENT_3D('',#3469,#2789,#2790);
#2430=AXIS2_PLACEMENT_3D('',#3473,#2793,#2794);
#2431=AXIS2_PLACEMENT_3D('',#3477,#2797,#2798);
#2432=AXIS2_PLACEMENT_3D('',#3481,#2801,#2802);
#2433=AXIS2_PLACEMENT_3D('',#3485,#2805,#2806);
#2434=AXIS2_PLACEMENT_3D('',#3489,#2809,#2810);
#2435=AXIS2_PLACEMENT_3D('',#3493,#2813,#2814);
#2436=AXIS2_PLACEMENT_3D('',#3497,#2817,#2818);
#2437=AXIS2_PLACEMENT_3D('',#3501,#2821,#2822);
#2438=AXIS2_PLACEMENT_3D('',#3505,#2825,#2826);
#2439=AXIS2_PLACEMENT_3D('',#3509,#2829,#2830);
#2440=AXIS2_PLACEMENT_3D('',#3513,#2833,#2834);
#2441=AXIS2_PLACEMENT_3D('',#3517,#2837,#2838);
#2442=AXIS2_PLACEMENT_3D('',#3521,#2841,#2842);
#2443=AXIS2_PLACEMENT_3D('',#3525,#2845,#2846);
#2444=AXIS2_PLACEMENT_3D('',#3529,#2849,#2850);
#2445=AXIS2_PLACEMENT_3D('',#3533,#2853,#2854);
#2446=AXIS2_PLACEMENT_3D('',#3537,#2857,#2858);
#2447=AXIS2_PLACEMENT_3D('',#3541,#2861,#2862);
#2448=AXIS2_PLACEMENT_3D('',#3545,#2865,#2866);
#2449=AXIS2_PLACEMENT_3D('',#3549,#2869,#2870);
#2450=AXIS2_PLACEMENT_3D('',#3553,#2873,#2874);
#2451=AXIS2_PLACEMENT_3D('',#3557,#2877,#2878);
#2452=AXIS2_PLACEMENT_3D('',#3561,#2881,#2882);
#2453=AXIS2_PLACEMENT_3D('',#3565,#2885,#2886);
#2454=AXIS2_PLACEMENT_3D('',#3569,#2889,#2890);
#2455=AXIS2_PLACEMENT_3D('',#3571,#2891,#2892);
#2456=AXIS2_PLACEMENT_3D('',#3573,#2894,#2895);
#2457=AXIS2_PLACEMENT_3D('',#3577,#2898,#2899);
#2458=AXIS2_PLACEMENT_3D('',#3581,#2902,#2903);
#2459=AXIS2_PLACEMENT_3D('',#3585,#2906,#2907);
#2460=AXIS2_PLACEMENT_3D('',#3589,#2910,#2911);
#2461=AXIS2_PLACEMENT_3D('',#3593,#2914,#2915);
#2462=AXIS2_PLACEMENT_3D('',#3597,#2918,#2919);
#2463=AXIS2_PLACEMENT_3D('',#3601,#2922,#2923);
#2464=AXIS2_PLACEMENT_3D('',#3605,#2926,#2927);
#2465=AXIS2_PLACEMENT_3D('',#3609,#2930,#2931);
#2466=AXIS2_PLACEMENT_3D('',#3613,#2934,#2935);
#2467=AXIS2_PLACEMENT_3D('',#3617,#2938,#2939);
#2468=AXIS2_PLACEMENT_3D('',#3621,#2942,#2943);
#2469=AXIS2_PLACEMENT_3D('',#3625,#2946,#2947);
#2470=AXIS2_PLACEMENT_3D('',#3629,#2950,#2951);
#2471=AXIS2_PLACEMENT_3D('',#3631,#2952,#2953);
#2472=AXIS2_PLACEMENT_3D('',#3633,#2955,#2956);
#2473=AXIS2_PLACEMENT_3D('',#3637,#2959,#2960);
#2474=AXIS2_PLACEMENT_3D('',#3641,#2963,#2964);
#2475=AXIS2_PLACEMENT_3D('',#3645,#2967,#2968);
#2476=AXIS2_PLACEMENT_3D('',#3649,#2971,#2972);
#2477=AXIS2_PLACEMENT_3D('',#3653,#2975,#2976);
#2478=AXIS2_PLACEMENT_3D('',#3657,#2979,#2980);
#2479=AXIS2_PLACEMENT_3D('',#3661,#2983,#2984);
#2480=AXIS2_PLACEMENT_3D('',#3665,#2987,#2988);
#2481=AXIS2_PLACEMENT_3D('',#3669,#2991,#2992);
#2482=AXIS2_PLACEMENT_3D('',#3673,#2995,#2996);
#2483=AXIS2_PLACEMENT_3D('',#3677,#2999,#3000);
#2484=AXIS2_PLACEMENT_3D('',#3681,#3003,#3004);
#2485=AXIS2_PLACEMENT_3D('',#3685,#3007,#3008);
#2486=AXIS2_PLACEMENT_3D('',#3689,#3011,#3012);
#2487=AXIS2_PLACEMENT_3D('',#3693,#3015,#3016);
#2488=AXIS2_PLACEMENT_3D('',#3697,#3019,#3020);
#2489=AXIS2_PLACEMENT_3D('',#3701,#3023,#3024);
#2490=AXIS2_PLACEMENT_3D('',#3705,#3027,#3028);
#2491=AXIS2_PLACEMENT_3D('',#3709,#3031,#3032);
#2492=AXIS2_PLACEMENT_3D('',#3713,#3035,#3036);
#2493=AXIS2_PLACEMENT_3D('',#3717,#3039,#3040);
#2494=AXIS2_PLACEMENT_3D('',#3721,#3043,#3044);
#2495=AXIS2_PLACEMENT_3D('',#3725,#3047,#3048);
#2496=AXIS2_PLACEMENT_3D('',#3729,#3051,#3052);
#2497=AXIS2_PLACEMENT_3D('',#3733,#3055,#3056);
#2498=AXIS2_PLACEMENT_3D('',#3737,#3059,#3060);
#2499=AXIS2_PLACEMENT_3D('',#3741,#3063,#3064);
#2500=AXIS2_PLACEMENT_3D('',#3743,#3065,#3066);
#2501=AXIS2_PLACEMENT_3D('',#3745,#3068,#3069);
#2502=AXIS2_PLACEMENT_3D('',#3749,#3072,#3073);
#2503=AXIS2_PLACEMENT_3D('',#3753,#3076,#3077);
#2504=AXIS2_PLACEMENT_3D('',#3757,#3080,#3081);
#2505=AXIS2_PLACEMENT_3D('',#3761,#3084,#3085);
#2506=AXIS2_PLACEMENT_3D('',#3765,#3088,#3089);
#2507=AXIS2_PLACEMENT_3D('',#3769,#3092,#3093);
#2508=AXIS2_PLACEMENT_3D('',#3773,#3096,#3097);
#2509=AXIS2_PLACEMENT_3D('',#3777,#3100,#3101);
#2510=AXIS2_PLACEMENT_3D('',#3781,#3104,#3105);
#2511=AXIS2_PLACEMENT_3D('',#3785,#3108,#3109);
#2512=AXIS2_PLACEMENT_3D('',#3789,#3112,#3113);
#2513=AXIS2_PLACEMENT_3D('',#3793,#3116,#3117);
#2514=AXIS2_PLACEMENT_3D('',#3795,#3119,#3120);
#2515=DIRECTION('axis',(0.,0.,1.));
#2516=DIRECTION('refdir',(1.,0.,0.));
#2517=DIRECTION('center_axis',(0.,1.,0.));
#2518=DIRECTION('ref_axis',(-0.7546055221626,0.,0.656178714925827));
#2519=DIRECTION('center_axis',(0.,1.,0.));
#2520=DIRECTION('ref_axis',(-0.7546055221626,0.,0.656178714925827));
#2521=DIRECTION('',(0.,-1.,0.));
#2522=DIRECTION('center_axis',(0.,-1.,0.));
#2523=DIRECTION('ref_axis',(-0.7546055221626,0.,0.656178714925827));
#2524=DIRECTION('',(0.,1.,0.));
#2525=DIRECTION('center_axis',(0.7546055221626,0.,-0.656178714925827));
#2526=DIRECTION('ref_axis',(-0.656178714925827,0.,-0.7546055221626));
#2527=DIRECTION('',(0.656178714925827,0.,0.7546055221626));
#2528=DIRECTION('',(0.,1.,0.));
#2529=DIRECTION('',(0.656178714925827,0.,0.7546055221626));
#2530=DIRECTION('center_axis',(0.,-1.,0.));
#2531=DIRECTION('ref_axis',(0.754605522160533,0.,0.656178714928205));
#2532=DIRECTION('center_axis',(0.,-1.,0.));
#2533=DIRECTION('ref_axis',(0.754605522160533,0.,0.656178714928205));
#2534=DIRECTION('',(0.,1.,0.));
#2535=DIRECTION('center_axis',(0.,1.,0.));
#2536=DIRECTION('ref_axis',(0.754605522160533,0.,0.656178714928205));
#2537=DIRECTION('',(0.,-1.,0.));
#2538=DIRECTION('center_axis',(-0.754605522160533,0.,-0.656178714928205));
#2539=DIRECTION('ref_axis',(-0.656178714928205,0.,0.754605522160533));
#2540=DIRECTION('',(0.656178714928205,0.,-0.754605522160533));
#2541=DIRECTION('',(0.,1.,0.));
#2542=DIRECTION('',(0.656178714928205,0.,-0.754605522160533));
#2543=DIRECTION('center_axis',(0.,1.,0.));
#2544=DIRECTION('ref_axis',(0.754605522160519,0.,-0.65617871492822));
#2545=DIRECTION('center_axis',(0.,1.,0.));
#2546=DIRECTION('ref_axis',(0.754605522160519,0.,-0.65617871492822));
#2547=DIRECTION('',(0.,-1.,0.));
#2548=DIRECTION('center_axis',(0.,-1.,0.));
#2549=DIRECTION('ref_axis',(0.754605522160519,0.,-0.65617871492822));
#2550=DIRECTION('',(0.,1.,0.));
#2551=DIRECTION('center_axis',(-0.754605522160519,0.,0.65617871492822));
#2552=DIRECTION('ref_axis',(0.65617871492822,0.,0.754605522160519));
#2553=DIRECTION('',(-0.65617871492822,0.,-0.754605522160519));
#2554=DIRECTION('',(0.,1.,0.));
#2555=DIRECTION('',(-0.65617871492822,0.,-0.754605522160519));
#2556=DIRECTION('center_axis',(0.,-1.,0.));
#2557=DIRECTION('ref_axis',(-0.754605522162613,0.,-0.656178714925812));
#2558=DIRECTION('center_axis',(0.,-1.,0.));
#2559=DIRECTION('ref_axis',(-0.754605522162613,0.,-0.656178714925812));
#2560=DIRECTION('',(0.,1.,0.));
#2561=DIRECTION('center_axis',(0.,1.,0.));
#2562=DIRECTION('ref_axis',(-0.754605522162613,0.,-0.656178714925812));
#2563=DIRECTION('',(0.,-1.,0.));
#2564=DIRECTION('center_axis',(0.754605522162613,0.,0.656178714925812));
#2565=DIRECTION('ref_axis',(0.656178714925812,0.,-0.754605522162613));
#2566=DIRECTION('',(-0.656178714925812,0.,0.754605522162613));
#2567=DIRECTION('',(0.,1.,0.));
#2568=DIRECTION('',(-0.656178714925812,0.,0.754605522162613));
#2569=DIRECTION('center_axis',(0.,-1.,0.));
#2570=DIRECTION('ref_axis',(-0.707106781186634,0.,-0.707106781186462));
#2571=DIRECTION('center_axis',(0.,1.,0.));
#2572=DIRECTION('ref_axis',(-0.707106781186634,0.,-0.707106781186462));
#2573=DIRECTION('',(0.,-1.,0.));
#2574=DIRECTION('center_axis',(0.,-1.,0.));
#2575=DIRECTION('ref_axis',(-0.707106781186634,0.,-0.707106781186462));
#2576=DIRECTION('',(0.,1.,0.));
#2577=DIRECTION('center_axis',(-1.,0.,0.));
#2578=DIRECTION('ref_axis',(0.,0.,1.));
#2579=DIRECTION('',(0.,0.,-1.));
#2580=DIRECTION('',(0.,1.,0.));
#2581=DIRECTION('',(0.,0.,-1.));
#2582=DIRECTION('center_axis',(0.,-1.,0.));
#2583=DIRECTION('ref_axis',(-0.707106781186961,0.,0.707106781186134));
#2584=DIRECTION('center_axis',(0.,1.,0.));
#2585=DIRECTION('ref_axis',(-0.707106781186961,0.,0.707106781186134));
#2586=DIRECTION('',(0.,-1.,0.));
#2587=DIRECTION('center_axis',(0.,-1.,0.));
#2588=DIRECTION('ref_axis',(-0.707106781186961,0.,0.707106781186134));
#2589=DIRECTION('center_axis',(-1.17000426441266E-12,0.,1.));
#2590=DIRECTION('ref_axis',(1.,0.,1.17000426441266E-12));
#2591=DIRECTION('',(-1.,0.,-1.17000426441266E-12));
#2592=DIRECTION('',(0.,1.,0.));
#2593=DIRECTION('',(-1.,0.,-1.17000426441266E-12));
#2594=DIRECTION('center_axis',(0.,-1.,0.));
#2595=DIRECTION('ref_axis',(0.70710678118619,0.,0.707106781186905));
#2596=DIRECTION('center_axis',(0.,1.,0.));
#2597=DIRECTION('ref_axis',(0.70710678118619,0.,0.707106781186905));
#2598=DIRECTION('',(0.,-1.,0.));
#2599=DIRECTION('center_axis',(0.,-1.,0.));
#2600=DIRECTION('ref_axis',(0.70710678118619,0.,0.707106781186905));
#2601=DIRECTION('',(0.,1.,0.));
#2602=DIRECTION('center_axis',(1.,0.,-1.57612018674493E-13));
#2603=DIRECTION('ref_axis',(-1.57612018674493E-13,0.,-1.));
#2604=DIRECTION('',(1.57612018674493E-13,0.,1.));
#2605=DIRECTION('',(0.,1.,0.));
#2606=DIRECTION('',(1.57612018674493E-13,0.,1.));
#2607=DIRECTION('center_axis',(0.,-1.,0.));
#2608=DIRECTION('ref_axis',(0.707106781186406,0.,-0.707106781186689));
#2609=DIRECTION('center_axis',(0.,1.,0.));
#2610=DIRECTION('ref_axis',(0.707106781186406,0.,-0.707106781186689));
#2611=DIRECTION('',(0.,-1.,0.));
#2612=DIRECTION('center_axis',(0.,-1.,0.));
#2613=DIRECTION('ref_axis',(0.707106781186406,0.,-0.707106781186689));
#2614=DIRECTION('center_axis',(-2.42541029995034E-13,0.,-1.));
#2615=DIRECTION('ref_axis',(-1.,0.,2.42541029995034E-13));
#2616=DIRECTION('',(1.,0.,-2.42541029995034E-13));
#2617=DIRECTION('',(0.,1.,0.));
#2618=DIRECTION('',(1.,0.,-2.42541029995034E-13));
#2619=DIRECTION('center_axis',(0.,1.,0.));
#2620=DIRECTION('ref_axis',(1.,0.,0.));
#2621=DIRECTION('center_axis',(0.,1.,0.));
#2622=DIRECTION('ref_axis',(0.,0.,-1.));
#2623=DIRECTION('center_axis',(0.,1.,0.));
#2624=DIRECTION('ref_axis',(1.,0.,0.));
#2625=DIRECTION('center_axis',(0.,1.,0.));
#2626=DIRECTION('ref_axis',(1.,0.,0.));
#2627=DIRECTION('center_axis',(0.,1.,0.));
#2628=DIRECTION('ref_axis',(0.,0.,-1.));
#2629=DIRECTION('center_axis',(0.,1.,0.));
#2630=DIRECTION('ref_axis',(1.,0.,0.));
#2631=DIRECTION('center_axis',(0.,1.,0.));
#2632=DIRECTION('ref_axis',(1.,0.,0.));
#2633=DIRECTION('',(1.,0.,1.17000426441266E-12));
#2634=DIRECTION('',(0.65617871492822,0.,0.754605522160519));
#2635=DIRECTION('',(2.06923262790505E-14,0.,1.));
#2636=DIRECTION('',(0.500000000008251,0.,0.866025403779675));
#2637=DIRECTION('',(-0.499999999991747,0.,0.866025403789203));
#2638=DIRECTION('',(2.06923262790506E-14,0.,1.));
#2639=DIRECTION('',(-0.656178714925811,0.,0.754605522162614));
#2640=DIRECTION('',(-1.,0.,-2.21190587213781E-13));
#2641=DIRECTION('',(-4.73727337550863E-12,0.,-1.));
#2642=DIRECTION('',(-1.,0.,-6.99440505513842E-13));
#2643=DIRECTION('',(0.,0.,1.));
#2644=DIRECTION('center_axis',(0.,1.,0.));
#2645=DIRECTION('ref_axis',(-1.,0.,1.33226762955019E-14));
#2646=DIRECTION('',(1.,0.,0.));
#2647=DIRECTION('',(8.27620800175116E-13,0.,-1.));
#2648=DIRECTION('',(-1.,0.,3.34032318713264E-12));
#2649=DIRECTION('',(1.17000426441266E-12,0.,-1.));
#2650=DIRECTION('',(0.75460552216052,0.,-0.65617871492822));
#2651=DIRECTION('',(1.,0.,-2.25734468498733E-14));
#2652=DIRECTION('',(0.866025403779677,0.,-0.500000000008248));
#2653=DIRECTION('',(0.866025403789201,0.,0.499999999991751));
#2654=DIRECTION('',(1.,0.,-2.25734468498733E-14));
#2655=DIRECTION('',(0.754605522162613,0.,0.656178714925812));
#2656=DIRECTION('',(-2.21190587213781E-13,0.,1.));
#2657=DIRECTION('',(-1.,0.,4.73630796418287E-12));
#2658=DIRECTION('',(-7.00449799172592E-13,0.,1.));
#2659=DIRECTION('',(1.,0.,0.));
#2660=DIRECTION('center_axis',(0.,1.,0.));
#2661=DIRECTION('ref_axis',(5.55111512312584E-15,0.,1.));
#2662=DIRECTION('',(-1.57612018674493E-13,0.,-1.));
#2663=DIRECTION('',(-1.,0.,-8.28630093833868E-13));
#2664=DIRECTION('',(3.34225400978416E-12,0.,1.));
#2665=DIRECTION('',(-1.,0.,-1.17085828212391E-12));
#2666=DIRECTION('',(-0.656178714928221,0.,-0.754605522160518));
#2667=DIRECTION('',(-2.06923262790505E-14,0.,-1.));
#2668=DIRECTION('',(-0.50000000000825,0.,-0.866025403779675));
#2669=DIRECTION('',(0.499999999991747,0.,-0.866025403789204));
#2670=DIRECTION('',(-2.06923262790505E-14,0.,-1.));
#2671=DIRECTION('',(0.656178714925812,0.,-0.754605522162613));
#2672=DIRECTION('',(1.,0.,2.21617596069406E-13));
#2673=DIRECTION('',(4.74016960948592E-12,0.,1.));
#2674=DIRECTION('',(1.,0.,7.00449799172594E-13));
#2675=DIRECTION('',(-1.57612018674493E-13,0.,-1.));
#2676=DIRECTION('',(-1.,0.,7.20635672347595E-13));
#2677=DIRECTION('',(-4.71699973766766E-12,0.,1.));
#2678=DIRECTION('',(-1.,0.,2.42541029995034E-13));
#2679=DIRECTION('',(-0.656178714925827,0.,-0.7546055221626));
#2680=DIRECTION('',(0.,0.,-1.));
#2681=DIRECTION('',(-0.499999999991767,0.,-0.866025403789192));
#2682=DIRECTION('',(0.500000000008233,0.,-0.866025403779685));
#2683=DIRECTION('',(0.,0.,-1.));
#2684=DIRECTION('',(0.656178714928204,0.,-0.754605522160533));
#2685=DIRECTION('',(1.,0.,-1.19135470719392E-12));
#2686=DIRECTION('',(-3.32101496061742E-12,0.,1.));
#2687=DIRECTION('',(1.,0.,-8.48815967008869E-13));
#2688=DIRECTION('',(-1.57612018674493E-13,0.,-1.));
#2689=DIRECTION('center_axis',(0.,1.,0.));
#2690=DIRECTION('ref_axis',(1.,0.,-1.3544720900427E-13));
#2691=DIRECTION('',(-1.,0.,0.));
#2692=DIRECTION('',(7.19878702103533E-13,0.,1.));
#2693=DIRECTION('',(1.,0.,4.71699973766766E-12));
#2694=DIRECTION('',(2.42327525567222E-13,0.,1.));
#2695=DIRECTION('',(-0.7546055221626,0.,0.656178714925827));
#2696=DIRECTION('',(-1.,0.,0.));
#2697=DIRECTION('',(-0.866025403789192,0.,0.499999999991766));
#2698=DIRECTION('',(-0.866025403779686,0.,-0.500000000008232));
#2699=DIRECTION('',(-1.,0.,0.));
#2700=DIRECTION('',(-0.754605522160533,0.,-0.656178714928204));
#2701=DIRECTION('',(-1.19071419391048E-12,0.,-1.));
#2702=DIRECTION('',(1.,0.,3.32101496061743E-12));
#2703=DIRECTION('',(-8.47806673350119E-13,0.,-1.));
#2704=DIRECTION('',(-1.,0.,0.));
#2705=DIRECTION('center_axis',(0.,1.,0.));
#2706=DIRECTION('ref_axis',(0.,0.,-1.));
#2707=DIRECTION('',(0.,0.,1.));
#2708=DIRECTION('',(1.,0.,-7.19626378688845E-13));
#2709=DIRECTION('',(4.71699973766765E-12,0.,-1.));
#2710=DIRECTION('',(1.,0.,-2.41687012283784E-13));
#2711=DIRECTION('',(0.656178714925827,0.,0.7546055221626));
#2712=DIRECTION('',(0.,0.,1.));
#2713=DIRECTION('',(0.499999999991766,0.,0.866025403789193));
#2714=DIRECTION('',(-0.500000000008233,0.,0.866025403779685));
#2715=DIRECTION('',(0.,0.,1.));
#2716=DIRECTION('',(-0.656178714928205,0.,0.754605522160533));
#2717=DIRECTION('',(-1.,0.,1.19050068948267E-12));
#2718=DIRECTION('',(3.32101496061743E-12,0.,-1.));
#2719=DIRECTION('',(-1.,0.,8.47806673350119E-13));
#2720=DIRECTION('',(0.,0.,1.));
#2721=DIRECTION('',(1.,0.,8.27620800175116E-13));
#2722=DIRECTION('',(-3.3412885984584E-12,0.,-1.));
#2723=DIRECTION('center_axis',(0.,1.,0.));
#2724=DIRECTION('ref_axis',(0.,0.,-1.));
#2725=DIRECTION('',(-1.,0.,-2.21617596069406E-13));
#2726=DIRECTION('center_axis',(0.,1.,0.));
#2727=DIRECTION('ref_axis',(0.,0.,-1.));
#2728=DIRECTION('center_axis',(0.,1.,0.));
#2729=DIRECTION('ref_axis',(0.,0.,-1.));
#2730=DIRECTION('',(1.,0.,-1.19050068948267E-12));
#2731=DIRECTION('center_axis',(0.,1.,0.));
#2732=DIRECTION('ref_axis',(0.,0.,-1.));
#2733=DIRECTION('center_axis',(0.,-1.,0.));
#2734=DIRECTION('ref_axis',(1.,0.,0.));
#2735=DIRECTION('center_axis',(0.,-1.,0.));
#2736=DIRECTION('ref_axis',(1.,0.,0.));
#2737=DIRECTION('center_axis',(0.,1.,0.));
#2738=DIRECTION('ref_axis',(0.,0.,-1.));
#2739=DIRECTION('',(0.,1.,0.));
#2740=DIRECTION('center_axis',(0.,1.,0.));
#2741=DIRECTION('ref_axis',(0.,0.,-1.));
#2742=DIRECTION('center_axis',(0.,1.,0.));
#2743=DIRECTION('ref_axis',(0.,0.,-1.));
#2744=DIRECTION('center_axis',(0.,1.,0.));
#2745=DIRECTION('ref_axis',(0.,0.,-1.));
#2746=DIRECTION('center_axis',(0.,1.,0.));
#2747=DIRECTION('ref_axis',(0.,0.,-1.));
#2748=DIRECTION('',(0.,1.,0.));
#2749=DIRECTION('center_axis',(0.,1.,0.));
#2750=DIRECTION('ref_axis',(0.,0.,-1.));
#2751=DIRECTION('center_axis',(0.,1.,0.));
#2752=DIRECTION('ref_axis',(0.,0.,-1.));
#2753=DIRECTION('center_axis',(0.,1.,0.));
#2754=DIRECTION('ref_axis',(0.,0.,-1.));
#2755=DIRECTION('center_axis',(-1.17000426441266E-12,0.,1.));
#2756=DIRECTION('ref_axis',(1.,0.,1.17000426441266E-12));
#2757=DIRECTION('',(-1.,0.,-1.17000426441266E-12));
#2758=DIRECTION('center_axis',(-2.42541029995034E-13,0.,-1.));
#2759=DIRECTION('ref_axis',(-1.,0.,2.42541029995034E-13));
#2760=DIRECTION('',(1.,0.,-2.42541029995034E-13));
#2761=DIRECTION('center_axis',(0.,1.,0.));
#2762=DIRECTION('ref_axis',(1.,0.,0.));
#2763=DIRECTION('',(0.,-1.,0.));
#2764=DIRECTION('center_axis',(0.,-1.,0.));
#2765=DIRECTION('ref_axis',(1.,0.,0.));
#2766=DIRECTION('center_axis',(0.,1.,0.));
#2767=DIRECTION('ref_axis',(1.,0.,0.));
#2768=DIRECTION('',(0.,-1.,0.));
#2769=DIRECTION('center_axis',(0.,-1.,0.));
#2770=DIRECTION('ref_axis',(1.,0.,0.));
#2771=DIRECTION('center_axis',(0.,0.,1.));
#2772=DIRECTION('ref_axis',(1.,0.,0.));
#2773=DIRECTION('',(-1.,0.,0.));
#2774=DIRECTION('',(0.,1.,0.));
#2775=DIRECTION('',(0.,1.,0.));
#2776=DIRECTION('center_axis',(0.,1.,0.));
#2777=DIRECTION('ref_axis',(-1.,0.,1.33226762955019E-14));
#2778=DIRECTION('center_axis',(0.,1.,0.));
#2779=DIRECTION('ref_axis',(-1.,0.,1.33226762955019E-14));
#2780=DIRECTION('',(0.,1.,0.));
#2781=DIRECTION('center_axis',(-1.,0.,0.));
#2782=DIRECTION('ref_axis',(0.,0.,1.));
#2783=DIRECTION('',(0.,0.,-1.));
#2784=DIRECTION('',(0.,1.,0.));
#2785=DIRECTION('center_axis',(6.99440505513842E-13,0.,-1.));
#2786=DIRECTION('ref_axis',(-1.,0.,-6.99440505513842E-13));
#2787=DIRECTION('',(-1.,0.,-6.99440505513842E-13));
#2788=DIRECTION('',(0.,1.,0.));
#2789=DIRECTION('center_axis',(1.,0.,-4.73727337550863E-12));
#2790=DIRECTION('ref_axis',(-4.73727337550863E-12,0.,-1.));
#2791=DIRECTION('',(4.73727337550863E-12,0.,1.));
#2792=DIRECTION('',(0.,1.,0.));
#2793=DIRECTION('center_axis',(2.21190587213781E-13,0.,-1.));
#2794=DIRECTION('ref_axis',(-1.,0.,-2.21190587213781E-13));
#2795=DIRECTION('',(-1.,0.,-2.21190587213781E-13));
#2796=DIRECTION('',(0.,1.,0.));
#2797=DIRECTION('center_axis',(-0.754605522162614,0.,-0.656178714925811));
#2798=DIRECTION('ref_axis',(-0.656178714925811,0.,0.754605522162614));
#2799=DIRECTION('',(-0.656178714925811,0.,0.754605522162614));
#2800=DIRECTION('',(0.,1.,0.));
#2801=DIRECTION('center_axis',(-1.,0.,2.06923262790506E-14));
#2802=DIRECTION('ref_axis',(2.06923262790506E-14,0.,1.));
#2803=DIRECTION('',(2.06923262790506E-14,0.,1.));
#2804=DIRECTION('',(0.,1.,0.));
#2805=DIRECTION('center_axis',(-0.866025403789203,0.,-0.499999999991747));
#2806=DIRECTION('ref_axis',(-0.499999999991747,0.,0.866025403789203));
#2807=DIRECTION('',(-0.499999999991747,0.,0.866025403789203));
#2808=DIRECTION('',(0.,1.,0.));
#2809=DIRECTION('center_axis',(-0.866025403779675,0.,0.500000000008251));
#2810=DIRECTION('ref_axis',(0.500000000008251,0.,0.866025403779675));
#2811=DIRECTION('',(0.500000000008251,0.,0.866025403779675));
#2812=DIRECTION('',(0.,1.,0.));
#2813=DIRECTION('center_axis',(-1.,0.,2.06923262790505E-14));
#2814=DIRECTION('ref_axis',(2.06923262790505E-14,0.,1.));
#2815=DIRECTION('',(2.06923262790505E-14,0.,1.));
#2816=DIRECTION('',(0.,1.,0.));
#2817=DIRECTION('center_axis',(-0.754605522160519,0.,0.65617871492822));
#2818=DIRECTION('ref_axis',(0.65617871492822,0.,0.754605522160519));
#2819=DIRECTION('',(0.65617871492822,0.,0.754605522160519));
#2820=DIRECTION('',(0.,1.,0.));
#2821=DIRECTION('center_axis',(-1.17000426441266E-12,0.,1.));
#2822=DIRECTION('ref_axis',(1.,0.,1.17000426441266E-12));
#2823=DIRECTION('',(1.,0.,1.17000426441266E-12));
#2824=DIRECTION('',(0.,1.,0.));
#2825=DIRECTION('center_axis',(1.,0.,-3.3412885984584E-12));
#2826=DIRECTION('ref_axis',(-3.3412885984584E-12,0.,-1.));
#2827=DIRECTION('',(-3.3412885984584E-12,0.,-1.));
#2828=DIRECTION('',(0.,1.,0.));
#2829=DIRECTION('center_axis',(-8.27620800175116E-13,0.,1.));
#2830=DIRECTION('ref_axis',(1.,0.,8.27620800175116E-13));
#2831=DIRECTION('',(1.,0.,8.27620800175116E-13));
#2832=DIRECTION('',(0.,1.,0.));
#2833=DIRECTION('center_axis',(-1.,0.,0.));
#2834=DIRECTION('ref_axis',(0.,0.,1.));
#2835=DIRECTION('',(0.,0.,-1.));
#2836=DIRECTION('',(0.,1.,0.));
#2837=DIRECTION('center_axis',(-8.47806673350119E-13,0.,-1.));
#2838=DIRECTION('ref_axis',(-1.,0.,8.47806673350119E-13));
#2839=DIRECTION('',(1.,0.,-8.47806673350119E-13));
#2840=DIRECTION('',(0.,1.,0.));
#2841=DIRECTION('center_axis',(1.,0.,3.32101496061743E-12));
#2842=DIRECTION('ref_axis',(3.32101496061743E-12,0.,-1.));
#2843=DIRECTION('',(-3.32101496061743E-12,0.,1.));
#2844=DIRECTION('',(0.,1.,0.));
#2845=DIRECTION('center_axis',(-1.19050068948267E-12,0.,-1.));
#2846=DIRECTION('ref_axis',(-1.,0.,1.19050068948267E-12));
#2847=DIRECTION('',(1.,0.,-1.19050068948267E-12));
#2848=DIRECTION('',(0.,1.,0.));
#2849=DIRECTION('center_axis',(-0.754605522160533,0.,-0.656178714928205));
#2850=DIRECTION('ref_axis',(-0.656178714928205,0.,0.754605522160533));
#2851=DIRECTION('',(0.656178714928205,0.,-0.754605522160533));
#2852=DIRECTION('',(0.,1.,0.));
#2853=DIRECTION('center_axis',(-1.,0.,0.));
#2854=DIRECTION('ref_axis',(0.,0.,1.));
#2855=DIRECTION('',(0.,0.,-1.));
#2856=DIRECTION('',(0.,1.,0.));
#2857=DIRECTION('center_axis',(-0.866025403779685,0.,-0.500000000008233));
#2858=DIRECTION('ref_axis',(-0.500000000008233,0.,0.866025403779685));
#2859=DIRECTION('',(0.500000000008233,0.,-0.866025403779685));
#2860=DIRECTION('',(0.,1.,0.));
#2861=DIRECTION('center_axis',(-0.866025403789193,0.,0.499999999991766));
#2862=DIRECTION('ref_axis',(0.499999999991766,0.,0.866025403789193));
#2863=DIRECTION('',(-0.499999999991766,0.,-0.866025403789193));
#2864=DIRECTION('',(0.,1.,0.));
#2865=DIRECTION('center_axis',(-1.,0.,0.));
#2866=DIRECTION('ref_axis',(0.,0.,1.));
#2867=DIRECTION('',(0.,0.,-1.));
#2868=DIRECTION('',(0.,1.,0.));
#2869=DIRECTION('center_axis',(-0.7546055221626,0.,0.656178714925827));
#2870=DIRECTION('ref_axis',(0.656178714925827,0.,0.7546055221626));
#2871=DIRECTION('',(-0.656178714925827,0.,-0.7546055221626));
#2872=DIRECTION('',(0.,1.,0.));
#2873=DIRECTION('center_axis',(2.41687012283784E-13,0.,1.));
#2874=DIRECTION('ref_axis',(1.,0.,-2.41687012283784E-13));
#2875=DIRECTION('',(-1.,0.,2.41687012283784E-13));
#2876=DIRECTION('',(0.,1.,0.));
#2877=DIRECTION('center_axis',(1.,0.,4.71699973766765E-12));
#2878=DIRECTION('ref_axis',(4.71699973766765E-12,0.,-1.));
#2879=DIRECTION('',(4.71699973766765E-12,0.,-1.));
#2880=DIRECTION('',(0.,1.,0.));
#2881=DIRECTION('center_axis',(7.19626378688845E-13,0.,1.));
#2882=DIRECTION('ref_axis',(1.,0.,-7.19626378688845E-13));
#2883=DIRECTION('',(-1.,0.,7.19626378688845E-13));
#2884=DIRECTION('',(0.,1.,0.));
#2885=DIRECTION('center_axis',(-1.,0.,0.));
#2886=DIRECTION('ref_axis',(0.,0.,1.));
#2887=DIRECTION('',(0.,0.,-1.));
#2888=DIRECTION('',(0.,1.,0.));
#2889=DIRECTION('center_axis',(0.,1.,0.));
#2890=DIRECTION('ref_axis',(0.,0.,-1.));
#2891=DIRECTION('center_axis',(0.,1.,0.));
#2892=DIRECTION('ref_axis',(0.,0.,-1.));
#2893=DIRECTION('',(0.,1.,0.));
#2894=DIRECTION('center_axis',(0.,0.,-1.));
#2895=DIRECTION('ref_axis',(-1.,0.,0.));
#2896=DIRECTION('',(1.,0.,0.));
#2897=DIRECTION('',(0.,1.,0.));
#2898=DIRECTION('center_axis',(1.,0.,-8.47806673350119E-13));
#2899=DIRECTION('ref_axis',(-8.47806673350119E-13,0.,-1.));
#2900=DIRECTION('',(8.47806673350119E-13,0.,1.));
#2901=DIRECTION('',(0.,1.,0.));
#2902=DIRECTION('center_axis',(-3.32101496061743E-12,0.,1.));
#2903=DIRECTION('ref_axis',(1.,0.,3.32101496061743E-12));
#2904=DIRECTION('',(-1.,0.,-3.32101496061743E-12));
#2905=DIRECTION('',(0.,1.,0.));
#2906=DIRECTION('center_axis',(1.,0.,-1.19071419391048E-12));
#2907=DIRECTION('ref_axis',(-1.19071419391048E-12,0.,-1.));
#2908=DIRECTION('',(1.19071419391048E-12,0.,1.));
#2909=DIRECTION('',(0.,1.,0.));
#2910=DIRECTION('center_axis',(0.656178714928204,0.,-0.754605522160533));
#2911=DIRECTION('ref_axis',(-0.754605522160533,0.,-0.656178714928204));
#2912=DIRECTION('',(0.754605522160533,0.,0.656178714928204));
#2913=DIRECTION('',(0.,1.,0.));
#2914=DIRECTION('center_axis',(0.,0.,-1.));
#2915=DIRECTION('ref_axis',(-1.,0.,0.));
#2916=DIRECTION('',(1.,0.,0.));
#2917=DIRECTION('',(0.,1.,0.));
#2918=DIRECTION('center_axis',(0.500000000008233,0.,-0.866025403779686));
#2919=DIRECTION('ref_axis',(-0.866025403779686,0.,-0.500000000008233));
#2920=DIRECTION('',(0.866025403779686,0.,0.500000000008232));
#2921=DIRECTION('',(0.,1.,0.));
#2922=DIRECTION('center_axis',(-0.499999999991767,0.,-0.866025403789192));
#2923=DIRECTION('ref_axis',(-0.866025403789192,0.,0.499999999991766));
#2924=DIRECTION('',(0.866025403789192,0.,-0.499999999991766));
#2925=DIRECTION('',(0.,1.,0.));
#2926=DIRECTION('center_axis',(0.,0.,-1.));
#2927=DIRECTION('ref_axis',(-1.,0.,0.));
#2928=DIRECTION('',(1.,0.,0.));
#2929=DIRECTION('',(0.,1.,0.));
#2930=DIRECTION('center_axis',(-0.656178714925827,0.,-0.7546055221626));
#2931=DIRECTION('ref_axis',(-0.7546055221626,0.,0.656178714925827));
#2932=DIRECTION('',(0.7546055221626,0.,-0.656178714925827));
#2933=DIRECTION('',(0.,1.,0.));
#2934=DIRECTION('center_axis',(-1.,0.,2.42327525567222E-13));
#2935=DIRECTION('ref_axis',(2.42327525567222E-13,0.,1.));
#2936=DIRECTION('',(-2.42327525567222E-13,0.,-1.));
#2937=DIRECTION('',(0.,1.,0.));
#2938=DIRECTION('center_axis',(-4.71699973766766E-12,0.,1.));
#2939=DIRECTION('ref_axis',(1.,0.,4.71699973766766E-12));
#2940=DIRECTION('',(-1.,0.,-4.71699973766766E-12));
#2941=DIRECTION('',(0.,1.,0.));
#2942=DIRECTION('center_axis',(-1.,0.,7.19878702103533E-13));
#2943=DIRECTION('ref_axis',(7.19878702103533E-13,0.,1.));
#2944=DIRECTION('',(-7.19878702103533E-13,0.,-1.));
#2945=DIRECTION('',(0.,1.,0.));
#2946=DIRECTION('center_axis',(0.,0.,-1.));
#2947=DIRECTION('ref_axis',(-1.,0.,0.));
#2948=DIRECTION('',(1.,0.,0.));
#2949=DIRECTION('',(0.,1.,0.));
#2950=DIRECTION('center_axis',(0.,1.,0.));
#2951=DIRECTION('ref_axis',(1.,0.,-1.3544720900427E-13));
#2952=DIRECTION('center_axis',(0.,1.,0.));
#2953=DIRECTION('ref_axis',(1.,0.,-1.3544720900427E-13));
#2954=DIRECTION('',(0.,1.,0.));
#2955=DIRECTION('center_axis',(1.,0.,-1.57612018674493E-13));
#2956=DIRECTION('ref_axis',(-1.57612018674493E-13,0.,-1.));
#2957=DIRECTION('',(1.57612018674493E-13,0.,1.));
#2958=DIRECTION('',(0.,1.,0.));
#2959=DIRECTION('center_axis',(8.48815967008869E-13,0.,1.));
#2960=DIRECTION('ref_axis',(1.,0.,-8.48815967008869E-13));
#2961=DIRECTION('',(-1.,0.,8.48815967008869E-13));
#2962=DIRECTION('',(0.,1.,0.));
#2963=DIRECTION('center_axis',(-1.,0.,-3.32101496061742E-12));
#2964=DIRECTION('ref_axis',(-3.32101496061742E-12,0.,1.));
#2965=DIRECTION('',(3.32101496061742E-12,0.,-1.));
#2966=DIRECTION('',(0.,1.,0.));
#2967=DIRECTION('center_axis',(1.19135470719392E-12,0.,1.));
#2968=DIRECTION('ref_axis',(1.,0.,-1.19135470719392E-12));
#2969=DIRECTION('',(-1.,0.,1.19135470719392E-12));
#2970=DIRECTION('',(0.,1.,0.));
#2971=DIRECTION('center_axis',(0.754605522160533,0.,0.656178714928204));
#2972=DIRECTION('ref_axis',(0.656178714928204,0.,-0.754605522160533));
#2973=DIRECTION('',(-0.656178714928204,0.,0.754605522160533));
#2974=DIRECTION('',(0.,1.,0.));
#2975=DIRECTION('center_axis',(1.,0.,0.));
#2976=DIRECTION('ref_axis',(0.,0.,-1.));
#2977=DIRECTION('',(0.,0.,1.));
#2978=DIRECTION('',(0.,1.,0.));
#2979=DIRECTION('center_axis',(0.866025403779685,0.,0.500000000008233));
#2980=DIRECTION('ref_axis',(0.500000000008233,0.,-0.866025403779685));
#2981=DIRECTION('',(-0.500000000008233,0.,0.866025403779685));
#2982=DIRECTION('',(0.,1.,0.));
#2983=DIRECTION('center_axis',(0.866025403789192,0.,-0.499999999991767));
#2984=DIRECTION('ref_axis',(-0.499999999991767,0.,-0.866025403789192));
#2985=DIRECTION('',(0.499999999991767,0.,0.866025403789192));
#2986=DIRECTION('',(0.,1.,0.));
#2987=DIRECTION('center_axis',(1.,0.,0.));
#2988=DIRECTION('ref_axis',(0.,0.,-1.));
#2989=DIRECTION('',(0.,0.,1.));
#2990=DIRECTION('',(0.,1.,0.));
#2991=DIRECTION('center_axis',(0.7546055221626,0.,-0.656178714925827));
#2992=DIRECTION('ref_axis',(-0.656178714925827,0.,-0.7546055221626));
#2993=DIRECTION('',(0.656178714925827,0.,0.7546055221626));
#2994=DIRECTION('',(0.,1.,0.));
#2995=DIRECTION('center_axis',(-2.42541029995034E-13,0.,-1.));
#2996=DIRECTION('ref_axis',(-1.,0.,2.42541029995034E-13));
#2997=DIRECTION('',(1.,0.,-2.42541029995034E-13));
#2998=DIRECTION('',(0.,1.,0.));
#2999=DIRECTION('center_axis',(-1.,0.,-4.71699973766766E-12));
#3000=DIRECTION('ref_axis',(-4.71699973766766E-12,0.,1.));
#3001=DIRECTION('',(4.71699973766766E-12,0.,-1.));
#3002=DIRECTION('',(0.,1.,0.));
#3003=DIRECTION('center_axis',(-7.20635672347595E-13,0.,-1.));
#3004=DIRECTION('ref_axis',(-1.,0.,7.20635672347595E-13));
#3005=DIRECTION('',(1.,0.,-7.20635672347595E-13));
#3006=DIRECTION('',(0.,1.,0.));
#3007=DIRECTION('center_axis',(1.,0.,-1.57612018674493E-13));
#3008=DIRECTION('ref_axis',(-1.57612018674493E-13,0.,-1.));
#3009=DIRECTION('',(0.,1.,0.));
#3010=DIRECTION('',(1.57612018674493E-13,0.,1.));
#3011=DIRECTION('center_axis',(-7.00449799172594E-13,0.,1.));
#3012=DIRECTION('ref_axis',(1.,0.,7.00449799172594E-13));
#3013=DIRECTION('',(1.,0.,7.00449799172594E-13));
#3014=DIRECTION('',(0.,1.,0.));
#3015=DIRECTION('center_axis',(-1.,0.,4.74016960948592E-12));
#3016=DIRECTION('ref_axis',(4.74016960948592E-12,0.,1.));
#3017=DIRECTION('',(4.74016960948592E-12,0.,1.));
#3018=DIRECTION('',(0.,1.,0.));
#3019=DIRECTION('center_axis',(-2.21617596069406E-13,0.,1.));
#3020=DIRECTION('ref_axis',(1.,0.,2.21617596069406E-13));
#3021=DIRECTION('',(1.,0.,2.21617596069406E-13));
#3022=DIRECTION('',(0.,1.,0.));
#3023=DIRECTION('center_axis',(0.754605522162613,0.,0.656178714925812));
#3024=DIRECTION('ref_axis',(0.656178714925812,0.,-0.754605522162613));
#3025=DIRECTION('',(0.656178714925812,0.,-0.754605522162613));
#3026=DIRECTION('',(0.,1.,0.));
#3027=DIRECTION('center_axis',(1.,0.,-2.06923262790505E-14));
#3028=DIRECTION('ref_axis',(-2.06923262790505E-14,0.,-1.));
#3029=DIRECTION('',(-2.06923262790505E-14,0.,-1.));
#3030=DIRECTION('',(0.,1.,0.));
#3031=DIRECTION('center_axis',(0.866025403789204,0.,0.499999999991747));
#3032=DIRECTION('ref_axis',(0.499999999991747,0.,-0.866025403789204));
#3033=DIRECTION('',(0.499999999991747,0.,-0.866025403789204));
#3034=DIRECTION('',(0.,1.,0.));
#3035=DIRECTION('center_axis',(0.866025403779676,0.,-0.50000000000825));
#3036=DIRECTION('ref_axis',(-0.50000000000825,0.,-0.866025403779675));
#3037=DIRECTION('',(-0.50000000000825,0.,-0.866025403779675));
#3038=DIRECTION('',(0.,1.,0.));
#3039=DIRECTION('center_axis',(1.,0.,-2.06923262790505E-14));
#3040=DIRECTION('ref_axis',(-2.06923262790505E-14,0.,-1.));
#3041=DIRECTION('',(-2.06923262790505E-14,0.,-1.));
#3042=DIRECTION('',(0.,1.,0.));
#3043=DIRECTION('center_axis',(0.754605522160518,0.,-0.656178714928221));
#3044=DIRECTION('ref_axis',(-0.656178714928221,0.,-0.754605522160518));
#3045=DIRECTION('',(-0.656178714928221,0.,-0.754605522160518));
#3046=DIRECTION('',(0.,1.,0.));
#3047=DIRECTION('center_axis',(1.17085828212391E-12,0.,-1.));
#3048=DIRECTION('ref_axis',(-1.,0.,-1.17085828212391E-12));
#3049=DIRECTION('',(-1.,0.,-1.17085828212391E-12));
#3050=DIRECTION('',(0.,1.,0.));
#3051=DIRECTION('center_axis',(-1.,0.,3.34225400978416E-12));
#3052=DIRECTION('ref_axis',(3.34225400978416E-12,0.,1.));
#3053=DIRECTION('',(3.34225400978416E-12,0.,1.));
#3054=DIRECTION('',(0.,1.,0.));
#3055=DIRECTION('center_axis',(8.28630093833868E-13,0.,-1.));
#3056=DIRECTION('ref_axis',(-1.,0.,-8.28630093833868E-13));
#3057=DIRECTION('',(-1.,0.,-8.28630093833868E-13));
#3058=DIRECTION('',(0.,1.,0.));
#3059=DIRECTION('center_axis',(1.,0.,-1.57612018674493E-13));
#3060=DIRECTION('ref_axis',(-1.57612018674493E-13,0.,-1.));
#3061=DIRECTION('',(1.57612018674493E-13,0.,1.));
#3062=DIRECTION('',(0.,1.,0.));
#3063=DIRECTION('center_axis',(0.,1.,0.));
#3064=DIRECTION('ref_axis',(5.55111512312584E-15,0.,1.));
#3065=DIRECTION('center_axis',(0.,1.,0.));
#3066=DIRECTION('ref_axis',(5.55111512312584E-15,0.,1.));
#3067=DIRECTION('',(0.,1.,0.));
#3068=DIRECTION('center_axis',(0.,0.,1.));
#3069=DIRECTION('ref_axis',(1.,0.,0.));
#3070=DIRECTION('',(-1.,0.,0.));
#3071=DIRECTION('',(0.,1.,0.));
#3072=DIRECTION('center_axis',(-1.,0.,-7.00449799172592E-13));
#3073=DIRECTION('ref_axis',(-7.00449799172592E-13,0.,1.));
#3074=DIRECTION('',(-7.00449799172592E-13,0.,1.));
#3075=DIRECTION('',(0.,1.,0.));
#3076=DIRECTION('center_axis',(-4.73630796418287E-12,0.,-1.));
#3077=DIRECTION('ref_axis',(-1.,0.,4.73630796418287E-12));
#3078=DIRECTION('',(-1.,0.,4.73630796418287E-12));
#3079=DIRECTION('',(0.,1.,0.));
#3080=DIRECTION('center_axis',(-1.,0.,-2.21190587213781E-13));
#3081=DIRECTION('ref_axis',(-2.21190587213781E-13,0.,1.));
#3082=DIRECTION('',(-2.21190587213781E-13,0.,1.));
#3083=DIRECTION('',(0.,1.,0.));
#3084=DIRECTION('center_axis',(-0.656178714925812,0.,0.754605522162613));
#3085=DIRECTION('ref_axis',(0.754605522162613,0.,0.656178714925812));
#3086=DIRECTION('',(0.754605522162613,0.,0.656178714925812));
#3087=DIRECTION('',(0.,1.,0.));
#3088=DIRECTION('center_axis',(2.25734468498733E-14,0.,1.));
#3089=DIRECTION('ref_axis',(1.,0.,-2.25734468498733E-14));
#3090=DIRECTION('',(1.,0.,-2.25734468498733E-14));
#3091=DIRECTION('',(0.,1.,0.));
#3092=DIRECTION('center_axis',(-0.499999999991751,0.,0.866025403789201));
#3093=DIRECTION('ref_axis',(0.866025403789201,0.,0.499999999991751));
#3094=DIRECTION('',(0.866025403789201,0.,0.499999999991751));
#3095=DIRECTION('',(0.,1.,0.));
#3096=DIRECTION('center_axis',(0.500000000008248,0.,0.866025403779677));
#3097=DIRECTION('ref_axis',(0.866025403779677,0.,-0.500000000008248));
#3098=DIRECTION('',(0.866025403779677,0.,-0.500000000008248));
#3099=DIRECTION('',(0.,1.,0.));
#3100=DIRECTION('center_axis',(2.25734468498733E-14,0.,1.));
#3101=DIRECTION('ref_axis',(1.,0.,-2.25734468498733E-14));
#3102=DIRECTION('',(1.,0.,-2.25734468498733E-14));
#3103=DIRECTION('',(0.,1.,0.));
#3104=DIRECTION('center_axis',(0.65617871492822,0.,0.75460552216052));
#3105=DIRECTION('ref_axis',(0.75460552216052,0.,-0.65617871492822));
#3106=DIRECTION('',(0.75460552216052,0.,-0.65617871492822));
#3107=DIRECTION('',(0.,1.,0.));
#3108=DIRECTION('center_axis',(1.,0.,1.17000426441266E-12));
#3109=DIRECTION('ref_axis',(1.17000426441266E-12,0.,-1.));
#3110=DIRECTION('',(1.17000426441266E-12,0.,-1.));
#3111=DIRECTION('',(0.,1.,0.));
#3112=DIRECTION('center_axis',(-3.34032318713264E-12,0.,-1.));
#3113=DIRECTION('ref_axis',(-1.,0.,3.34032318713264E-12));
#3114=DIRECTION('',(-1.,0.,3.34032318713264E-12));
#3115=DIRECTION('',(0.,1.,0.));
#3116=DIRECTION('center_axis',(1.,0.,8.27620800175116E-13));
#3117=DIRECTION('ref_axis',(8.27620800175116E-13,0.,-1.));
#3118=DIRECTION('',(8.27620800175116E-13,0.,-1.));
#3119=DIRECTION('center_axis',(0.,1.,0.));
#3120=DIRECTION('ref_axis',(1.,0.,0.));
#3121=CARTESIAN_POINT('',(0.,0.,0.));
#3122=CARTESIAN_POINT('Origin',(1.21433110087505,0.,-4.27077409005694));
#3123=CARTESIAN_POINT('',(0.827153068711988,25.,-5.3003823511982));
#3124=CARTESIAN_POINT('',(2.04439717525391,25.,-4.99257067647535));
#3125=CARTESIAN_POINT('Origin',(1.21433110087505,25.,-4.27077409005694));
#3126=CARTESIAN_POINT('',(0.827153068711988,0.,-5.3003823511982));
#3127=CARTESIAN_POINT('',(0.827153068711988,0.,-5.3003823511982));
#3128=CARTESIAN_POINT('',(2.04439717525391,0.,-4.99257067647535));
#3129=CARTESIAN_POINT('Origin',(1.21433110087505,0.,-4.27077409005694));
#3130=CARTESIAN_POINT('',(2.04439717525391,0.,-4.99257067647535));
#3131=CARTESIAN_POINT('Origin',(2.9699339256053,0.,-3.92820341357421));
#3132=CARTESIAN_POINT('',(2.9699339256053,0.,-3.92820341357421));
#3133=CARTESIAN_POINT('',(3.30308785456254,0.,-3.54507639527445));
#3134=CARTESIAN_POINT('',(2.9699339256053,25.,-3.92820341357421));
#3135=CARTESIAN_POINT('',(2.9699339256053,0.,-3.92820341357421));
#3136=CARTESIAN_POINT('',(1.9699339256053,25.,-5.07820341357101));
#3137=CARTESIAN_POINT('Origin',(-1.21433110088927,0.,-4.27077409006229));
#3138=CARTESIAN_POINT('',(-0.827153068721677,0.,-5.30038235120185));
#3139=CARTESIAN_POINT('',(-2.04439717526586,0.,-4.99257067648331));
#3140=CARTESIAN_POINT('Origin',(-1.21433110088927,0.,-4.27077409006229));
#3141=CARTESIAN_POINT('',(-0.827153068721677,25.,-5.30038235120185));
#3142=CARTESIAN_POINT('',(-0.827153068721677,0.,-5.30038235120185));
#3143=CARTESIAN_POINT('',(-2.04439717526586,25.,-4.99257067648331));
#3144=CARTESIAN_POINT('Origin',(-1.21433110088927,25.,-4.27077409006229));
#3145=CARTESIAN_POINT('',(-2.04439717526586,0.,-4.99257067648331));
#3146=CARTESIAN_POINT('Origin',(-1.96993392560757,0.,-5.07820341358956));
#3147=CARTESIAN_POINT('',(-2.96993392561681,25.,-3.92820341358945));
#3148=CARTESIAN_POINT('',(-2.96993392561681,25.,-3.92820341358945));
#3149=CARTESIAN_POINT('',(-2.96993392561681,0.,-3.92820341358945));
#3150=CARTESIAN_POINT('',(-2.96993392561681,0.,-3.92820341358945));
#3151=CARTESIAN_POINT('',(-2.80308785456661,0.,-4.12007639529543));
#3152=CARTESIAN_POINT('Origin',(-1.2143311008985,0.,4.27077409006576));
#3153=CARTESIAN_POINT('',(-0.827153068727964,25.,5.30038235120421));
#3154=CARTESIAN_POINT('',(-2.04439717527507,25.,4.9925706764868));
#3155=CARTESIAN_POINT('Origin',(-1.2143311008985,25.,4.27077409006576));
#3156=CARTESIAN_POINT('',(-0.827153068727964,0.,5.30038235120421));
#3157=CARTESIAN_POINT('',(-0.827153068727963,0.,5.30038235120421));
#3158=CARTESIAN_POINT('',(-2.04439717527507,0.,4.9925706764868));
#3159=CARTESIAN_POINT('Origin',(-1.2143311008985,0.,4.27077409006576));
#3160=CARTESIAN_POINT('',(-2.04439717527507,0.,4.9925706764868));
#3161=CARTESIAN_POINT('Origin',(-2.96993392561673,0.,3.92820341360368));
#3162=CARTESIAN_POINT('',(-2.96993392561673,0.,3.92820341360368));
#3163=CARTESIAN_POINT('',(-3.30308785457113,0.,3.54507639530964));
#3164=CARTESIAN_POINT('',(-2.96993392561673,25.,3.92820341360368));
#3165=CARTESIAN_POINT('',(-2.96993392561673,0.,3.92820341360368));
#3166=CARTESIAN_POINT('',(-2.96993392561673,25.,3.92820341360368));
#3167=CARTESIAN_POINT('Origin',(1.21433110088438,0.,4.27077409006045));
#3168=CARTESIAN_POINT('',(0.827153068718343,0.,5.3003823512006));
#3169=CARTESIAN_POINT('',(2.04439717526325,0.,4.99257067647884));
#3170=CARTESIAN_POINT('Origin',(1.21433110088438,0.,4.27077409006045));
#3171=CARTESIAN_POINT('',(0.827153068718343,25.,5.3003823512006));
#3172=CARTESIAN_POINT('',(0.827153068718343,0.,5.3003823512006));
#3173=CARTESIAN_POINT('',(2.04439717526325,25.,4.99257067647884));
#3174=CARTESIAN_POINT('Origin',(1.21433110088438,25.,4.27077409006045));
#3175=CARTESIAN_POINT('',(2.04439717526325,0.,4.99257067647884));
#3176=CARTESIAN_POINT('Origin',(1.9699339256054,0.,5.07820341358513));
#3177=CARTESIAN_POINT('',(2.96993392560538,25.,3.92820341358831));
#3178=CARTESIAN_POINT('',(1.9699339256054,25.,5.07820341358513));
#3179=CARTESIAN_POINT('',(2.96993392560538,0.,3.92820341358831));
#3180=CARTESIAN_POINT('',(2.96993392560538,0.,3.92820341358831));
#3181=CARTESIAN_POINT('',(2.8030878545626,0.,4.12007639528699));
#3182=CARTESIAN_POINT('Origin',(-5.30000000000212,0.,-2.44999999999041));
#3183=CARTESIAN_POINT('',(-5.30000000000239,25.,-3.55000000000869));
#3184=CARTESIAN_POINT('',(-6.40000000000212,25.,-2.44999999999041));
#3185=CARTESIAN_POINT('Origin',(-5.30000000000212,25.,-2.44999999999041));
#3186=CARTESIAN_POINT('',(-6.40000000000212,0.,-2.44999999999041));
#3187=CARTESIAN_POINT('',(-6.40000000000212,0.,-2.44999999999041));
#3188=CARTESIAN_POINT('',(-5.30000000000239,0.,-3.54999999999041));
#3189=CARTESIAN_POINT('Origin',(-5.30000000000212,0.,-2.44999999999041));
#3190=CARTESIAN_POINT('',(-5.30000000000239,0.,-3.54999999999041));
#3191=CARTESIAN_POINT('Origin',(-6.40000000000212,0.,-5.8000000000066));
#3192=CARTESIAN_POINT('',(-6.40000000000212,25.,2.45000000002297));
#3193=CARTESIAN_POINT('',(-6.40000000000212,25.,14.0000000000046));
#3194=CARTESIAN_POINT('',(-6.40000000000212,0.,2.45000000002297));
#3195=CARTESIAN_POINT('',(-6.40000000000212,0.,2.45000000002297));
#3196=CARTESIAN_POINT('',(-6.40000000000212,0.,-2.89999999999973));
#3197=CARTESIAN_POINT('Origin',(-5.30000000000213,0.,2.45000000002297));
#3198=CARTESIAN_POINT('',(-5.30000000000341,25.,3.55000000002297));
#3199=CARTESIAN_POINT('Origin',(-5.30000000000213,25.,2.45000000002297));
#3200=CARTESIAN_POINT('',(-5.30000000000341,0.,3.55000000002297));
#3201=CARTESIAN_POINT('',(-5.30000000000341,0.,3.55000000002297));
#3202=CARTESIAN_POINT('Origin',(-5.30000000000213,0.,2.45000000002297));
#3203=CARTESIAN_POINT('Origin',(-6.39999999999202,0.,3.55000000002168));
#3204=CARTESIAN_POINT('',(-3.79999999999201,25.,3.55000000002472));
#3205=CARTESIAN_POINT('',(-6.39999999999202,25.,3.55000000002168));
#3206=CARTESIAN_POINT('',(-3.79999999999201,0.,3.55000000002472));
#3207=CARTESIAN_POINT('',(-3.79999999999201,0.,3.55000000002472));
#3208=CARTESIAN_POINT('',(-3.19999999999769,0.,3.55000000002542));
#3209=CARTESIAN_POINT('Origin',(5.30000000000192,0.,2.45000000003537));
#3210=CARTESIAN_POINT('',(5.30000000000063,25.,3.55000000000704));
#3211=CARTESIAN_POINT('',(6.40000000000192,25.,2.4500000000352));
#3212=CARTESIAN_POINT('Origin',(5.30000000000192,25.,2.45000000003537));
#3213=CARTESIAN_POINT('',(6.40000000000192,0.,2.45000000003519));
#3214=CARTESIAN_POINT('',(6.40000000000192,0.,2.45000000003519));
#3215=CARTESIAN_POINT('',(5.30000000000063,0.,3.55000000003537));
#3216=CARTESIAN_POINT('Origin',(5.30000000000192,0.,2.45000000003537));
#3217=CARTESIAN_POINT('',(5.30000000000063,0.,3.55000000003537));
#3218=CARTESIAN_POINT('Origin',(6.40000000000245,0.,5.80000000000838));
#3219=CARTESIAN_POINT('',(6.40000000000115,25.,-2.44999999999316));
#3220=CARTESIAN_POINT('',(6.39999999999933,25.,-13.9999999999902));
#3221=CARTESIAN_POINT('',(6.40000000000115,0.,-2.44999999999316));
#3222=CARTESIAN_POINT('',(6.40000000000115,0.,-2.44999999999316));
#3223=CARTESIAN_POINT('',(6.40000000000199,0.,2.90000000000725));
#3224=CARTESIAN_POINT('Origin',(5.30000000000115,0.,-2.44999999999298));
#3225=CARTESIAN_POINT('',(5.30000000000088,25.,-3.54999999999298));
#3226=CARTESIAN_POINT('Origin',(5.30000000000115,25.,-2.44999999999298));
#3227=CARTESIAN_POINT('',(5.30000000000088,0.,-3.54999999999298));
#3228=CARTESIAN_POINT('',(5.30000000000088,0.,-3.54999999999298));
#3229=CARTESIAN_POINT('Origin',(5.30000000000115,0.,-2.44999999999298));
#3230=CARTESIAN_POINT('Origin',(6.39999999998442,0.,-3.54999999999325));
#3231=CARTESIAN_POINT('',(3.79999999998442,25.,-3.54999999999262));
#3232=CARTESIAN_POINT('',(3.79999999998442,25.,-3.54999999999262));
#3233=CARTESIAN_POINT('',(3.79999999998442,0.,-3.54999999999262));
#3234=CARTESIAN_POINT('',(3.79999999998442,0.,-3.54999999999262));
#3235=CARTESIAN_POINT('',(3.19999999999218,0.,-3.54999999999247));
#3236=CARTESIAN_POINT('Origin',(1.11022302462516E-15,0.,7.5));
#3237=CARTESIAN_POINT('Origin',(1.11022302462516E-15,25.,7.5));
#3238=CARTESIAN_POINT('Origin',(1.11022302462516E-15,0.,7.5));
#3239=CARTESIAN_POINT('Origin',(1.11022302462516E-15,0.,-7.5));
#3240=CARTESIAN_POINT('Origin',(1.11022302462516E-15,25.,-7.5));
#3241=CARTESIAN_POINT('Origin',(1.11022302462516E-15,0.,-7.5));
#3242=CARTESIAN_POINT('Origin',(7.98250354705488E-13,25.,7.13207271019201E-12));
#3243=CARTESIAN_POINT('',(-6.3999999999933,25.,4.65000000002168));
#3244=CARTESIAN_POINT('',(-3.7999999999933,25.,4.65000000002472));
#3245=CARTESIAN_POINT('',(-6.3999999999933,25.,4.65000000002168));
#3246=CARTESIAN_POINT('',(-2.79999999998404,25.,5.80000000002481));
#3247=CARTESIAN_POINT('',(-3.7999999999933,25.,4.65000000002472));
#3248=CARTESIAN_POINT('',(-2.79999999998401,25.,6.98038475775414));
#3249=CARTESIAN_POINT('',(-2.79999999998404,25.,5.80000000002481));
#3250=CARTESIAN_POINT('',(-2.499999999984,25.,7.50000000001339));
#3251=CARTESIAN_POINT('',(-2.79999999998401,25.,6.98038475775414));
#3252=CARTESIAN_POINT('',(-2.79999999998399,25.,8.01961524229547));
#3253=CARTESIAN_POINT('',(-2.499999999984,25.,7.50000000001339));
#3254=CARTESIAN_POINT('',(-2.79999999998397,25.,9.20000000002481));
#3255=CARTESIAN_POINT('',(-2.79999999998399,25.,8.01961524229547));
#3256=CARTESIAN_POINT('',(-3.79999999998394,25.,10.3500000000216));
#3257=CARTESIAN_POINT('',(-2.79999999998397,25.,9.20000000002481));
#3258=CARTESIAN_POINT('',(-6.39999999998394,25.,10.350000000021));
#3259=CARTESIAN_POINT('',(-3.79999999998394,25.,10.3500000000216));
#3260=CARTESIAN_POINT('',(-6.39999999998939,25.,9.2000000000209));
#3261=CARTESIAN_POINT('',(-6.39999999998939,25.,9.2000000000209));
#3262=CARTESIAN_POINT('',(-7.4999999999894,25.,9.20000000002013));
#3263=CARTESIAN_POINT('',(-6.39999999998939,25.,9.2000000000209));
#3264=CARTESIAN_POINT('',(-7.50000000000212,25.,14.0000000000046));
#3265=CARTESIAN_POINT('',(-7.50000000000212,25.,14.0000000000046));
#3266=CARTESIAN_POINT('',(-6.50000000000213,25.,15.0000000000046));
#3267=CARTESIAN_POINT('Origin',(-6.50000000000213,25.,14.0000000000046));
#3268=CARTESIAN_POINT('',(-1.69999999999309,25.,15.0000000000038));
#3269=CARTESIAN_POINT('',(6.50000000000375,25.,15.0000000000046));
#3270=CARTESIAN_POINT('',(-1.69999999999218,25.,13.9000000000038));
#3271=CARTESIAN_POINT('',(-1.69999999999309,25.,15.0000000000038));
#3272=CARTESIAN_POINT('',(-2.84999999999233,25.,13.9000000000076));
#3273=CARTESIAN_POINT('',(-1.69999999999218,25.,13.9000000000038));
#3274=CARTESIAN_POINT('',(-2.84999999998929,25.,11.3000000000076));
#3275=CARTESIAN_POINT('',(-2.84999999999233,25.,13.9000000000076));
#3276=CARTESIAN_POINT('',(-1.6999999999892,25.,10.2999999999984));
#3277=CARTESIAN_POINT('',(-2.84999999998929,25.,11.3000000000076));
#3278=CARTESIAN_POINT('',(-0.519615242259867,25.,10.2999999999983));
#3279=CARTESIAN_POINT('',(-1.6999999999892,25.,10.2999999999984));
#3280=CARTESIAN_POINT('',(-6.16173778666962E-13,25.,9.99999999999832));
#3281=CARTESIAN_POINT('',(-0.519615242259867,25.,10.2999999999983));
#3282=CARTESIAN_POINT('',(0.519615242281463,25.,10.2999999999983));
#3283=CARTESIAN_POINT('',(-6.16173778666962E-13,25.,9.99999999999832));
#3284=CARTESIAN_POINT('',(1.7000000000108,25.,10.2999999999983));
#3285=CARTESIAN_POINT('',(0.519615242281463,25.,10.2999999999983));
#3286=CARTESIAN_POINT('',(2.85000000000762,25.,11.2999999999983));
#3287=CARTESIAN_POINT('',(1.7000000000108,25.,10.2999999999983));
#3288=CARTESIAN_POINT('',(2.85000000000704,25.,13.8999999999983));
#3289=CARTESIAN_POINT('',(2.85000000000762,25.,11.2999999999983));
#3290=CARTESIAN_POINT('',(1.70000000000689,25.,13.9000000000037));
#3291=CARTESIAN_POINT('',(2.85000000000704,25.,13.8999999999983));
#3292=CARTESIAN_POINT('',(1.70000000000612,25.,15.0000000000037));
#3293=CARTESIAN_POINT('',(1.70000000000689,25.,13.9000000000037));
#3294=CARTESIAN_POINT('',(6.50000000000375,25.,15.0000000000046));
#3295=CARTESIAN_POINT('',(6.50000000000375,25.,15.0000000000046));
#3296=CARTESIAN_POINT('',(7.50000000000374,25.,14.0000000000044));
#3297=CARTESIAN_POINT('Origin',(6.50000000000375,25.,14.0000000000046));
#3298=CARTESIAN_POINT('',(7.49999999998977,25.,9.20000000000741));
#3299=CARTESIAN_POINT('',(7.49999999999933,25.,-13.9999999999904));
#3300=CARTESIAN_POINT('',(6.39999999998977,25.,9.2000000000065));
#3301=CARTESIAN_POINT('',(7.49999999998977,25.,9.20000000000741));
#3302=CARTESIAN_POINT('',(6.39999999999362,25.,10.3500000000067));
#3303=CARTESIAN_POINT('',(6.39999999998977,25.,9.2000000000065));
#3304=CARTESIAN_POINT('',(3.79999999999362,25.,10.3500000000036));
#3305=CARTESIAN_POINT('',(6.39999999999362,25.,10.3500000000067));
#3306=CARTESIAN_POINT('',(2.79999999998435,25.,9.20000000000352));
#3307=CARTESIAN_POINT('',(3.79999999999362,25.,10.3500000000036));
#3308=CARTESIAN_POINT('',(2.79999999998432,25.,8.01961524227419));
#3309=CARTESIAN_POINT('',(2.79999999998435,25.,9.20000000000352));
#3310=CARTESIAN_POINT('',(2.49999999998431,25.,7.50000000001494));
#3311=CARTESIAN_POINT('',(2.79999999998432,25.,8.01961524227419));
#3312=CARTESIAN_POINT('',(2.7999999999843,25.,6.98038475773286));
#3313=CARTESIAN_POINT('',(2.49999999998431,25.,7.50000000001494));
#3314=CARTESIAN_POINT('',(2.79999999998428,25.,5.80000000000353));
#3315=CARTESIAN_POINT('',(2.7999999999843,25.,6.98038475773286));
#3316=CARTESIAN_POINT('',(3.79999999998425,25.,4.65000000000671));
#3317=CARTESIAN_POINT('',(2.79999999998428,25.,5.80000000000353));
#3318=CARTESIAN_POINT('',(6.39999999998425,25.,4.65000000000728));
#3319=CARTESIAN_POINT('',(3.79999999998425,25.,4.65000000000671));
#3320=CARTESIAN_POINT('',(6.3999999999897,25.,5.80000000000743));
#3321=CARTESIAN_POINT('',(6.39999999998425,25.,4.65000000000728));
#3322=CARTESIAN_POINT('',(7.49999999998971,25.,5.8000000000082));
#3323=CARTESIAN_POINT('',(6.3999999999897,25.,5.80000000000743));
#3324=CARTESIAN_POINT('',(7.49999999998959,25.,-5.79999999999419));
#3325=CARTESIAN_POINT('',(7.49999999999933,25.,-13.9999999999904));
#3326=CARTESIAN_POINT('',(6.39999999998958,25.,-5.7999999999934));
#3327=CARTESIAN_POINT('',(6.39999999998958,25.,-5.7999999999934));
#3328=CARTESIAN_POINT('',(6.39999999998416,25.,-4.64999999999325));
#3329=CARTESIAN_POINT('',(6.39999999998416,25.,-4.64999999999325));
#3330=CARTESIAN_POINT('',(3.79999999998416,25.,-4.64999999999262));
#3331=CARTESIAN_POINT('',(3.79999999998416,25.,-4.64999999999262));
#3332=CARTESIAN_POINT('',(2.79999999998416,25.,-5.79999999998942));
#3333=CARTESIAN_POINT('',(2.79999999998416,25.,-5.79999999998942));
#3334=CARTESIAN_POINT('',(2.79999999998416,25.,-6.98038475771875));
#3335=CARTESIAN_POINT('',(2.79999999998416,25.,-6.98038475771875));
#3336=CARTESIAN_POINT('',(2.49999999998416,25.,-7.50000000000082));
#3337=CARTESIAN_POINT('',(2.49999999998416,25.,-7.50000000000082));
#3338=CARTESIAN_POINT('',(2.79999999998416,25.,-8.01961524226008));
#3339=CARTESIAN_POINT('',(2.79999999998416,25.,-8.01961524226008));
#3340=CARTESIAN_POINT('',(2.79999999998416,25.,-9.19999999998941));
#3341=CARTESIAN_POINT('',(2.79999999998416,25.,-9.19999999998942));
#3342=CARTESIAN_POINT('',(3.7999999999934,25.,-10.3499999999895));
#3343=CARTESIAN_POINT('',(3.7999999999934,25.,-10.3499999999895));
#3344=CARTESIAN_POINT('',(6.3999999999934,25.,-10.3499999999926));
#3345=CARTESIAN_POINT('',(6.3999999999934,25.,-10.3499999999926));
#3346=CARTESIAN_POINT('',(6.39999999998958,25.,-9.19999999999247));
#3347=CARTESIAN_POINT('',(6.39999999998958,25.,-9.19999999999247));
#3348=CARTESIAN_POINT('',(7.49999999998958,25.,-9.1999999999934));
#3349=CARTESIAN_POINT('',(7.49999999998958,25.,-9.1999999999934));
#3350=CARTESIAN_POINT('',(7.49999999999933,25.,-13.9999999999904));
#3351=CARTESIAN_POINT('',(7.49999999999933,25.,-13.9999999999904));
#3352=CARTESIAN_POINT('',(6.49999999999933,25.,-14.9999999999903));
#3353=CARTESIAN_POINT('Origin',(6.49999999999933,25.,-13.9999999999903));
#3354=CARTESIAN_POINT('',(1.70000000000581,25.,-14.9999999999896));
#3355=CARTESIAN_POINT('',(-6.50000000000213,25.,-14.9999999999903));
#3356=CARTESIAN_POINT('',(1.7000000000066,25.,-13.8999999999896));
#3357=CARTESIAN_POINT('',(1.7000000000066,25.,-13.8999999999896));
#3358=CARTESIAN_POINT('',(2.85000000000675,25.,-13.8999999999842));
#3359=CARTESIAN_POINT('',(2.85000000000675,25.,-13.8999999999842));
#3360=CARTESIAN_POINT('',(2.85000000000738,25.,-11.2999999999842));
#3361=CARTESIAN_POINT('',(2.85000000000738,25.,-11.2999999999842));
#3362=CARTESIAN_POINT('',(1.70000000001058,25.,-10.2999999999842));
#3363=CARTESIAN_POINT('',(1.70000000001058,25.,-10.2999999999842));
#3364=CARTESIAN_POINT('',(0.519615242281249,25.,-10.2999999999842));
#3365=CARTESIAN_POINT('',(0.519615242281249,25.,-10.2999999999842));
#3366=CARTESIAN_POINT('',(-8.23230372759554E-13,25.,-9.99999999998415));
#3367=CARTESIAN_POINT('',(-8.23287584646814E-13,25.,-9.99999999998415));
#3368=CARTESIAN_POINT('',(-0.51961524226008,25.,-10.2999999999842));
#3369=CARTESIAN_POINT('',(-0.51961524226008,25.,-10.2999999999842));
#3370=CARTESIAN_POINT('',(-1.69999999998942,25.,-10.2999999999842));
#3371=CARTESIAN_POINT('',(-1.69999999998942,25.,-10.2999999999842));
#3372=CARTESIAN_POINT('',(-2.84999999998952,25.,-11.2999999999934));
#3373=CARTESIAN_POINT('',(-2.84999999998952,25.,-11.2999999999934));
#3374=CARTESIAN_POINT('',(-2.84999999999262,25.,-13.8999999999934));
#3375=CARTESIAN_POINT('',(-2.84999999999262,25.,-13.8999999999934));
#3376=CARTESIAN_POINT('',(-1.69999999999247,25.,-13.8999999999896));
#3377=CARTESIAN_POINT('',(-1.69999999999247,25.,-13.8999999999896));
#3378=CARTESIAN_POINT('',(-1.6999999999934,25.,-14.9999999999896));
#3379=CARTESIAN_POINT('',(-1.6999999999934,25.,-14.9999999999896));
#3380=CARTESIAN_POINT('',(-6.50000000000213,25.,-14.9999999999903));
#3381=CARTESIAN_POINT('',(-6.50000000000213,25.,-14.9999999999903));
#3382=CARTESIAN_POINT('',(-7.50000000000215,25.,-13.9999999999903));
#3383=CARTESIAN_POINT('Origin',(-6.50000000000213,25.,-13.9999999999903));
#3384=CARTESIAN_POINT('',(-7.49999999998959,25.,-9.20000000000581));
#3385=CARTESIAN_POINT('',(-7.50000000000212,25.,14.0000000000046));
#3386=CARTESIAN_POINT('',(-6.39999999998958,25.,-9.2000000000066));
#3387=CARTESIAN_POINT('',(-6.39999999998958,25.,-9.2000000000066));
#3388=CARTESIAN_POINT('',(-6.39999999998416,25.,-10.3500000000067));
#3389=CARTESIAN_POINT('',(-6.39999999998958,25.,-9.2000000000066));
#3390=CARTESIAN_POINT('',(-3.79999999998415,25.,-10.3500000000074));
#3391=CARTESIAN_POINT('',(-3.79999999998415,25.,-10.3500000000074));
#3392=CARTESIAN_POINT('',(-2.79999999998416,25.,-9.20000000001058));
#3393=CARTESIAN_POINT('',(-2.79999999998416,25.,-9.20000000001058));
#3394=CARTESIAN_POINT('',(-2.79999999998416,25.,-8.01961524228125));
#3395=CARTESIAN_POINT('',(-2.79999999998416,25.,-8.01961524228125));
#3396=CARTESIAN_POINT('',(-2.49999999998416,25.,-7.49999999999917));
#3397=CARTESIAN_POINT('',(-2.49999999998416,25.,-7.49999999999917));
#3398=CARTESIAN_POINT('',(-2.79999999998416,25.,-6.98038475773992));
#3399=CARTESIAN_POINT('',(-2.79999999998416,25.,-6.98038475773992));
#3400=CARTESIAN_POINT('',(-2.79999999998416,25.,-5.80000000001058));
#3401=CARTESIAN_POINT('',(-2.79999999998416,25.,-5.80000000001058));
#3402=CARTESIAN_POINT('',(-3.7999999999934,25.,-4.65000000001048));
#3403=CARTESIAN_POINT('',(-3.7999999999934,25.,-4.65000000001048));
#3404=CARTESIAN_POINT('',(-6.3999999999934,25.,-4.65000000000738));
#3405=CARTESIAN_POINT('',(-6.3999999999934,25.,-4.65000000000738));
#3406=CARTESIAN_POINT('',(-6.39999999998958,25.,-5.80000000000753));
#3407=CARTESIAN_POINT('',(-6.39999999998958,25.,-5.80000000000753));
#3408=CARTESIAN_POINT('',(-7.49999999998958,25.,-5.8000000000066));
#3409=CARTESIAN_POINT('',(-7.49999999998958,25.,-5.8000000000066));
#3410=CARTESIAN_POINT('',(-7.49999999998946,25.,5.80000000002092));
#3411=CARTESIAN_POINT('',(-7.50000000000212,25.,14.0000000000046));
#3412=CARTESIAN_POINT('',(-6.39999999998946,25.,5.80000000002183));
#3413=CARTESIAN_POINT('',(-7.49999999998946,25.,5.80000000002092));
#3414=CARTESIAN_POINT('',(-6.39999999998946,25.,5.80000000002183));
#3415=CARTESIAN_POINT('Origin',(3.79999999998416,25.,-4.64999999999262));
#3416=CARTESIAN_POINT('',(3.7999999999845,25.,3.55000000000671));
#3417=CARTESIAN_POINT('',(3.7999999999845,25.,3.55000000000671));
#3418=CARTESIAN_POINT('Origin',(3.79999999998425,25.,4.65000000000671));
#3419=CARTESIAN_POINT('Origin',(-3.7999999999933,25.,4.65000000002472));
#3420=CARTESIAN_POINT('',(-3.79999999999209,25.,-3.55000000001048));
#3421=CARTESIAN_POINT('',(-6.39999999999209,25.,-3.55000000000738));
#3422=CARTESIAN_POINT('Origin',(-3.7999999999934,25.,-4.65000000001048));
#3423=CARTESIAN_POINT('',(-1.25,25.,-7.5));
#3424=CARTESIAN_POINT('Origin',(1.11022302462516E-15,25.,-7.5));
#3425=CARTESIAN_POINT('',(-1.25,25.,7.5));
#3426=CARTESIAN_POINT('Origin',(1.11022302462516E-15,25.,7.5));
#3427=CARTESIAN_POINT('Origin',(3.79999999998425,0.,4.65000000000671));
#3428=CARTESIAN_POINT('',(3.7999999999845,0.,3.55000000000671));
#3429=CARTESIAN_POINT('',(3.7999999999845,0.,3.55000000000671));
#3430=CARTESIAN_POINT('Origin',(3.79999999998425,0.,4.65000000000671));
#3431=CARTESIAN_POINT('Origin',(3.79999999998416,0.,-4.64999999999262));
#3432=CARTESIAN_POINT('Origin',(3.79999999998416,0.,-4.64999999999262));
#3433=CARTESIAN_POINT('Origin',(-3.7999999999934,0.,-4.65000000001048));
#3434=CARTESIAN_POINT('',(-3.79999999999209,0.,-3.55000000001048));
#3435=CARTESIAN_POINT('',(-3.79999999999209,0.,-3.55000000001048));
#3436=CARTESIAN_POINT('Origin',(-3.7999999999934,0.,-4.65000000001048));
#3437=CARTESIAN_POINT('Origin',(-3.7999999999933,0.,4.65000000002472));
#3438=CARTESIAN_POINT('Origin',(-3.7999999999933,0.,4.65000000002472));
#3439=CARTESIAN_POINT('Origin',(-6.39999999999202,0.,3.55000000002168));
#3440=CARTESIAN_POINT('',(-3.19999999999769,0.,3.55000000002542));
#3441=CARTESIAN_POINT('Origin',(6.39999999998442,0.,-3.54999999999325));
#3442=CARTESIAN_POINT('',(3.19999999999218,0.,-3.54999999999247));
#3443=CARTESIAN_POINT('Origin',(1.11022302462516E-15,0.,-7.5));
#3444=CARTESIAN_POINT('',(-1.25,0.,-7.5));
#3445=CARTESIAN_POINT('',(-1.25,0.,-7.5));
#3446=CARTESIAN_POINT('Origin',(1.11022302462516E-15,0.,-7.5));
#3447=CARTESIAN_POINT('Origin',(1.11022302462516E-15,0.,7.5));
#3448=CARTESIAN_POINT('',(-1.25,0.,7.5));
#3449=CARTESIAN_POINT('',(-1.25,0.,7.5));
#3450=CARTESIAN_POINT('Origin',(1.11022302462516E-15,0.,7.5));
#3451=CARTESIAN_POINT('Origin',(-6.50000000000213,0.,15.0000000000046));
#3452=CARTESIAN_POINT('',(-1.69999999999309,0.,15.0000000000038));
#3453=CARTESIAN_POINT('',(-6.50000000000213,0.,15.0000000000046));
#3454=CARTESIAN_POINT('',(6.50000000000375,0.,15.0000000000046));
#3455=CARTESIAN_POINT('',(-1.69999999999309,0.,15.0000000000038));
#3456=CARTESIAN_POINT('',(-6.50000000000213,0.,15.0000000000046));
#3457=CARTESIAN_POINT('Origin',(-6.50000000000213,0.,14.0000000000046));
#3458=CARTESIAN_POINT('',(-7.50000000000212,0.,14.0000000000046));
#3459=CARTESIAN_POINT('Origin',(-6.50000000000213,0.,14.0000000000046));
#3460=CARTESIAN_POINT('',(-7.50000000000212,0.,14.0000000000046));
#3461=CARTESIAN_POINT('Origin',(-7.50000000000212,0.,9.20000000002013));
#3462=CARTESIAN_POINT('',(-7.4999999999894,0.,9.20000000002013));
#3463=CARTESIAN_POINT('',(-7.50000000000212,0.,14.0000000000046));
#3464=CARTESIAN_POINT('',(-7.4999999999894,0.,9.20000000002013));
#3465=CARTESIAN_POINT('Origin',(-6.39999999998939,0.,9.2000000000209));
#3466=CARTESIAN_POINT('',(-6.39999999998939,0.,9.2000000000209));
#3467=CARTESIAN_POINT('',(-6.39999999998939,0.,9.2000000000209));
#3468=CARTESIAN_POINT('',(-6.39999999998939,0.,9.2000000000209));
#3469=CARTESIAN_POINT('Origin',(-6.39999999998394,0.,10.350000000021));
#3470=CARTESIAN_POINT('',(-6.39999999998394,0.,10.350000000021));
#3471=CARTESIAN_POINT('',(-6.39999999998939,0.,9.2000000000209));
#3472=CARTESIAN_POINT('',(-6.39999999998394,0.,10.350000000021));
#3473=CARTESIAN_POINT('Origin',(-3.79999999998394,0.,10.3500000000216));
#3474=CARTESIAN_POINT('',(-3.79999999998394,0.,10.3500000000216));
#3475=CARTESIAN_POINT('',(-3.79999999998394,0.,10.3500000000216));
#3476=CARTESIAN_POINT('',(-3.79999999998394,0.,10.3500000000216));
#3477=CARTESIAN_POINT('Origin',(-2.79999999998397,0.,9.20000000002481));
#3478=CARTESIAN_POINT('',(-2.79999999998397,0.,9.20000000002481));
#3479=CARTESIAN_POINT('',(-2.79999999998397,0.,9.20000000002481));
#3480=CARTESIAN_POINT('',(-2.79999999998397,0.,9.20000000002481));
#3481=CARTESIAN_POINT('Origin',(-2.79999999998399,0.,8.01961524229547));
#3482=CARTESIAN_POINT('',(-2.79999999998399,0.,8.01961524229547));
#3483=CARTESIAN_POINT('',(-2.79999999998399,0.,8.01961524229547));
#3484=CARTESIAN_POINT('',(-2.79999999998399,0.,8.01961524229547));
#3485=CARTESIAN_POINT('Origin',(-2.499999999984,0.,7.50000000001339));
#3486=CARTESIAN_POINT('',(-2.499999999984,0.,7.50000000001339));
#3487=CARTESIAN_POINT('',(-2.499999999984,0.,7.50000000001339));
#3488=CARTESIAN_POINT('',(-2.499999999984,0.,7.50000000001339));
#3489=CARTESIAN_POINT('Origin',(-2.79999999998401,0.,6.98038475775414));
#3490=CARTESIAN_POINT('',(-2.79999999998401,0.,6.98038475775414));
#3491=CARTESIAN_POINT('',(-2.79999999998401,0.,6.98038475775414));
#3492=CARTESIAN_POINT('',(-2.79999999998401,0.,6.98038475775414));
#3493=CARTESIAN_POINT('Origin',(-2.79999999998404,0.,5.80000000002481));
#3494=CARTESIAN_POINT('',(-2.79999999998404,0.,5.80000000002481));
#3495=CARTESIAN_POINT('',(-2.79999999998404,0.,5.80000000002481));
#3496=CARTESIAN_POINT('',(-2.79999999998404,0.,5.80000000002481));
#3497=CARTESIAN_POINT('Origin',(-3.7999999999933,0.,4.65000000002472));
#3498=CARTESIAN_POINT('',(-3.7999999999933,0.,4.65000000002472));
#3499=CARTESIAN_POINT('',(-3.7999999999933,0.,4.65000000002472));
#3500=CARTESIAN_POINT('',(-3.7999999999933,0.,4.65000000002472));
#3501=CARTESIAN_POINT('Origin',(-6.3999999999933,0.,4.65000000002168));
#3502=CARTESIAN_POINT('',(-6.3999999999933,0.,4.65000000002168));
#3503=CARTESIAN_POINT('',(-6.3999999999933,0.,4.65000000002168));
#3504=CARTESIAN_POINT('',(-6.3999999999933,0.,4.65000000002168));
#3505=CARTESIAN_POINT('Origin',(-6.39999999998946,0.,5.80000000002183));
#3506=CARTESIAN_POINT('',(-6.39999999998946,0.,5.80000000002183));
#3507=CARTESIAN_POINT('',(-6.39999999998946,0.,5.80000000002183));
#3508=CARTESIAN_POINT('',(-6.39999999998946,0.,5.80000000002183));
#3509=CARTESIAN_POINT('Origin',(-7.49999999998946,0.,5.80000000002092));
#3510=CARTESIAN_POINT('',(-7.49999999998946,0.,5.80000000002092));
#3511=CARTESIAN_POINT('',(-7.49999999998946,0.,5.80000000002092));
#3512=CARTESIAN_POINT('',(-7.49999999998946,0.,5.80000000002092));
#3513=CARTESIAN_POINT('Origin',(-7.50000000000212,0.,-5.8000000000066));
#3514=CARTESIAN_POINT('',(-7.49999999998958,0.,-5.8000000000066));
#3515=CARTESIAN_POINT('',(-7.50000000000212,0.,14.0000000000046));
#3516=CARTESIAN_POINT('',(-7.49999999998958,0.,-5.8000000000066));
#3517=CARTESIAN_POINT('Origin',(-6.39999999998958,0.,-5.80000000000753));
#3518=CARTESIAN_POINT('',(-6.39999999998958,0.,-5.80000000000753));
#3519=CARTESIAN_POINT('',(-7.49999999998958,0.,-5.8000000000066));
#3520=CARTESIAN_POINT('',(-6.39999999998958,0.,-5.80000000000753));
#3521=CARTESIAN_POINT('Origin',(-6.3999999999934,0.,-4.65000000000738));
#3522=CARTESIAN_POINT('',(-6.3999999999934,0.,-4.65000000000738));
#3523=CARTESIAN_POINT('',(-6.39999999998958,0.,-5.80000000000753));
#3524=CARTESIAN_POINT('',(-6.3999999999934,0.,-4.65000000000738));
#3525=CARTESIAN_POINT('Origin',(-3.7999999999934,0.,-4.65000000001048));
#3526=CARTESIAN_POINT('',(-3.7999999999934,0.,-4.65000000001048));
#3527=CARTESIAN_POINT('',(-6.3999999999934,0.,-4.65000000000738));
#3528=CARTESIAN_POINT('',(-3.7999999999934,0.,-4.65000000001048));
#3529=CARTESIAN_POINT('Origin',(-2.79999999998416,0.,-5.80000000001058));
#3530=CARTESIAN_POINT('',(-2.79999999998416,0.,-5.80000000001058));
#3531=CARTESIAN_POINT('',(-3.7999999999934,0.,-4.65000000001048));
#3532=CARTESIAN_POINT('',(-2.79999999998416,0.,-5.80000000001058));
#3533=CARTESIAN_POINT('Origin',(-2.79999999998416,0.,-6.98038475773992));
#3534=CARTESIAN_POINT('',(-2.79999999998416,0.,-6.98038475773992));
#3535=CARTESIAN_POINT('',(-2.79999999998416,0.,-5.80000000001058));
#3536=CARTESIAN_POINT('',(-2.79999999998416,0.,-6.98038475773992));
#3537=CARTESIAN_POINT('Origin',(-2.49999999998416,0.,-7.49999999999917));
#3538=CARTESIAN_POINT('',(-2.49999999998416,0.,-7.49999999999917));
#3539=CARTESIAN_POINT('',(-2.79999999998416,0.,-6.98038475773992));
#3540=CARTESIAN_POINT('',(-2.49999999998416,0.,-7.49999999999917));
#3541=CARTESIAN_POINT('Origin',(-2.79999999998416,0.,-8.01961524228125));
#3542=CARTESIAN_POINT('',(-2.79999999998416,0.,-8.01961524228125));
#3543=CARTESIAN_POINT('',(-2.49999999998416,0.,-7.49999999999917));
#3544=CARTESIAN_POINT('',(-2.79999999998416,0.,-8.01961524228125));
#3545=CARTESIAN_POINT('Origin',(-2.79999999998416,0.,-9.20000000001058));
#3546=CARTESIAN_POINT('',(-2.79999999998416,0.,-9.20000000001058));
#3547=CARTESIAN_POINT('',(-2.79999999998416,0.,-8.01961524228125));
#3548=CARTESIAN_POINT('',(-2.79999999998416,0.,-9.20000000001058));
#3549=CARTESIAN_POINT('Origin',(-3.79999999998415,0.,-10.3500000000074));
#3550=CARTESIAN_POINT('',(-3.79999999998415,0.,-10.3500000000074));
#3551=CARTESIAN_POINT('',(-2.79999999998416,0.,-9.20000000001058));
#3552=CARTESIAN_POINT('',(-3.79999999998415,0.,-10.3500000000074));
#3553=CARTESIAN_POINT('Origin',(-6.39999999998416,0.,-10.3500000000067));
#3554=CARTESIAN_POINT('',(-6.39999999998416,0.,-10.3500000000067));
#3555=CARTESIAN_POINT('',(-3.79999999998415,0.,-10.3500000000074));
#3556=CARTESIAN_POINT('',(-6.39999999998416,0.,-10.3500000000067));
#3557=CARTESIAN_POINT('Origin',(-6.39999999998958,0.,-9.2000000000066));
#3558=CARTESIAN_POINT('',(-6.39999999998958,0.,-9.2000000000066));
#3559=CARTESIAN_POINT('',(-6.39999999998958,0.,-9.2000000000066));
#3560=CARTESIAN_POINT('',(-6.39999999998958,0.,-9.2000000000066));
#3561=CARTESIAN_POINT('Origin',(-7.49999999998959,0.,-9.20000000000581));
#3562=CARTESIAN_POINT('',(-7.49999999998959,0.,-9.20000000000581));
#3563=CARTESIAN_POINT('',(-6.39999999998958,0.,-9.2000000000066));
#3564=CARTESIAN_POINT('',(-7.49999999998959,0.,-9.20000000000581));
#3565=CARTESIAN_POINT('Origin',(-7.50000000000212,0.,-13.9999999999903));
#3566=CARTESIAN_POINT('',(-7.50000000000215,0.,-13.9999999999903));
#3567=CARTESIAN_POINT('',(-7.50000000000212,0.,14.0000000000046));
#3568=CARTESIAN_POINT('',(-7.50000000000215,0.,-13.9999999999903));
#3569=CARTESIAN_POINT('Origin',(-6.50000000000213,0.,-13.9999999999903));
#3570=CARTESIAN_POINT('',(-6.50000000000213,0.,-14.9999999999903));
#3571=CARTESIAN_POINT('Origin',(-6.50000000000213,0.,-13.9999999999903));
#3572=CARTESIAN_POINT('',(-6.50000000000213,0.,-14.9999999999903));
#3573=CARTESIAN_POINT('Origin',(-1.6999999999934,0.,-14.9999999999903));
#3574=CARTESIAN_POINT('',(-1.6999999999934,0.,-14.9999999999896));
#3575=CARTESIAN_POINT('',(-6.50000000000213,0.,-14.9999999999903));
#3576=CARTESIAN_POINT('',(-1.6999999999934,0.,-14.9999999999896));
#3577=CARTESIAN_POINT('Origin',(-1.69999999999247,0.,-13.8999999999896));
#3578=CARTESIAN_POINT('',(-1.69999999999247,0.,-13.8999999999896));
#3579=CARTESIAN_POINT('',(-1.6999999999934,0.,-14.9999999999896));
#3580=CARTESIAN_POINT('',(-1.69999999999247,0.,-13.8999999999896));
#3581=CARTESIAN_POINT('Origin',(-2.84999999999262,0.,-13.8999999999934));
#3582=CARTESIAN_POINT('',(-2.84999999999262,0.,-13.8999999999934));
#3583=CARTESIAN_POINT('',(-1.69999999999247,0.,-13.8999999999896));
#3584=CARTESIAN_POINT('',(-2.84999999999262,0.,-13.8999999999934));
#3585=CARTESIAN_POINT('Origin',(-2.84999999998952,0.,-11.2999999999934));
#3586=CARTESIAN_POINT('',(-2.84999999998952,0.,-11.2999999999934));
#3587=CARTESIAN_POINT('',(-2.84999999999262,0.,-13.8999999999934));
#3588=CARTESIAN_POINT('',(-2.84999999998952,0.,-11.2999999999934));
#3589=CARTESIAN_POINT('Origin',(-1.69999999998942,0.,-10.2999999999842));
#3590=CARTESIAN_POINT('',(-1.69999999998942,0.,-10.2999999999842));
#3591=CARTESIAN_POINT('',(-2.84999999998952,0.,-11.2999999999934));
#3592=CARTESIAN_POINT('',(-1.69999999998942,0.,-10.2999999999842));
#3593=CARTESIAN_POINT('Origin',(-0.51961524226008,0.,-10.2999999999842));
#3594=CARTESIAN_POINT('',(-0.51961524226008,0.,-10.2999999999842));
#3595=CARTESIAN_POINT('',(-1.69999999998942,0.,-10.2999999999842));
#3596=CARTESIAN_POINT('',(-0.51961524226008,0.,-10.2999999999842));
#3597=CARTESIAN_POINT('Origin',(-8.23299761698593E-13,0.,-9.99999999998415));
#3598=CARTESIAN_POINT('',(-8.23287584646814E-13,0.,-9.99999999998415));
#3599=CARTESIAN_POINT('',(-0.51961524226008,0.,-10.2999999999842));
#3600=CARTESIAN_POINT('',(-8.23287584646814E-13,0.,-9.99999999998415));
#3601=CARTESIAN_POINT('Origin',(0.519615242281249,0.,-10.2999999999842));
#3602=CARTESIAN_POINT('',(0.519615242281249,0.,-10.2999999999842));
#3603=CARTESIAN_POINT('',(-8.23287584646814E-13,0.,-9.99999999998415));
#3604=CARTESIAN_POINT('',(0.519615242281249,0.,-10.2999999999842));
#3605=CARTESIAN_POINT('Origin',(1.70000000001058,0.,-10.2999999999842));
#3606=CARTESIAN_POINT('',(1.70000000001058,0.,-10.2999999999842));
#3607=CARTESIAN_POINT('',(0.519615242281249,0.,-10.2999999999842));
#3608=CARTESIAN_POINT('',(1.70000000001058,0.,-10.2999999999842));
#3609=CARTESIAN_POINT('Origin',(2.85000000000738,0.,-11.2999999999842));
#3610=CARTESIAN_POINT('',(2.85000000000738,0.,-11.2999999999842));
#3611=CARTESIAN_POINT('',(1.70000000001058,0.,-10.2999999999842));
#3612=CARTESIAN_POINT('',(2.85000000000738,0.,-11.2999999999842));
#3613=CARTESIAN_POINT('Origin',(2.85000000000675,0.,-13.8999999999842));
#3614=CARTESIAN_POINT('',(2.85000000000675,0.,-13.8999999999842));
#3615=CARTESIAN_POINT('',(2.85000000000738,0.,-11.2999999999842));
#3616=CARTESIAN_POINT('',(2.85000000000675,0.,-13.8999999999842));
#3617=CARTESIAN_POINT('Origin',(1.7000000000066,0.,-13.8999999999896));
#3618=CARTESIAN_POINT('',(1.7000000000066,0.,-13.8999999999896));
#3619=CARTESIAN_POINT('',(2.85000000000675,0.,-13.8999999999842));
#3620=CARTESIAN_POINT('',(1.7000000000066,0.,-13.8999999999896));
#3621=CARTESIAN_POINT('Origin',(1.70000000000581,0.,-14.9999999999896));
#3622=CARTESIAN_POINT('',(1.70000000000581,0.,-14.9999999999896));
#3623=CARTESIAN_POINT('',(1.7000000000066,0.,-13.8999999999896));
#3624=CARTESIAN_POINT('',(1.70000000000581,0.,-14.9999999999896));
#3625=CARTESIAN_POINT('Origin',(6.49999999999933,0.,-14.9999999999903));
#3626=CARTESIAN_POINT('',(6.49999999999933,0.,-14.9999999999903));
#3627=CARTESIAN_POINT('',(-6.50000000000213,0.,-14.9999999999903));
#3628=CARTESIAN_POINT('',(6.49999999999933,0.,-14.9999999999903));
#3629=CARTESIAN_POINT('Origin',(6.49999999999933,0.,-13.9999999999903));
#3630=CARTESIAN_POINT('',(7.49999999999933,0.,-13.9999999999904));
#3631=CARTESIAN_POINT('Origin',(6.49999999999933,0.,-13.9999999999903));
#3632=CARTESIAN_POINT('',(7.49999999999933,0.,-13.9999999999904));
#3633=CARTESIAN_POINT('Origin',(7.50000000000008,0.,-9.1999999999934));
#3634=CARTESIAN_POINT('',(7.49999999998958,0.,-9.1999999999934));
#3635=CARTESIAN_POINT('',(7.49999999999933,0.,-13.9999999999904));
#3636=CARTESIAN_POINT('',(7.49999999998958,0.,-9.1999999999934));
#3637=CARTESIAN_POINT('Origin',(6.39999999998958,0.,-9.19999999999247));
#3638=CARTESIAN_POINT('',(6.39999999998958,0.,-9.19999999999247));
#3639=CARTESIAN_POINT('',(7.49999999998958,0.,-9.1999999999934));
#3640=CARTESIAN_POINT('',(6.39999999998958,0.,-9.19999999999247));
#3641=CARTESIAN_POINT('Origin',(6.3999999999934,0.,-10.3499999999926));
#3642=CARTESIAN_POINT('',(6.3999999999934,0.,-10.3499999999926));
#3643=CARTESIAN_POINT('',(6.39999999998958,0.,-9.19999999999247));
#3644=CARTESIAN_POINT('',(6.3999999999934,0.,-10.3499999999926));
#3645=CARTESIAN_POINT('Origin',(3.7999999999934,0.,-10.3499999999895));
#3646=CARTESIAN_POINT('',(3.7999999999934,0.,-10.3499999999895));
#3647=CARTESIAN_POINT('',(6.3999999999934,0.,-10.3499999999926));
#3648=CARTESIAN_POINT('',(3.7999999999934,0.,-10.3499999999895));
#3649=CARTESIAN_POINT('Origin',(2.79999999998416,0.,-9.19999999998942));
#3650=CARTESIAN_POINT('',(2.79999999998416,0.,-9.19999999998942));
#3651=CARTESIAN_POINT('',(3.7999999999934,0.,-10.3499999999895));
#3652=CARTESIAN_POINT('',(2.79999999998416,0.,-9.19999999998942));
#3653=CARTESIAN_POINT('Origin',(2.79999999998416,0.,-8.01961524226008));
#3654=CARTESIAN_POINT('',(2.79999999998416,0.,-8.01961524226008));
#3655=CARTESIAN_POINT('',(2.79999999998416,0.,-9.19999999998942));
#3656=CARTESIAN_POINT('',(2.79999999998416,0.,-8.01961524226008));
#3657=CARTESIAN_POINT('Origin',(2.49999999998416,0.,-7.50000000000082));
#3658=CARTESIAN_POINT('',(2.49999999998416,0.,-7.50000000000082));
#3659=CARTESIAN_POINT('',(2.79999999998416,0.,-8.01961524226008));
#3660=CARTESIAN_POINT('',(2.49999999998416,0.,-7.50000000000082));
#3661=CARTESIAN_POINT('Origin',(2.79999999998416,0.,-6.98038475771875));
#3662=CARTESIAN_POINT('',(2.79999999998416,0.,-6.98038475771875));
#3663=CARTESIAN_POINT('',(2.49999999998416,0.,-7.50000000000082));
#3664=CARTESIAN_POINT('',(2.79999999998416,0.,-6.98038475771875));
#3665=CARTESIAN_POINT('Origin',(2.79999999998416,0.,-5.79999999998942));
#3666=CARTESIAN_POINT('',(2.79999999998416,0.,-5.79999999998942));
#3667=CARTESIAN_POINT('',(2.79999999998416,0.,-6.98038475771875));
#3668=CARTESIAN_POINT('',(2.79999999998416,0.,-5.79999999998942));
#3669=CARTESIAN_POINT('Origin',(3.79999999998416,0.,-4.64999999999262));
#3670=CARTESIAN_POINT('',(3.79999999998416,0.,-4.64999999999262));
#3671=CARTESIAN_POINT('',(2.79999999998416,0.,-5.79999999998942));
#3672=CARTESIAN_POINT('',(3.79999999998416,0.,-4.64999999999262));
#3673=CARTESIAN_POINT('Origin',(6.39999999998416,0.,-4.64999999999325));
#3674=CARTESIAN_POINT('',(6.39999999998416,0.,-4.64999999999325));
#3675=CARTESIAN_POINT('',(3.79999999998416,0.,-4.64999999999262));
#3676=CARTESIAN_POINT('',(6.39999999998416,0.,-4.64999999999325));
#3677=CARTESIAN_POINT('Origin',(6.39999999998958,0.,-5.7999999999934));
#3678=CARTESIAN_POINT('',(6.39999999998958,0.,-5.7999999999934));
#3679=CARTESIAN_POINT('',(6.39999999998416,0.,-4.64999999999325));
#3680=CARTESIAN_POINT('',(6.39999999998958,0.,-5.7999999999934));
#3681=CARTESIAN_POINT('Origin',(7.49999999998959,0.,-5.79999999999419));
#3682=CARTESIAN_POINT('',(7.49999999998959,0.,-5.79999999999419));
#3683=CARTESIAN_POINT('',(6.39999999998958,0.,-5.7999999999934));
#3684=CARTESIAN_POINT('',(7.49999999998959,0.,-5.79999999999419));
#3685=CARTESIAN_POINT('Origin',(7.50000000000245,0.,5.8000000000082));
#3686=CARTESIAN_POINT('',(7.49999999998971,0.,5.8000000000082));
#3687=CARTESIAN_POINT('',(7.49999999998971,0.,5.8000000000082));
#3688=CARTESIAN_POINT('',(7.49999999999933,0.,-13.9999999999904));
#3689=CARTESIAN_POINT('Origin',(6.3999999999897,0.,5.80000000000743));
#3690=CARTESIAN_POINT('',(6.3999999999897,0.,5.80000000000743));
#3691=CARTESIAN_POINT('',(6.3999999999897,0.,5.80000000000743));
#3692=CARTESIAN_POINT('',(6.3999999999897,0.,5.80000000000743));
#3693=CARTESIAN_POINT('Origin',(6.39999999998425,0.,4.65000000000728));
#3694=CARTESIAN_POINT('',(6.39999999998425,0.,4.65000000000728));
#3695=CARTESIAN_POINT('',(6.39999999998425,0.,4.65000000000728));
#3696=CARTESIAN_POINT('',(6.39999999998425,0.,4.65000000000728));
#3697=CARTESIAN_POINT('Origin',(3.79999999998425,0.,4.65000000000671));
#3698=CARTESIAN_POINT('',(3.79999999998425,0.,4.65000000000671));
#3699=CARTESIAN_POINT('',(3.79999999998425,0.,4.65000000000671));
#3700=CARTESIAN_POINT('',(3.79999999998425,0.,4.65000000000671));
#3701=CARTESIAN_POINT('Origin',(2.79999999998428,0.,5.80000000000353));
#3702=CARTESIAN_POINT('',(2.79999999998428,0.,5.80000000000353));
#3703=CARTESIAN_POINT('',(2.79999999998428,0.,5.80000000000353));
#3704=CARTESIAN_POINT('',(2.79999999998428,0.,5.80000000000353));
#3705=CARTESIAN_POINT('Origin',(2.7999999999843,0.,6.98038475773286));
#3706=CARTESIAN_POINT('',(2.7999999999843,0.,6.98038475773286));
#3707=CARTESIAN_POINT('',(2.7999999999843,0.,6.98038475773286));
#3708=CARTESIAN_POINT('',(2.7999999999843,0.,6.98038475773286));
#3709=CARTESIAN_POINT('Origin',(2.49999999998431,0.,7.50000000001494));
#3710=CARTESIAN_POINT('',(2.49999999998431,0.,7.50000000001494));
#3711=CARTESIAN_POINT('',(2.49999999998431,0.,7.50000000001494));
#3712=CARTESIAN_POINT('',(2.49999999998431,0.,7.50000000001494));
#3713=CARTESIAN_POINT('Origin',(2.79999999998432,0.,8.01961524227419));
#3714=CARTESIAN_POINT('',(2.79999999998432,0.,8.01961524227419));
#3715=CARTESIAN_POINT('',(2.79999999998432,0.,8.01961524227419));
#3716=CARTESIAN_POINT('',(2.79999999998432,0.,8.01961524227419));
#3717=CARTESIAN_POINT('Origin',(2.79999999998435,0.,9.20000000000352));
#3718=CARTESIAN_POINT('',(2.79999999998435,0.,9.20000000000352));
#3719=CARTESIAN_POINT('',(2.79999999998435,0.,9.20000000000352));
#3720=CARTESIAN_POINT('',(2.79999999998435,0.,9.20000000000352));
#3721=CARTESIAN_POINT('Origin',(3.79999999999362,0.,10.3500000000036));
#3722=CARTESIAN_POINT('',(3.79999999999362,0.,10.3500000000036));
#3723=CARTESIAN_POINT('',(3.79999999999362,0.,10.3500000000036));
#3724=CARTESIAN_POINT('',(3.79999999999362,0.,10.3500000000036));
#3725=CARTESIAN_POINT('Origin',(6.39999999999362,0.,10.3500000000067));
#3726=CARTESIAN_POINT('',(6.39999999999362,0.,10.3500000000067));
#3727=CARTESIAN_POINT('',(6.39999999999362,0.,10.3500000000067));
#3728=CARTESIAN_POINT('',(6.39999999999362,0.,10.3500000000067));
#3729=CARTESIAN_POINT('Origin',(6.39999999998977,0.,9.2000000000065));
#3730=CARTESIAN_POINT('',(6.39999999998977,0.,9.2000000000065));
#3731=CARTESIAN_POINT('',(6.39999999998977,0.,9.2000000000065));
#3732=CARTESIAN_POINT('',(6.39999999998977,0.,9.2000000000065));
#3733=CARTESIAN_POINT('Origin',(7.49999999998977,0.,9.20000000000741));
#3734=CARTESIAN_POINT('',(7.49999999998977,0.,9.20000000000741));
#3735=CARTESIAN_POINT('',(7.49999999998977,0.,9.20000000000741));
#3736=CARTESIAN_POINT('',(7.49999999998977,0.,9.20000000000741));
#3737=CARTESIAN_POINT('Origin',(7.50000000000374,0.,14.0000000000044));
#3738=CARTESIAN_POINT('',(7.50000000000374,0.,14.0000000000044));
#3739=CARTESIAN_POINT('',(7.49999999999933,0.,-13.9999999999904));
#3740=CARTESIAN_POINT('',(7.50000000000374,0.,14.0000000000044));
#3741=CARTESIAN_POINT('Origin',(6.50000000000375,0.,14.0000000000046));
#3742=CARTESIAN_POINT('',(6.50000000000375,0.,15.0000000000046));
#3743=CARTESIAN_POINT('Origin',(6.50000000000375,0.,14.0000000000046));
#3744=CARTESIAN_POINT('',(6.50000000000375,0.,15.0000000000046));
#3745=CARTESIAN_POINT('Origin',(1.70000000000612,0.,15.0000000000046));
#3746=CARTESIAN_POINT('',(1.70000000000612,0.,15.0000000000037));
#3747=CARTESIAN_POINT('',(6.50000000000375,0.,15.0000000000046));
#3748=CARTESIAN_POINT('',(1.70000000000612,0.,15.0000000000037));
#3749=CARTESIAN_POINT('Origin',(1.70000000000689,0.,13.9000000000037));
#3750=CARTESIAN_POINT('',(1.70000000000689,0.,13.9000000000037));
#3751=CARTESIAN_POINT('',(1.70000000000689,0.,13.9000000000037));
#3752=CARTESIAN_POINT('',(1.70000000000689,0.,13.9000000000037));
#3753=CARTESIAN_POINT('Origin',(2.85000000000704,0.,13.8999999999983));
#3754=CARTESIAN_POINT('',(2.85000000000704,0.,13.8999999999983));
#3755=CARTESIAN_POINT('',(2.85000000000704,0.,13.8999999999983));
#3756=CARTESIAN_POINT('',(2.85000000000704,0.,13.8999999999983));
#3757=CARTESIAN_POINT('Origin',(2.85000000000762,0.,11.2999999999983));
#3758=CARTESIAN_POINT('',(2.85000000000762,0.,11.2999999999983));
#3759=CARTESIAN_POINT('',(2.85000000000762,0.,11.2999999999983));
#3760=CARTESIAN_POINT('',(2.85000000000762,0.,11.2999999999983));
#3761=CARTESIAN_POINT('Origin',(1.7000000000108,0.,10.2999999999983));
#3762=CARTESIAN_POINT('',(1.7000000000108,0.,10.2999999999983));
#3763=CARTESIAN_POINT('',(1.7000000000108,0.,10.2999999999983));
#3764=CARTESIAN_POINT('',(1.7000000000108,0.,10.2999999999983));
#3765=CARTESIAN_POINT('Origin',(0.519615242281463,0.,10.2999999999983));
#3766=CARTESIAN_POINT('',(0.519615242281463,0.,10.2999999999983));
#3767=CARTESIAN_POINT('',(0.519615242281463,0.,10.2999999999983));
#3768=CARTESIAN_POINT('',(0.519615242281463,0.,10.2999999999983));
#3769=CARTESIAN_POINT('Origin',(-6.16173778666962E-13,0.,9.99999999999832));
#3770=CARTESIAN_POINT('',(-6.16173778666962E-13,0.,9.99999999999832));
#3771=CARTESIAN_POINT('',(-6.16173778666962E-13,0.,9.99999999999832));
#3772=CARTESIAN_POINT('',(-6.16173778666962E-13,0.,9.99999999999832));
#3773=CARTESIAN_POINT('Origin',(-0.519615242259867,0.,10.2999999999983));
#3774=CARTESIAN_POINT('',(-0.519615242259867,0.,10.2999999999983));
#3775=CARTESIAN_POINT('',(-0.519615242259867,0.,10.2999999999983));
#3776=CARTESIAN_POINT('',(-0.519615242259867,0.,10.2999999999983));
#3777=CARTESIAN_POINT('Origin',(-1.6999999999892,0.,10.2999999999984));
#3778=CARTESIAN_POINT('',(-1.6999999999892,0.,10.2999999999984));
#3779=CARTESIAN_POINT('',(-1.6999999999892,0.,10.2999999999984));
#3780=CARTESIAN_POINT('',(-1.6999999999892,0.,10.2999999999984));
#3781=CARTESIAN_POINT('Origin',(-2.84999999998929,0.,11.3000000000076));
#3782=CARTESIAN_POINT('',(-2.84999999998929,0.,11.3000000000076));
#3783=CARTESIAN_POINT('',(-2.84999999998929,0.,11.3000000000076));
#3784=CARTESIAN_POINT('',(-2.84999999998929,0.,11.3000000000076));
#3785=CARTESIAN_POINT('Origin',(-2.84999999999233,0.,13.9000000000076));
#3786=CARTESIAN_POINT('',(-2.84999999999233,0.,13.9000000000076));
#3787=CARTESIAN_POINT('',(-2.84999999999233,0.,13.9000000000076));
#3788=CARTESIAN_POINT('',(-2.84999999999233,0.,13.9000000000076));
#3789=CARTESIAN_POINT('Origin',(-1.69999999999218,0.,13.9000000000038));
#3790=CARTESIAN_POINT('',(-1.69999999999218,0.,13.9000000000038));
#3791=CARTESIAN_POINT('',(-1.69999999999218,0.,13.9000000000038));
#3792=CARTESIAN_POINT('',(-1.69999999999218,0.,13.9000000000038));
#3793=CARTESIAN_POINT('Origin',(-1.69999999999309,0.,15.0000000000038));
#3794=CARTESIAN_POINT('',(-1.69999999999309,0.,15.0000000000038));
#3795=CARTESIAN_POINT('Origin',(7.98250354705488E-13,0.,7.13207271019201E-12));
#3796=UNCERTAINTY_MEASURE_WITH_UNIT(LENGTH_MEASURE(0.01),#3800,
'DISTANCE_ACCURACY_VALUE',
'Maximum model space distance between geometric entities at asserted c
onnectivities');
#3797=UNCERTAINTY_MEASURE_WITH_UNIT(LENGTH_MEASURE(0.01),#3800,
'DISTANCE_ACCURACY_VALUE',
'Maximum model space distance between geometric entities at asserted c
onnectivities');
#3798=(
GEOMETRIC_REPRESENTATION_CONTEXT(3)
GLOBAL_UNCERTAINTY_ASSIGNED_CONTEXT((#3796))
GLOBAL_UNIT_ASSIGNED_CONTEXT((#3800,#3802,#3803))
REPRESENTATION_CONTEXT('','3D')
);
#3799=(
GEOMETRIC_REPRESENTATION_CONTEXT(3)
GLOBAL_UNCERTAINTY_ASSIGNED_CONTEXT((#3797))
GLOBAL_UNIT_ASSIGNED_CONTEXT((#3800,#3802,#3803))
REPRESENTATION_CONTEXT('','3D')
);
#3800=(
LENGTH_UNIT()
NAMED_UNIT(*)
SI_UNIT(.MILLI.,.METRE.)
);
#3801=(
LENGTH_UNIT()
NAMED_UNIT(*)
SI_UNIT($,.METRE.)
);
#3802=(
NAMED_UNIT(*)
PLANE_ANGLE_UNIT()
SI_UNIT($,.RADIAN.)
);
#3803=(
NAMED_UNIT(*)
SI_UNIT($,.STERADIAN.)
SOLID_ANGLE_UNIT()
);
#3804=SHAPE_DEFINITION_REPRESENTATION(#3805,#3806);
#3805=PRODUCT_DEFINITION_SHAPE('',$,#3808);
#3806=SHAPE_REPRESENTATION('',(#2360),#3798);
#3807=PRODUCT_DEFINITION_CONTEXT('part definition',#3812,'design');
#3808=PRODUCT_DEFINITION('Misumi 1530','Misumi 1530 v3',#3809,#3807);
#3809=PRODUCT_DEFINITION_FORMATION('',$,#3814);
#3810=PRODUCT_RELATED_PRODUCT_CATEGORY('Misumi 1530 v3',
'Misumi 1530 v3',(#3814));
#3811=APPLICATION_PROTOCOL_DEFINITION('international standard',
'automotive_design',2009,#3812);
#3812=APPLICATION_CONTEXT(
'Core Data for Automotive Mechanical Design Process');
#3813=PRODUCT_CONTEXT('part definition',#3812,'mechanical');
#3814=PRODUCT('Misumi 1530','Misumi 1530 v3',$,(#3813));
#3815=PRESENTATION_STYLE_ASSIGNMENT((#3816));
#3816=SURFACE_STYLE_USAGE(.BOTH.,#3817);
#3817=SURFACE_SIDE_STYLE('',(#3818));
#3818=SURFACE_STYLE_FILL_AREA(#3819);
#3819=FILL_AREA_STYLE('Steel - Satin',(#3820));
#3820=FILL_AREA_STYLE_COLOUR('Steel - Satin',#3821);
#3821=COLOUR_RGB('Steel - Satin',0.627450980392157,0.627450980392157,0.627450980392157);
ENDSEC;
END-ISO-10303-21;
