ISO-10303-21;
HEADER;
/* Generated by software containing ST-Developer
 * from STEP Tools, Inc. (www.steptools.com) 
 */

FILE_DESCRIPTION(
/* description */ (''),
/* implementation_level */ '2;1');

FILE_NAME(
/* name */ 'Misumi 3030 Base 15 v5.step',
/* time_stamp */ '2025-05-19T23:55:53-07:00',
/* author */ (''),
/* organization */ (''),
/* preprocessor_version */ 'ST-DEVELOPER v20.1',
/* originating_system */ 'Autodesk Translation Framework v14.4.0.0',
/* authorisation */ '');

FILE_SCHEMA (('AUTOMOTIVE_DESIGN { 1 0 10303 214 3 1 1 }'));
ENDSEC;

DATA;
#10=MECHANICAL_DESIGN_GEOMETRIC_PRESENTATION_REPRESENTATION('',(#13),#5555);
#11=SHAPE_REPRESENTATION_RELATIONSHIP('SRR','None',#5562,#12);
#12=ADVANCED_BREP_SHAPE_REPRESENTATION('',(#14),#5554);
#13=STYLED_ITEM('',(#5571),#14);
#14=MANIFOLD_SOLID_BREP('Body1',#3415);
#15=CYLINDRICAL_SURFACE('',#3466,1.1);
#16=CYLINDRICAL_SURFACE('',#3468,2.35);
#17=CYLINDRICAL_SURFACE('',#3470,1.1);
#18=CYLINDRICAL_SURFACE('',#3472,1.1);
#19=CYLINDRICAL_SURFACE('',#3475,1.1);
#20=CYLINDRICAL_SURFACE('',#3478,1.1);
#21=CYLINDRICAL_SURFACE('',#3480,2.35);
#22=CYLINDRICAL_SURFACE('',#3482,1.1);
#23=CYLINDRICAL_SURFACE('',#3485,1.1);
#24=CYLINDRICAL_SURFACE('',#3488,1.1);
#25=CYLINDRICAL_SURFACE('',#3491,1.1);
#26=CYLINDRICAL_SURFACE('',#3493,2.35);
#27=CYLINDRICAL_SURFACE('',#3495,1.1);
#28=CYLINDRICAL_SURFACE('',#3498,1.1);
#29=CYLINDRICAL_SURFACE('',#3501,1.1);
#30=CYLINDRICAL_SURFACE('',#3504,1.1);
#31=CYLINDRICAL_SURFACE('',#3506,2.35);
#32=CYLINDRICAL_SURFACE('',#3508,1.1);
#33=CYLINDRICAL_SURFACE('',#3511,1.1);
#34=CYLINDRICAL_SURFACE('',#3514,1.1);
#35=CYLINDRICAL_SURFACE('',#3517,1.1);
#36=CYLINDRICAL_SURFACE('',#3519,1.1);
#37=CYLINDRICAL_SURFACE('',#3521,1.1);
#38=CYLINDRICAL_SURFACE('',#3523,1.1);
#39=CYLINDRICAL_SURFACE('',#3525,1.1);
#40=CYLINDRICAL_SURFACE('',#3527,1.1);
#41=CYLINDRICAL_SURFACE('',#3529,1.1);
#42=CYLINDRICAL_SURFACE('',#3531,1.1);
#43=CYLINDRICAL_SURFACE('',#3542,1.25);
#44=CYLINDRICAL_SURFACE('',#3544,1.25);
#45=CYLINDRICAL_SURFACE('',#3546,1.25);
#46=CYLINDRICAL_SURFACE('',#3548,1.25);
#47=CYLINDRICAL_SURFACE('',#3551,1.);
#48=CYLINDRICAL_SURFACE('',#3580,0.999999999999992);
#49=CYLINDRICAL_SURFACE('',#3609,0.99999999999999);
#50=CYLINDRICAL_SURFACE('',#3638,1.);
#51=FACE_BOUND('',#228,.T.);
#52=FACE_BOUND('',#229,.T.);
#53=FACE_BOUND('',#230,.T.);
#54=FACE_BOUND('',#231,.T.);
#55=FACE_BOUND('',#232,.T.);
#56=FACE_BOUND('',#398,.T.);
#57=FACE_BOUND('',#399,.T.);
#58=FACE_BOUND('',#400,.T.);
#59=FACE_BOUND('',#401,.T.);
#60=FACE_BOUND('',#402,.T.);
#61=FACE_OUTER_BOUND('',#227,.T.);
#62=FACE_OUTER_BOUND('',#233,.T.);
#63=FACE_OUTER_BOUND('',#234,.T.);
#64=FACE_OUTER_BOUND('',#235,.T.);
#65=FACE_OUTER_BOUND('',#236,.T.);
#66=FACE_OUTER_BOUND('',#237,.T.);
#67=FACE_OUTER_BOUND('',#238,.T.);
#68=FACE_OUTER_BOUND('',#239,.T.);
#69=FACE_OUTER_BOUND('',#240,.T.);
#70=FACE_OUTER_BOUND('',#241,.T.);
#71=FACE_OUTER_BOUND('',#242,.T.);
#72=FACE_OUTER_BOUND('',#243,.T.);
#73=FACE_OUTER_BOUND('',#244,.T.);
#74=FACE_OUTER_BOUND('',#245,.T.);
#75=FACE_OUTER_BOUND('',#246,.T.);
#76=FACE_OUTER_BOUND('',#247,.T.);
#77=FACE_OUTER_BOUND('',#248,.T.);
#78=FACE_OUTER_BOUND('',#249,.T.);
#79=FACE_OUTER_BOUND('',#250,.T.);
#80=FACE_OUTER_BOUND('',#251,.T.);
#81=FACE_OUTER_BOUND('',#252,.T.);
#82=FACE_OUTER_BOUND('',#253,.T.);
#83=FACE_OUTER_BOUND('',#254,.T.);
#84=FACE_OUTER_BOUND('',#255,.T.);
#85=FACE_OUTER_BOUND('',#256,.T.);
#86=FACE_OUTER_BOUND('',#257,.T.);
#87=FACE_OUTER_BOUND('',#258,.T.);
#88=FACE_OUTER_BOUND('',#259,.T.);
#89=FACE_OUTER_BOUND('',#260,.T.);
#90=FACE_OUTER_BOUND('',#261,.T.);
#91=FACE_OUTER_BOUND('',#262,.T.);
#92=FACE_OUTER_BOUND('',#263,.T.);
#93=FACE_OUTER_BOUND('',#264,.T.);
#94=FACE_OUTER_BOUND('',#265,.T.);
#95=FACE_OUTER_BOUND('',#266,.T.);
#96=FACE_OUTER_BOUND('',#267,.T.);
#97=FACE_OUTER_BOUND('',#268,.T.);
#98=FACE_OUTER_BOUND('',#269,.T.);
#99=FACE_OUTER_BOUND('',#270,.T.);
#100=FACE_OUTER_BOUND('',#271,.T.);
#101=FACE_OUTER_BOUND('',#272,.T.);
#102=FACE_OUTER_BOUND('',#273,.T.);
#103=FACE_OUTER_BOUND('',#274,.T.);
#104=FACE_OUTER_BOUND('',#275,.T.);
#105=FACE_OUTER_BOUND('',#276,.T.);
#106=FACE_OUTER_BOUND('',#277,.T.);
#107=FACE_OUTER_BOUND('',#278,.T.);
#108=FACE_OUTER_BOUND('',#279,.T.);
#109=FACE_OUTER_BOUND('',#280,.T.);
#110=FACE_OUTER_BOUND('',#281,.T.);
#111=FACE_OUTER_BOUND('',#282,.T.);
#112=FACE_OUTER_BOUND('',#283,.T.);
#113=FACE_OUTER_BOUND('',#284,.T.);
#114=FACE_OUTER_BOUND('',#285,.T.);
#115=FACE_OUTER_BOUND('',#286,.T.);
#116=FACE_OUTER_BOUND('',#287,.T.);
#117=FACE_OUTER_BOUND('',#288,.T.);
#118=FACE_OUTER_BOUND('',#289,.T.);
#119=FACE_OUTER_BOUND('',#290,.T.);
#120=FACE_OUTER_BOUND('',#291,.T.);
#121=FACE_OUTER_BOUND('',#292,.T.);
#122=FACE_OUTER_BOUND('',#293,.T.);
#123=FACE_OUTER_BOUND('',#294,.T.);
#124=FACE_OUTER_BOUND('',#295,.T.);
#125=FACE_OUTER_BOUND('',#296,.T.);
#126=FACE_OUTER_BOUND('',#297,.T.);
#127=FACE_OUTER_BOUND('',#298,.T.);
#128=FACE_OUTER_BOUND('',#299,.T.);
#129=FACE_OUTER_BOUND('',#300,.T.);
#130=FACE_OUTER_BOUND('',#301,.T.);
#131=FACE_OUTER_BOUND('',#302,.T.);
#132=FACE_OUTER_BOUND('',#303,.T.);
#133=FACE_OUTER_BOUND('',#304,.T.);
#134=FACE_OUTER_BOUND('',#305,.T.);
#135=FACE_OUTER_BOUND('',#306,.T.);
#136=FACE_OUTER_BOUND('',#307,.T.);
#137=FACE_OUTER_BOUND('',#308,.T.);
#138=FACE_OUTER_BOUND('',#309,.T.);
#139=FACE_OUTER_BOUND('',#310,.T.);
#140=FACE_OUTER_BOUND('',#311,.T.);
#141=FACE_OUTER_BOUND('',#312,.T.);
#142=FACE_OUTER_BOUND('',#313,.T.);
#143=FACE_OUTER_BOUND('',#314,.T.);
#144=FACE_OUTER_BOUND('',#315,.T.);
#145=FACE_OUTER_BOUND('',#316,.T.);
#146=FACE_OUTER_BOUND('',#317,.T.);
#147=FACE_OUTER_BOUND('',#318,.T.);
#148=FACE_OUTER_BOUND('',#319,.T.);
#149=FACE_OUTER_BOUND('',#320,.T.);
#150=FACE_OUTER_BOUND('',#321,.T.);
#151=FACE_OUTER_BOUND('',#322,.T.);
#152=FACE_OUTER_BOUND('',#323,.T.);
#153=FACE_OUTER_BOUND('',#324,.T.);
#154=FACE_OUTER_BOUND('',#325,.T.);
#155=FACE_OUTER_BOUND('',#326,.T.);
#156=FACE_OUTER_BOUND('',#327,.T.);
#157=FACE_OUTER_BOUND('',#328,.T.);
#158=FACE_OUTER_BOUND('',#329,.T.);
#159=FACE_OUTER_BOUND('',#330,.T.);
#160=FACE_OUTER_BOUND('',#331,.T.);
#161=FACE_OUTER_BOUND('',#332,.T.);
#162=FACE_OUTER_BOUND('',#333,.T.);
#163=FACE_OUTER_BOUND('',#334,.T.);
#164=FACE_OUTER_BOUND('',#335,.T.);
#165=FACE_OUTER_BOUND('',#336,.T.);
#166=FACE_OUTER_BOUND('',#337,.T.);
#167=FACE_OUTER_BOUND('',#338,.T.);
#168=FACE_OUTER_BOUND('',#339,.T.);
#169=FACE_OUTER_BOUND('',#340,.T.);
#170=FACE_OUTER_BOUND('',#341,.T.);
#171=FACE_OUTER_BOUND('',#342,.T.);
#172=FACE_OUTER_BOUND('',#343,.T.);
#173=FACE_OUTER_BOUND('',#344,.T.);
#174=FACE_OUTER_BOUND('',#345,.T.);
#175=FACE_OUTER_BOUND('',#346,.T.);
#176=FACE_OUTER_BOUND('',#347,.T.);
#177=FACE_OUTER_BOUND('',#348,.T.);
#178=FACE_OUTER_BOUND('',#349,.T.);
#179=FACE_OUTER_BOUND('',#350,.T.);
#180=FACE_OUTER_BOUND('',#351,.T.);
#181=FACE_OUTER_BOUND('',#352,.T.);
#182=FACE_OUTER_BOUND('',#353,.T.);
#183=FACE_OUTER_BOUND('',#354,.T.);
#184=FACE_OUTER_BOUND('',#355,.T.);
#185=FACE_OUTER_BOUND('',#356,.T.);
#186=FACE_OUTER_BOUND('',#357,.T.);
#187=FACE_OUTER_BOUND('',#358,.T.);
#188=FACE_OUTER_BOUND('',#359,.T.);
#189=FACE_OUTER_BOUND('',#360,.T.);
#190=FACE_OUTER_BOUND('',#361,.T.);
#191=FACE_OUTER_BOUND('',#362,.T.);
#192=FACE_OUTER_BOUND('',#363,.T.);
#193=FACE_OUTER_BOUND('',#364,.T.);
#194=FACE_OUTER_BOUND('',#365,.T.);
#195=FACE_OUTER_BOUND('',#366,.T.);
#196=FACE_OUTER_BOUND('',#367,.T.);
#197=FACE_OUTER_BOUND('',#368,.T.);
#198=FACE_OUTER_BOUND('',#369,.T.);
#199=FACE_OUTER_BOUND('',#370,.T.);
#200=FACE_OUTER_BOUND('',#371,.T.);
#201=FACE_OUTER_BOUND('',#372,.T.);
#202=FACE_OUTER_BOUND('',#373,.T.);
#203=FACE_OUTER_BOUND('',#374,.T.);
#204=FACE_OUTER_BOUND('',#375,.T.);
#205=FACE_OUTER_BOUND('',#376,.T.);
#206=FACE_OUTER_BOUND('',#377,.T.);
#207=FACE_OUTER_BOUND('',#378,.T.);
#208=FACE_OUTER_BOUND('',#379,.T.);
#209=FACE_OUTER_BOUND('',#380,.T.);
#210=FACE_OUTER_BOUND('',#381,.T.);
#211=FACE_OUTER_BOUND('',#382,.T.);
#212=FACE_OUTER_BOUND('',#383,.T.);
#213=FACE_OUTER_BOUND('',#384,.T.);
#214=FACE_OUTER_BOUND('',#385,.T.);
#215=FACE_OUTER_BOUND('',#386,.T.);
#216=FACE_OUTER_BOUND('',#387,.T.);
#217=FACE_OUTER_BOUND('',#388,.T.);
#218=FACE_OUTER_BOUND('',#389,.T.);
#219=FACE_OUTER_BOUND('',#390,.T.);
#220=FACE_OUTER_BOUND('',#391,.T.);
#221=FACE_OUTER_BOUND('',#392,.T.);
#222=FACE_OUTER_BOUND('',#393,.T.);
#223=FACE_OUTER_BOUND('',#394,.T.);
#224=FACE_OUTER_BOUND('',#395,.T.);
#225=FACE_OUTER_BOUND('',#396,.T.);
#226=FACE_OUTER_BOUND('',#397,.T.);
#227=EDGE_LOOP('',(#2135,#2136,#2137,#2138,#2139,#2140,#2141,#2142,#2143,
#2144,#2145,#2146,#2147,#2148,#2149,#2150,#2151,#2152,#2153,#2154,#2155,
#2156,#2157,#2158,#2159,#2160,#2161,#2162,#2163,#2164,#2165,#2166,#2167,
#2168,#2169,#2170,#2171,#2172,#2173,#2174,#2175,#2176,#2177,#2178,#2179,
#2180,#2181,#2182,#2183,#2184,#2185,#2186,#2187,#2188,#2189,#2190,#2191,
#2192,#2193,#2194,#2195,#2196,#2197,#2198,#2199,#2200,#2201,#2202,#2203,
#2204,#2205,#2206,#2207,#2208,#2209,#2210,#2211,#2212,#2213,#2214,#2215,
#2216,#2217,#2218,#2219,#2220,#2221,#2222,#2223,#2224,#2225,#2226,#2227,
#2228,#2229,#2230,#2231,#2232,#2233,#2234,#2235,#2236,#2237,#2238,#2239,
#2240,#2241,#2242,#2243,#2244,#2245,#2246));
#228=EDGE_LOOP('',(#2247));
#229=EDGE_LOOP('',(#2248));
#230=EDGE_LOOP('',(#2249));
#231=EDGE_LOOP('',(#2250));
#232=EDGE_LOOP('',(#2251,#2252,#2253,#2254,#2255,#2256,#2257,#2258,#2259,
#2260,#2261,#2262,#2263,#2264,#2265,#2266,#2267,#2268,#2269,#2270,#2271,
#2272,#2273,#2274,#2275,#2276,#2277,#2278,#2279,#2280,#2281,#2282,#2283,
#2284,#2285,#2286,#2287,#2288,#2289,#2290,#2291,#2292,#2293,#2294,#2295,
#2296,#2297,#2298));
#233=EDGE_LOOP('',(#2299,#2300,#2301,#2302));
#234=EDGE_LOOP('',(#2303,#2304,#2305,#2306));
#235=EDGE_LOOP('',(#2307,#2308,#2309,#2310));
#236=EDGE_LOOP('',(#2311,#2312,#2313,#2314));
#237=EDGE_LOOP('',(#2315,#2316,#2317,#2318));
#238=EDGE_LOOP('',(#2319,#2320,#2321,#2322));
#239=EDGE_LOOP('',(#2323,#2324,#2325,#2326));
#240=EDGE_LOOP('',(#2327,#2328,#2329,#2330));
#241=EDGE_LOOP('',(#2331,#2332,#2333,#2334));
#242=EDGE_LOOP('',(#2335,#2336,#2337,#2338));
#243=EDGE_LOOP('',(#2339,#2340,#2341,#2342));
#244=EDGE_LOOP('',(#2343,#2344,#2345,#2346));
#245=EDGE_LOOP('',(#2347,#2348,#2349,#2350));
#246=EDGE_LOOP('',(#2351,#2352,#2353,#2354));
#247=EDGE_LOOP('',(#2355,#2356,#2357,#2358));
#248=EDGE_LOOP('',(#2359,#2360,#2361,#2362));
#249=EDGE_LOOP('',(#2363,#2364,#2365,#2366));
#250=EDGE_LOOP('',(#2367,#2368,#2369,#2370));
#251=EDGE_LOOP('',(#2371,#2372,#2373,#2374));
#252=EDGE_LOOP('',(#2375,#2376,#2377,#2378));
#253=EDGE_LOOP('',(#2379,#2380,#2381,#2382));
#254=EDGE_LOOP('',(#2383,#2384,#2385,#2386));
#255=EDGE_LOOP('',(#2387,#2388,#2389,#2390));
#256=EDGE_LOOP('',(#2391,#2392,#2393,#2394));
#257=EDGE_LOOP('',(#2395,#2396,#2397,#2398));
#258=EDGE_LOOP('',(#2399,#2400,#2401,#2402));
#259=EDGE_LOOP('',(#2403,#2404,#2405,#2406));
#260=EDGE_LOOP('',(#2407,#2408,#2409,#2410));
#261=EDGE_LOOP('',(#2411,#2412,#2413,#2414));
#262=EDGE_LOOP('',(#2415,#2416,#2417,#2418));
#263=EDGE_LOOP('',(#2419,#2420,#2421,#2422));
#264=EDGE_LOOP('',(#2423,#2424,#2425,#2426));
#265=EDGE_LOOP('',(#2427,#2428,#2429,#2430));
#266=EDGE_LOOP('',(#2431,#2432,#2433,#2434));
#267=EDGE_LOOP('',(#2435,#2436,#2437,#2438));
#268=EDGE_LOOP('',(#2439,#2440,#2441,#2442));
#269=EDGE_LOOP('',(#2443,#2444,#2445,#2446));
#270=EDGE_LOOP('',(#2447,#2448,#2449,#2450));
#271=EDGE_LOOP('',(#2451,#2452,#2453,#2454));
#272=EDGE_LOOP('',(#2455,#2456,#2457,#2458));
#273=EDGE_LOOP('',(#2459,#2460,#2461,#2462));
#274=EDGE_LOOP('',(#2463,#2464,#2465,#2466));
#275=EDGE_LOOP('',(#2467,#2468,#2469,#2470));
#276=EDGE_LOOP('',(#2471,#2472,#2473,#2474));
#277=EDGE_LOOP('',(#2475,#2476,#2477,#2478));
#278=EDGE_LOOP('',(#2479,#2480,#2481,#2482));
#279=EDGE_LOOP('',(#2483,#2484,#2485,#2486));
#280=EDGE_LOOP('',(#2487,#2488,#2489,#2490));
#281=EDGE_LOOP('',(#2491,#2492,#2493,#2494));
#282=EDGE_LOOP('',(#2495,#2496,#2497,#2498));
#283=EDGE_LOOP('',(#2499,#2500,#2501,#2502));
#284=EDGE_LOOP('',(#2503,#2504,#2505,#2506));
#285=EDGE_LOOP('',(#2507,#2508,#2509,#2510));
#286=EDGE_LOOP('',(#2511,#2512,#2513,#2514));
#287=EDGE_LOOP('',(#2515,#2516,#2517,#2518));
#288=EDGE_LOOP('',(#2519,#2520,#2521,#2522));
#289=EDGE_LOOP('',(#2523,#2524,#2525,#2526));
#290=EDGE_LOOP('',(#2527,#2528,#2529,#2530));
#291=EDGE_LOOP('',(#2531,#2532,#2533,#2534));
#292=EDGE_LOOP('',(#2535,#2536,#2537,#2538));
#293=EDGE_LOOP('',(#2539,#2540,#2541,#2542));
#294=EDGE_LOOP('',(#2543,#2544,#2545,#2546));
#295=EDGE_LOOP('',(#2547,#2548,#2549,#2550));
#296=EDGE_LOOP('',(#2551,#2552,#2553,#2554));
#297=EDGE_LOOP('',(#2555,#2556,#2557,#2558));
#298=EDGE_LOOP('',(#2559,#2560,#2561,#2562));
#299=EDGE_LOOP('',(#2563,#2564,#2565,#2566));
#300=EDGE_LOOP('',(#2567,#2568,#2569,#2570));
#301=EDGE_LOOP('',(#2571,#2572,#2573,#2574));
#302=EDGE_LOOP('',(#2575,#2576,#2577,#2578));
#303=EDGE_LOOP('',(#2579,#2580,#2581,#2582));
#304=EDGE_LOOP('',(#2583,#2584,#2585,#2586));
#305=EDGE_LOOP('',(#2587,#2588,#2589,#2590));
#306=EDGE_LOOP('',(#2591,#2592,#2593,#2594));
#307=EDGE_LOOP('',(#2595,#2596,#2597,#2598));
#308=EDGE_LOOP('',(#2599,#2600,#2601,#2602));
#309=EDGE_LOOP('',(#2603,#2604,#2605,#2606));
#310=EDGE_LOOP('',(#2607,#2608,#2609,#2610));
#311=EDGE_LOOP('',(#2611,#2612,#2613,#2614));
#312=EDGE_LOOP('',(#2615,#2616,#2617,#2618));
#313=EDGE_LOOP('',(#2619,#2620,#2621,#2622));
#314=EDGE_LOOP('',(#2623,#2624,#2625,#2626));
#315=EDGE_LOOP('',(#2627,#2628,#2629,#2630));
#316=EDGE_LOOP('',(#2631,#2632,#2633,#2634));
#317=EDGE_LOOP('',(#2635,#2636,#2637,#2638));
#318=EDGE_LOOP('',(#2639,#2640,#2641,#2642));
#319=EDGE_LOOP('',(#2643,#2644,#2645,#2646));
#320=EDGE_LOOP('',(#2647,#2648,#2649,#2650));
#321=EDGE_LOOP('',(#2651,#2652,#2653,#2654));
#322=EDGE_LOOP('',(#2655,#2656,#2657,#2658));
#323=EDGE_LOOP('',(#2659,#2660,#2661,#2662));
#324=EDGE_LOOP('',(#2663,#2664,#2665,#2666));
#325=EDGE_LOOP('',(#2667,#2668,#2669,#2670));
#326=EDGE_LOOP('',(#2671,#2672,#2673,#2674));
#327=EDGE_LOOP('',(#2675,#2676,#2677,#2678));
#328=EDGE_LOOP('',(#2679,#2680,#2681,#2682));
#329=EDGE_LOOP('',(#2683,#2684,#2685,#2686));
#330=EDGE_LOOP('',(#2687,#2688,#2689,#2690));
#331=EDGE_LOOP('',(#2691,#2692,#2693,#2694));
#332=EDGE_LOOP('',(#2695,#2696,#2697,#2698));
#333=EDGE_LOOP('',(#2699,#2700,#2701,#2702));
#334=EDGE_LOOP('',(#2703,#2704,#2705,#2706));
#335=EDGE_LOOP('',(#2707,#2708,#2709,#2710));
#336=EDGE_LOOP('',(#2711,#2712,#2713,#2714));
#337=EDGE_LOOP('',(#2715,#2716,#2717,#2718));
#338=EDGE_LOOP('',(#2719,#2720,#2721,#2722));
#339=EDGE_LOOP('',(#2723,#2724,#2725,#2726));
#340=EDGE_LOOP('',(#2727,#2728,#2729,#2730));
#341=EDGE_LOOP('',(#2731,#2732,#2733,#2734));
#342=EDGE_LOOP('',(#2735,#2736,#2737,#2738));
#343=EDGE_LOOP('',(#2739,#2740,#2741,#2742));
#344=EDGE_LOOP('',(#2743,#2744,#2745,#2746));
#345=EDGE_LOOP('',(#2747,#2748,#2749,#2750));
#346=EDGE_LOOP('',(#2751,#2752,#2753,#2754));
#347=EDGE_LOOP('',(#2755,#2756,#2757,#2758));
#348=EDGE_LOOP('',(#2759,#2760,#2761,#2762));
#349=EDGE_LOOP('',(#2763,#2764,#2765,#2766));
#350=EDGE_LOOP('',(#2767,#2768,#2769,#2770));
#351=EDGE_LOOP('',(#2771,#2772,#2773,#2774));
#352=EDGE_LOOP('',(#2775,#2776,#2777,#2778));
#353=EDGE_LOOP('',(#2779,#2780,#2781,#2782));
#354=EDGE_LOOP('',(#2783,#2784,#2785,#2786));
#355=EDGE_LOOP('',(#2787,#2788,#2789,#2790));
#356=EDGE_LOOP('',(#2791,#2792,#2793,#2794));
#357=EDGE_LOOP('',(#2795,#2796,#2797,#2798));
#358=EDGE_LOOP('',(#2799,#2800,#2801,#2802));
#359=EDGE_LOOP('',(#2803,#2804,#2805,#2806));
#360=EDGE_LOOP('',(#2807,#2808,#2809,#2810));
#361=EDGE_LOOP('',(#2811,#2812,#2813,#2814));
#362=EDGE_LOOP('',(#2815,#2816,#2817,#2818));
#363=EDGE_LOOP('',(#2819,#2820,#2821,#2822));
#364=EDGE_LOOP('',(#2823,#2824,#2825,#2826));
#365=EDGE_LOOP('',(#2827,#2828,#2829,#2830));
#366=EDGE_LOOP('',(#2831,#2832,#2833,#2834));
#367=EDGE_LOOP('',(#2835,#2836,#2837,#2838));
#368=EDGE_LOOP('',(#2839,#2840,#2841,#2842));
#369=EDGE_LOOP('',(#2843,#2844,#2845,#2846));
#370=EDGE_LOOP('',(#2847,#2848,#2849,#2850));
#371=EDGE_LOOP('',(#2851,#2852,#2853,#2854));
#372=EDGE_LOOP('',(#2855,#2856,#2857,#2858));
#373=EDGE_LOOP('',(#2859,#2860,#2861,#2862));
#374=EDGE_LOOP('',(#2863,#2864,#2865,#2866));
#375=EDGE_LOOP('',(#2867,#2868,#2869,#2870));
#376=EDGE_LOOP('',(#2871,#2872,#2873,#2874));
#377=EDGE_LOOP('',(#2875,#2876,#2877,#2878));
#378=EDGE_LOOP('',(#2879,#2880,#2881,#2882));
#379=EDGE_LOOP('',(#2883,#2884,#2885,#2886));
#380=EDGE_LOOP('',(#2887,#2888,#2889,#2890));
#381=EDGE_LOOP('',(#2891,#2892,#2893,#2894));
#382=EDGE_LOOP('',(#2895,#2896,#2897,#2898));
#383=EDGE_LOOP('',(#2899,#2900,#2901,#2902));
#384=EDGE_LOOP('',(#2903,#2904,#2905,#2906));
#385=EDGE_LOOP('',(#2907,#2908,#2909,#2910));
#386=EDGE_LOOP('',(#2911,#2912,#2913,#2914));
#387=EDGE_LOOP('',(#2915,#2916,#2917,#2918));
#388=EDGE_LOOP('',(#2919,#2920,#2921,#2922));
#389=EDGE_LOOP('',(#2923,#2924,#2925,#2926));
#390=EDGE_LOOP('',(#2927,#2928,#2929,#2930));
#391=EDGE_LOOP('',(#2931,#2932,#2933,#2934));
#392=EDGE_LOOP('',(#2935,#2936,#2937,#2938));
#393=EDGE_LOOP('',(#2939,#2940,#2941,#2942));
#394=EDGE_LOOP('',(#2943,#2944,#2945,#2946));
#395=EDGE_LOOP('',(#2947,#2948,#2949,#2950));
#396=EDGE_LOOP('',(#2951,#2952,#2953,#2954));
#397=EDGE_LOOP('',(#2955,#2956,#2957,#2958,#2959,#2960,#2961,#2962,#2963,
#2964,#2965,#2966,#2967,#2968,#2969,#2970,#2971,#2972,#2973,#2974,#2975,
#2976,#2977,#2978,#2979,#2980,#2981,#2982,#2983,#2984,#2985,#2986,#2987,
#2988,#2989,#2990,#2991,#2992,#2993,#2994,#2995,#2996,#2997,#2998,#2999,
#3000,#3001,#3002,#3003,#3004,#3005,#3006,#3007,#3008,#3009,#3010,#3011,
#3012,#3013,#3014,#3015,#3016,#3017,#3018,#3019,#3020,#3021,#3022,#3023,
#3024,#3025,#3026,#3027,#3028,#3029,#3030,#3031,#3032,#3033,#3034,#3035,
#3036,#3037,#3038,#3039,#3040,#3041,#3042,#3043,#3044,#3045,#3046,#3047,
#3048,#3049,#3050,#3051,#3052,#3053,#3054,#3055,#3056,#3057,#3058,#3059,
#3060,#3061,#3062,#3063,#3064,#3065,#3066));
#398=EDGE_LOOP('',(#3067,#3068,#3069,#3070,#3071,#3072,#3073,#3074,#3075,
#3076,#3077,#3078,#3079,#3080,#3081,#3082,#3083,#3084,#3085,#3086,#3087,
#3088,#3089,#3090,#3091,#3092,#3093,#3094,#3095,#3096,#3097,#3098,#3099,
#3100,#3101,#3102,#3103,#3104,#3105,#3106,#3107,#3108,#3109,#3110,#3111,
#3112,#3113,#3114));
#399=EDGE_LOOP('',(#3115));
#400=EDGE_LOOP('',(#3116));
#401=EDGE_LOOP('',(#3117));
#402=EDGE_LOOP('',(#3118));
#403=CIRCLE('',#3430,1.);
#404=CIRCLE('',#3431,0.999999999999992);
#405=CIRCLE('',#3432,0.99999999999999);
#406=CIRCLE('',#3433,1.);
#407=CIRCLE('',#3434,1.25);
#408=CIRCLE('',#3435,1.25);
#409=CIRCLE('',#3436,1.25);
#410=CIRCLE('',#3437,1.25);
#411=CIRCLE('',#3438,1.1);
#412=CIRCLE('',#3439,2.35);
#413=CIRCLE('',#3440,1.1);
#414=CIRCLE('',#3441,1.1);
#415=CIRCLE('',#3442,1.1);
#416=CIRCLE('',#3443,1.1);
#417=CIRCLE('',#3444,1.1);
#418=CIRCLE('',#3445,1.1);
#419=CIRCLE('',#3446,2.35);
#420=CIRCLE('',#3447,1.1);
#421=CIRCLE('',#3448,1.1);
#422=CIRCLE('',#3449,1.1);
#423=CIRCLE('',#3450,1.1);
#424=CIRCLE('',#3451,1.1);
#425=CIRCLE('',#3452,1.1);
#426=CIRCLE('',#3453,2.35);
#427=CIRCLE('',#3454,1.1);
#428=CIRCLE('',#3455,1.1);
#429=CIRCLE('',#3456,1.1);
#430=CIRCLE('',#3457,1.1);
#431=CIRCLE('',#3458,1.1);
#432=CIRCLE('',#3459,1.1);
#433=CIRCLE('',#3460,2.35);
#434=CIRCLE('',#3461,1.1);
#435=CIRCLE('',#3462,1.1);
#436=CIRCLE('',#3463,1.1);
#437=CIRCLE('',#3464,1.1);
#438=CIRCLE('',#3465,1.1);
#439=CIRCLE('',#3467,1.1);
#440=CIRCLE('',#3469,2.35);
#441=CIRCLE('',#3471,1.1);
#442=CIRCLE('',#3473,1.1);
#443=CIRCLE('',#3476,1.1);
#444=CIRCLE('',#3479,1.1);
#445=CIRCLE('',#3481,2.35);
#446=CIRCLE('',#3483,1.1);
#447=CIRCLE('',#3486,1.1);
#448=CIRCLE('',#3489,1.1);
#449=CIRCLE('',#3492,1.1);
#450=CIRCLE('',#3494,2.35);
#451=CIRCLE('',#3496,1.1);
#452=CIRCLE('',#3499,1.1);
#453=CIRCLE('',#3502,1.1);
#454=CIRCLE('',#3505,1.1);
#455=CIRCLE('',#3507,2.35);
#456=CIRCLE('',#3509,1.1);
#457=CIRCLE('',#3512,1.1);
#458=CIRCLE('',#3515,1.1);
#459=CIRCLE('',#3518,1.1);
#460=CIRCLE('',#3520,1.1);
#461=CIRCLE('',#3522,1.1);
#462=CIRCLE('',#3524,1.1);
#463=CIRCLE('',#3526,1.1);
#464=CIRCLE('',#3528,1.1);
#465=CIRCLE('',#3530,1.1);
#466=CIRCLE('',#3532,1.1);
#467=CIRCLE('',#3543,1.25);
#468=CIRCLE('',#3545,1.25);
#469=CIRCLE('',#3547,1.25);
#470=CIRCLE('',#3549,1.25);
#471=CIRCLE('',#3552,1.);
#472=CIRCLE('',#3581,0.999999999999992);
#473=CIRCLE('',#3610,0.99999999999999);
#474=CIRCLE('',#3639,1.);
#475=LINE('',#4569,#895);
#476=LINE('',#4571,#896);
#477=LINE('',#4575,#897);
#478=LINE('',#4577,#898);
#479=LINE('',#4579,#899);
#480=LINE('',#4581,#900);
#481=LINE('',#4583,#901);
#482=LINE('',#4585,#902);
#483=LINE('',#4587,#903);
#484=LINE('',#4589,#904);
#485=LINE('',#4591,#905);
#486=LINE('',#4593,#906);
#487=LINE('',#4595,#907);
#488=LINE('',#4597,#908);
#489=LINE('',#4599,#909);
#490=LINE('',#4601,#910);
#491=LINE('',#4603,#911);
#492=LINE('',#4605,#912);
#493=LINE('',#4607,#913);
#494=LINE('',#4609,#914);
#495=LINE('',#4611,#915);
#496=LINE('',#4613,#916);
#497=LINE('',#4615,#917);
#498=LINE('',#4617,#918);
#499=LINE('',#4619,#919);
#500=LINE('',#4621,#920);
#501=LINE('',#4623,#921);
#502=LINE('',#4625,#922);
#503=LINE('',#4627,#923);
#504=LINE('',#4631,#924);
#505=LINE('',#4633,#925);
#506=LINE('',#4635,#926);
#507=LINE('',#4637,#927);
#508=LINE('',#4639,#928);
#509=LINE('',#4641,#929);
#510=LINE('',#4643,#930);
#511=LINE('',#4645,#931);
#512=LINE('',#4647,#932);
#513=LINE('',#4649,#933);
#514=LINE('',#4651,#934);
#515=LINE('',#4653,#935);
#516=LINE('',#4655,#936);
#517=LINE('',#4657,#937);
#518=LINE('',#4659,#938);
#519=LINE('',#4661,#939);
#520=LINE('',#4663,#940);
#521=LINE('',#4665,#941);
#522=LINE('',#4667,#942);
#523=LINE('',#4669,#943);
#524=LINE('',#4671,#944);
#525=LINE('',#4673,#945);
#526=LINE('',#4675,#946);
#527=LINE('',#4677,#947);
#528=LINE('',#4679,#948);
#529=LINE('',#4681,#949);
#530=LINE('',#4683,#950);
#531=LINE('',#4687,#951);
#532=LINE('',#4689,#952);
#533=LINE('',#4691,#953);
#534=LINE('',#4693,#954);
#535=LINE('',#4695,#955);
#536=LINE('',#4697,#956);
#537=LINE('',#4699,#957);
#538=LINE('',#4701,#958);
#539=LINE('',#4703,#959);
#540=LINE('',#4705,#960);
#541=LINE('',#4707,#961);
#542=LINE('',#4709,#962);
#543=LINE('',#4711,#963);
#544=LINE('',#4713,#964);
#545=LINE('',#4715,#965);
#546=LINE('',#4717,#966);
#547=LINE('',#4719,#967);
#548=LINE('',#4721,#968);
#549=LINE('',#4723,#969);
#550=LINE('',#4725,#970);
#551=LINE('',#4727,#971);
#552=LINE('',#4729,#972);
#553=LINE('',#4731,#973);
#554=LINE('',#4733,#974);
#555=LINE('',#4735,#975);
#556=LINE('',#4737,#976);
#557=LINE('',#4739,#977);
#558=LINE('',#4743,#978);
#559=LINE('',#4745,#979);
#560=LINE('',#4747,#980);
#561=LINE('',#4749,#981);
#562=LINE('',#4751,#982);
#563=LINE('',#4753,#983);
#564=LINE('',#4755,#984);
#565=LINE('',#4757,#985);
#566=LINE('',#4759,#986);
#567=LINE('',#4761,#987);
#568=LINE('',#4763,#988);
#569=LINE('',#4765,#989);
#570=LINE('',#4767,#990);
#571=LINE('',#4769,#991);
#572=LINE('',#4771,#992);
#573=LINE('',#4773,#993);
#574=LINE('',#4775,#994);
#575=LINE('',#4777,#995);
#576=LINE('',#4779,#996);
#577=LINE('',#4781,#997);
#578=LINE('',#4783,#998);
#579=LINE('',#4785,#999);
#580=LINE('',#4787,#1000);
#581=LINE('',#4789,#1001);
#582=LINE('',#4790,#1002);
#583=LINE('',#4801,#1003);
#584=LINE('',#4809,#1004);
#585=LINE('',#4813,#1005);
#586=LINE('',#4817,#1006);
#587=LINE('',#4821,#1007);
#588=LINE('',#4825,#1008);
#589=LINE('',#4833,#1009);
#590=LINE('',#4837,#1010);
#591=LINE('',#4841,#1011);
#592=LINE('',#4845,#1012);
#593=LINE('',#4849,#1013);
#594=LINE('',#4857,#1014);
#595=LINE('',#4861,#1015);
#596=LINE('',#4865,#1016);
#597=LINE('',#4869,#1017);
#598=LINE('',#4873,#1018);
#599=LINE('',#4881,#1019);
#600=LINE('',#4885,#1020);
#601=LINE('',#4889,#1021);
#602=LINE('',#4893,#1022);
#603=LINE('',#4899,#1023);
#604=LINE('',#4900,#1024);
#605=LINE('',#4904,#1025);
#606=LINE('',#4908,#1026);
#607=LINE('',#4911,#1027);
#608=LINE('',#4914,#1028);
#609=LINE('',#4917,#1029);
#610=LINE('',#4918,#1030);
#611=LINE('',#4921,#1031);
#612=LINE('',#4925,#1032);
#613=LINE('',#4926,#1033);
#614=LINE('',#4929,#1034);
#615=LINE('',#4932,#1035);
#616=LINE('',#4935,#1036);
#617=LINE('',#4940,#1037);
#618=LINE('',#4943,#1038);
#619=LINE('',#4944,#1039);
#620=LINE('',#4947,#1040);
#621=LINE('',#4950,#1041);
#622=LINE('',#4953,#1042);
#623=LINE('',#4954,#1043);
#624=LINE('',#4957,#1044);
#625=LINE('',#4961,#1045);
#626=LINE('',#4962,#1046);
#627=LINE('',#4965,#1047);
#628=LINE('',#4968,#1048);
#629=LINE('',#4971,#1049);
#630=LINE('',#4976,#1050);
#631=LINE('',#4979,#1051);
#632=LINE('',#4980,#1052);
#633=LINE('',#4983,#1053);
#634=LINE('',#4986,#1054);
#635=LINE('',#4989,#1055);
#636=LINE('',#4990,#1056);
#637=LINE('',#4993,#1057);
#638=LINE('',#4997,#1058);
#639=LINE('',#4998,#1059);
#640=LINE('',#5001,#1060);
#641=LINE('',#5004,#1061);
#642=LINE('',#5007,#1062);
#643=LINE('',#5012,#1063);
#644=LINE('',#5015,#1064);
#645=LINE('',#5016,#1065);
#646=LINE('',#5019,#1066);
#647=LINE('',#5022,#1067);
#648=LINE('',#5025,#1068);
#649=LINE('',#5026,#1069);
#650=LINE('',#5029,#1070);
#651=LINE('',#5033,#1071);
#652=LINE('',#5034,#1072);
#653=LINE('',#5037,#1073);
#654=LINE('',#5041,#1074);
#655=LINE('',#5045,#1075);
#656=LINE('',#5049,#1076);
#657=LINE('',#5053,#1077);
#658=LINE('',#5057,#1078);
#659=LINE('',#5059,#1079);
#660=LINE('',#5063,#1080);
#661=LINE('',#5067,#1081);
#662=LINE('',#5070,#1082);
#663=LINE('',#5072,#1083);
#664=LINE('',#5074,#1084);
#665=LINE('',#5076,#1085);
#666=LINE('',#5078,#1086);
#667=LINE('',#5080,#1087);
#668=LINE('',#5082,#1088);
#669=LINE('',#5084,#1089);
#670=LINE('',#5086,#1090);
#671=LINE('',#5090,#1091);
#672=LINE('',#5094,#1092);
#673=LINE('',#5098,#1093);
#674=LINE('',#5102,#1094);
#675=LINE('',#5105,#1095);
#676=LINE('',#5107,#1096);
#677=LINE('',#5108,#1097);
#678=LINE('',#5112,#1098);
#679=LINE('',#5115,#1099);
#680=LINE('',#5116,#1100);
#681=LINE('',#5119,#1101);
#682=LINE('',#5120,#1102);
#683=LINE('',#5123,#1103);
#684=LINE('',#5124,#1104);
#685=LINE('',#5127,#1105);
#686=LINE('',#5128,#1106);
#687=LINE('',#5131,#1107);
#688=LINE('',#5132,#1108);
#689=LINE('',#5135,#1109);
#690=LINE('',#5136,#1110);
#691=LINE('',#5139,#1111);
#692=LINE('',#5140,#1112);
#693=LINE('',#5143,#1113);
#694=LINE('',#5144,#1114);
#695=LINE('',#5147,#1115);
#696=LINE('',#5148,#1116);
#697=LINE('',#5151,#1117);
#698=LINE('',#5152,#1118);
#699=LINE('',#5155,#1119);
#700=LINE('',#5156,#1120);
#701=LINE('',#5159,#1121);
#702=LINE('',#5160,#1122);
#703=LINE('',#5163,#1123);
#704=LINE('',#5164,#1124);
#705=LINE('',#5167,#1125);
#706=LINE('',#5168,#1126);
#707=LINE('',#5171,#1127);
#708=LINE('',#5172,#1128);
#709=LINE('',#5175,#1129);
#710=LINE('',#5176,#1130);
#711=LINE('',#5179,#1131);
#712=LINE('',#5180,#1132);
#713=LINE('',#5183,#1133);
#714=LINE('',#5184,#1134);
#715=LINE('',#5187,#1135);
#716=LINE('',#5188,#1136);
#717=LINE('',#5191,#1137);
#718=LINE('',#5192,#1138);
#719=LINE('',#5195,#1139);
#720=LINE('',#5196,#1140);
#721=LINE('',#5199,#1141);
#722=LINE('',#5200,#1142);
#723=LINE('',#5203,#1143);
#724=LINE('',#5204,#1144);
#725=LINE('',#5207,#1145);
#726=LINE('',#5208,#1146);
#727=LINE('',#5211,#1147);
#728=LINE('',#5212,#1148);
#729=LINE('',#5215,#1149);
#730=LINE('',#5216,#1150);
#731=LINE('',#5219,#1151);
#732=LINE('',#5220,#1152);
#733=LINE('',#5224,#1153);
#734=LINE('',#5227,#1154);
#735=LINE('',#5228,#1155);
#736=LINE('',#5231,#1156);
#737=LINE('',#5232,#1157);
#738=LINE('',#5235,#1158);
#739=LINE('',#5236,#1159);
#740=LINE('',#5239,#1160);
#741=LINE('',#5240,#1161);
#742=LINE('',#5243,#1162);
#743=LINE('',#5244,#1163);
#744=LINE('',#5247,#1164);
#745=LINE('',#5248,#1165);
#746=LINE('',#5251,#1166);
#747=LINE('',#5252,#1167);
#748=LINE('',#5255,#1168);
#749=LINE('',#5256,#1169);
#750=LINE('',#5259,#1170);
#751=LINE('',#5260,#1171);
#752=LINE('',#5263,#1172);
#753=LINE('',#5264,#1173);
#754=LINE('',#5267,#1174);
#755=LINE('',#5268,#1175);
#756=LINE('',#5271,#1176);
#757=LINE('',#5272,#1177);
#758=LINE('',#5275,#1178);
#759=LINE('',#5276,#1179);
#760=LINE('',#5279,#1180);
#761=LINE('',#5280,#1181);
#762=LINE('',#5283,#1182);
#763=LINE('',#5284,#1183);
#764=LINE('',#5287,#1184);
#765=LINE('',#5288,#1185);
#766=LINE('',#5291,#1186);
#767=LINE('',#5292,#1187);
#768=LINE('',#5295,#1188);
#769=LINE('',#5296,#1189);
#770=LINE('',#5299,#1190);
#771=LINE('',#5300,#1191);
#772=LINE('',#5303,#1192);
#773=LINE('',#5304,#1193);
#774=LINE('',#5307,#1194);
#775=LINE('',#5308,#1195);
#776=LINE('',#5311,#1196);
#777=LINE('',#5312,#1197);
#778=LINE('',#5315,#1198);
#779=LINE('',#5316,#1199);
#780=LINE('',#5319,#1200);
#781=LINE('',#5320,#1201);
#782=LINE('',#5323,#1202);
#783=LINE('',#5324,#1203);
#784=LINE('',#5327,#1204);
#785=LINE('',#5328,#1205);
#786=LINE('',#5331,#1206);
#787=LINE('',#5332,#1207);
#788=LINE('',#5336,#1208);
#789=LINE('',#5339,#1209);
#790=LINE('',#5340,#1210);
#791=LINE('',#5343,#1211);
#792=LINE('',#5344,#1212);
#793=LINE('',#5347,#1213);
#794=LINE('',#5348,#1214);
#795=LINE('',#5351,#1215);
#796=LINE('',#5352,#1216);
#797=LINE('',#5355,#1217);
#798=LINE('',#5356,#1218);
#799=LINE('',#5359,#1219);
#800=LINE('',#5360,#1220);
#801=LINE('',#5363,#1221);
#802=LINE('',#5364,#1222);
#803=LINE('',#5367,#1223);
#804=LINE('',#5368,#1224);
#805=LINE('',#5371,#1225);
#806=LINE('',#5372,#1226);
#807=LINE('',#5375,#1227);
#808=LINE('',#5376,#1228);
#809=LINE('',#5379,#1229);
#810=LINE('',#5380,#1230);
#811=LINE('',#5383,#1231);
#812=LINE('',#5384,#1232);
#813=LINE('',#5387,#1233);
#814=LINE('',#5388,#1234);
#815=LINE('',#5391,#1235);
#816=LINE('',#5392,#1236);
#817=LINE('',#5395,#1237);
#818=LINE('',#5396,#1238);
#819=LINE('',#5399,#1239);
#820=LINE('',#5400,#1240);
#821=LINE('',#5403,#1241);
#822=LINE('',#5404,#1242);
#823=LINE('',#5407,#1243);
#824=LINE('',#5408,#1244);
#825=LINE('',#5411,#1245);
#826=LINE('',#5412,#1246);
#827=LINE('',#5415,#1247);
#828=LINE('',#5416,#1248);
#829=LINE('',#5419,#1249);
#830=LINE('',#5420,#1250);
#831=LINE('',#5423,#1251);
#832=LINE('',#5424,#1252);
#833=LINE('',#5427,#1253);
#834=LINE('',#5428,#1254);
#835=LINE('',#5431,#1255);
#836=LINE('',#5432,#1256);
#837=LINE('',#5435,#1257);
#838=LINE('',#5436,#1258);
#839=LINE('',#5439,#1259);
#840=LINE('',#5440,#1260);
#841=LINE('',#5443,#1261);
#842=LINE('',#5444,#1262);
#843=LINE('',#5448,#1263);
#844=LINE('',#5451,#1264);
#845=LINE('',#5452,#1265);
#846=LINE('',#5455,#1266);
#847=LINE('',#5456,#1267);
#848=LINE('',#5459,#1268);
#849=LINE('',#5460,#1269);
#850=LINE('',#5463,#1270);
#851=LINE('',#5464,#1271);
#852=LINE('',#5467,#1272);
#853=LINE('',#5468,#1273);
#854=LINE('',#5471,#1274);
#855=LINE('',#5472,#1275);
#856=LINE('',#5475,#1276);
#857=LINE('',#5476,#1277);
#858=LINE('',#5479,#1278);
#859=LINE('',#5480,#1279);
#860=LINE('',#5483,#1280);
#861=LINE('',#5484,#1281);
#862=LINE('',#5487,#1282);
#863=LINE('',#5488,#1283);
#864=LINE('',#5491,#1284);
#865=LINE('',#5492,#1285);
#866=LINE('',#5495,#1286);
#867=LINE('',#5496,#1287);
#868=LINE('',#5499,#1288);
#869=LINE('',#5500,#1289);
#870=LINE('',#5503,#1290);
#871=LINE('',#5504,#1291);
#872=LINE('',#5507,#1292);
#873=LINE('',#5508,#1293);
#874=LINE('',#5511,#1294);
#875=LINE('',#5512,#1295);
#876=LINE('',#5515,#1296);
#877=LINE('',#5516,#1297);
#878=LINE('',#5519,#1298);
#879=LINE('',#5520,#1299);
#880=LINE('',#5523,#1300);
#881=LINE('',#5524,#1301);
#882=LINE('',#5527,#1302);
#883=LINE('',#5528,#1303);
#884=LINE('',#5531,#1304);
#885=LINE('',#5532,#1305);
#886=LINE('',#5535,#1306);
#887=LINE('',#5536,#1307);
#888=LINE('',#5539,#1308);
#889=LINE('',#5540,#1309);
#890=LINE('',#5543,#1310);
#891=LINE('',#5544,#1311);
#892=LINE('',#5547,#1312);
#893=LINE('',#5548,#1313);
#894=LINE('',#5550,#1314);
#895=VECTOR('',#3671,10.);
#896=VECTOR('',#3672,10.);
#897=VECTOR('',#3675,10.);
#898=VECTOR('',#3676,10.);
#899=VECTOR('',#3677,10.);
#900=VECTOR('',#3678,10.);
#901=VECTOR('',#3679,10.);
#902=VECTOR('',#3680,10.);
#903=VECTOR('',#3681,10.);
#904=VECTOR('',#3682,10.);
#905=VECTOR('',#3683,10.);
#906=VECTOR('',#3684,10.);
#907=VECTOR('',#3685,10.);
#908=VECTOR('',#3686,10.);
#909=VECTOR('',#3687,10.);
#910=VECTOR('',#3688,10.);
#911=VECTOR('',#3689,10.);
#912=VECTOR('',#3690,10.);
#913=VECTOR('',#3691,10.);
#914=VECTOR('',#3692,10.);
#915=VECTOR('',#3693,10.);
#916=VECTOR('',#3694,10.);
#917=VECTOR('',#3695,10.);
#918=VECTOR('',#3696,10.);
#919=VECTOR('',#3697,10.);
#920=VECTOR('',#3698,10.);
#921=VECTOR('',#3699,10.);
#922=VECTOR('',#3700,10.);
#923=VECTOR('',#3701,10.);
#924=VECTOR('',#3704,10.);
#925=VECTOR('',#3705,10.);
#926=VECTOR('',#3706,10.);
#927=VECTOR('',#3707,10.);
#928=VECTOR('',#3708,10.);
#929=VECTOR('',#3709,10.);
#930=VECTOR('',#3710,10.);
#931=VECTOR('',#3711,10.);
#932=VECTOR('',#3712,10.);
#933=VECTOR('',#3713,10.);
#934=VECTOR('',#3714,10.);
#935=VECTOR('',#3715,10.);
#936=VECTOR('',#3716,10.);
#937=VECTOR('',#3717,10.);
#938=VECTOR('',#3718,10.);
#939=VECTOR('',#3719,10.);
#940=VECTOR('',#3720,10.);
#941=VECTOR('',#3721,10.);
#942=VECTOR('',#3722,10.);
#943=VECTOR('',#3723,10.);
#944=VECTOR('',#3724,10.);
#945=VECTOR('',#3725,10.);
#946=VECTOR('',#3726,10.);
#947=VECTOR('',#3727,10.);
#948=VECTOR('',#3728,10.);
#949=VECTOR('',#3729,10.);
#950=VECTOR('',#3730,10.);
#951=VECTOR('',#3733,10.);
#952=VECTOR('',#3734,10.);
#953=VECTOR('',#3735,10.);
#954=VECTOR('',#3736,10.);
#955=VECTOR('',#3737,10.);
#956=VECTOR('',#3738,10.);
#957=VECTOR('',#3739,10.);
#958=VECTOR('',#3740,10.);
#959=VECTOR('',#3741,10.);
#960=VECTOR('',#3742,10.);
#961=VECTOR('',#3743,10.);
#962=VECTOR('',#3744,10.);
#963=VECTOR('',#3745,10.);
#964=VECTOR('',#3746,10.);
#965=VECTOR('',#3747,10.);
#966=VECTOR('',#3748,10.);
#967=VECTOR('',#3749,10.);
#968=VECTOR('',#3750,10.);
#969=VECTOR('',#3751,10.);
#970=VECTOR('',#3752,10.);
#971=VECTOR('',#3753,10.);
#972=VECTOR('',#3754,10.);
#973=VECTOR('',#3755,10.);
#974=VECTOR('',#3756,10.);
#975=VECTOR('',#3757,10.);
#976=VECTOR('',#3758,10.);
#977=VECTOR('',#3759,10.);
#978=VECTOR('',#3762,10.);
#979=VECTOR('',#3763,10.);
#980=VECTOR('',#3764,10.);
#981=VECTOR('',#3765,10.);
#982=VECTOR('',#3766,10.);
#983=VECTOR('',#3767,10.);
#984=VECTOR('',#3768,10.);
#985=VECTOR('',#3769,10.);
#986=VECTOR('',#3770,10.);
#987=VECTOR('',#3771,10.);
#988=VECTOR('',#3772,10.);
#989=VECTOR('',#3773,10.);
#990=VECTOR('',#3774,10.);
#991=VECTOR('',#3775,10.);
#992=VECTOR('',#3776,10.);
#993=VECTOR('',#3777,10.);
#994=VECTOR('',#3778,10.);
#995=VECTOR('',#3779,10.);
#996=VECTOR('',#3780,10.);
#997=VECTOR('',#3781,10.);
#998=VECTOR('',#3782,10.);
#999=VECTOR('',#3783,10.);
#1000=VECTOR('',#3784,10.);
#1001=VECTOR('',#3785,10.);
#1002=VECTOR('',#3786,10.);
#1003=VECTOR('',#3795,10.);
#1004=VECTOR('',#3802,10.);
#1005=VECTOR('',#3805,10.);
#1006=VECTOR('',#3808,10.);
#1007=VECTOR('',#3811,10.);
#1008=VECTOR('',#3814,10.);
#1009=VECTOR('',#3821,10.);
#1010=VECTOR('',#3824,10.);
#1011=VECTOR('',#3827,10.);
#1012=VECTOR('',#3830,10.);
#1013=VECTOR('',#3833,10.);
#1014=VECTOR('',#3840,10.);
#1015=VECTOR('',#3843,10.);
#1016=VECTOR('',#3846,10.);
#1017=VECTOR('',#3849,10.);
#1018=VECTOR('',#3852,10.);
#1019=VECTOR('',#3859,10.);
#1020=VECTOR('',#3862,10.);
#1021=VECTOR('',#3865,10.);
#1022=VECTOR('',#3868,10.);
#1023=VECTOR('',#3875,1.1);
#1024=VECTOR('',#3876,1.1);
#1025=VECTOR('',#3881,1.25);
#1026=VECTOR('',#3886,1.1);
#1027=VECTOR('',#3889,10.);
#1028=VECTOR('',#3892,10.);
#1029=VECTOR('',#3895,10.);
#1030=VECTOR('',#3896,10.);
#1031=VECTOR('',#3899,10.);
#1032=VECTOR('',#3904,10.);
#1033=VECTOR('',#3905,10.);
#1034=VECTOR('',#3908,1.25);
#1035=VECTOR('',#3911,1.1);
#1036=VECTOR('',#3914,1.25);
#1037=VECTOR('',#3921,1.1);
#1038=VECTOR('',#3924,10.);
#1039=VECTOR('',#3925,10.);
#1040=VECTOR('',#3928,10.);
#1041=VECTOR('',#3931,10.);
#1042=VECTOR('',#3934,10.);
#1043=VECTOR('',#3935,10.);
#1044=VECTOR('',#3938,10.);
#1045=VECTOR('',#3943,10.);
#1046=VECTOR('',#3944,10.);
#1047=VECTOR('',#3947,1.25);
#1048=VECTOR('',#3950,1.1);
#1049=VECTOR('',#3953,1.25);
#1050=VECTOR('',#3960,1.1);
#1051=VECTOR('',#3963,10.);
#1052=VECTOR('',#3964,10.);
#1053=VECTOR('',#3967,10.);
#1054=VECTOR('',#3970,10.);
#1055=VECTOR('',#3973,10.);
#1056=VECTOR('',#3974,10.);
#1057=VECTOR('',#3977,10.);
#1058=VECTOR('',#3982,10.);
#1059=VECTOR('',#3983,10.);
#1060=VECTOR('',#3986,1.25);
#1061=VECTOR('',#3989,1.1);
#1062=VECTOR('',#3992,1.25);
#1063=VECTOR('',#3999,1.1);
#1064=VECTOR('',#4002,10.);
#1065=VECTOR('',#4003,10.);
#1066=VECTOR('',#4006,10.);
#1067=VECTOR('',#4009,10.);
#1068=VECTOR('',#4012,10.);
#1069=VECTOR('',#4013,10.);
#1070=VECTOR('',#4016,10.);
#1071=VECTOR('',#4021,10.);
#1072=VECTOR('',#4022,10.);
#1073=VECTOR('',#4025,10.);
#1074=VECTOR('',#4030,10.);
#1075=VECTOR('',#4035,10.);
#1076=VECTOR('',#4040,10.);
#1077=VECTOR('',#4045,10.);
#1078=VECTOR('',#4050,10.);
#1079=VECTOR('',#4051,10.);
#1080=VECTOR('',#4056,10.);
#1081=VECTOR('',#4061,10.);
#1082=VECTOR('',#4066,10.);
#1083=VECTOR('',#4069,10.);
#1084=VECTOR('',#4072,10.);
#1085=VECTOR('',#4075,10.);
#1086=VECTOR('',#4078,10.);
#1087=VECTOR('',#4081,10.);
#1088=VECTOR('',#4084,10.);
#1089=VECTOR('',#4087,10.);
#1090=VECTOR('',#4090,10.);
#1091=VECTOR('',#4095,1.25);
#1092=VECTOR('',#4100,1.25);
#1093=VECTOR('',#4105,1.25);
#1094=VECTOR('',#4110,1.25);
#1095=VECTOR('',#4113,10.);
#1096=VECTOR('',#4114,10.);
#1097=VECTOR('',#4115,10.);
#1098=VECTOR('',#4120,10.);
#1099=VECTOR('',#4123,10.);
#1100=VECTOR('',#4124,10.);
#1101=VECTOR('',#4127,10.);
#1102=VECTOR('',#4128,10.);
#1103=VECTOR('',#4131,10.);
#1104=VECTOR('',#4132,10.);
#1105=VECTOR('',#4135,10.);
#1106=VECTOR('',#4136,10.);
#1107=VECTOR('',#4139,10.);
#1108=VECTOR('',#4140,10.);
#1109=VECTOR('',#4143,10.);
#1110=VECTOR('',#4144,10.);
#1111=VECTOR('',#4147,10.);
#1112=VECTOR('',#4148,10.);
#1113=VECTOR('',#4151,10.);
#1114=VECTOR('',#4152,10.);
#1115=VECTOR('',#4155,10.);
#1116=VECTOR('',#4156,10.);
#1117=VECTOR('',#4159,10.);
#1118=VECTOR('',#4160,10.);
#1119=VECTOR('',#4163,10.);
#1120=VECTOR('',#4164,10.);
#1121=VECTOR('',#4167,10.);
#1122=VECTOR('',#4168,10.);
#1123=VECTOR('',#4171,10.);
#1124=VECTOR('',#4172,10.);
#1125=VECTOR('',#4175,10.);
#1126=VECTOR('',#4176,10.);
#1127=VECTOR('',#4179,10.);
#1128=VECTOR('',#4180,10.);
#1129=VECTOR('',#4183,10.);
#1130=VECTOR('',#4184,10.);
#1131=VECTOR('',#4187,10.);
#1132=VECTOR('',#4188,10.);
#1133=VECTOR('',#4191,10.);
#1134=VECTOR('',#4192,10.);
#1135=VECTOR('',#4195,10.);
#1136=VECTOR('',#4196,10.);
#1137=VECTOR('',#4199,10.);
#1138=VECTOR('',#4200,10.);
#1139=VECTOR('',#4203,10.);
#1140=VECTOR('',#4204,10.);
#1141=VECTOR('',#4207,10.);
#1142=VECTOR('',#4208,10.);
#1143=VECTOR('',#4211,10.);
#1144=VECTOR('',#4212,10.);
#1145=VECTOR('',#4215,10.);
#1146=VECTOR('',#4216,10.);
#1147=VECTOR('',#4219,10.);
#1148=VECTOR('',#4220,10.);
#1149=VECTOR('',#4223,10.);
#1150=VECTOR('',#4224,10.);
#1151=VECTOR('',#4227,10.);
#1152=VECTOR('',#4228,10.);
#1153=VECTOR('',#4233,10.);
#1154=VECTOR('',#4236,10.);
#1155=VECTOR('',#4237,10.);
#1156=VECTOR('',#4240,10.);
#1157=VECTOR('',#4241,10.);
#1158=VECTOR('',#4244,10.);
#1159=VECTOR('',#4245,10.);
#1160=VECTOR('',#4248,10.);
#1161=VECTOR('',#4249,10.);
#1162=VECTOR('',#4252,10.);
#1163=VECTOR('',#4253,10.);
#1164=VECTOR('',#4256,10.);
#1165=VECTOR('',#4257,10.);
#1166=VECTOR('',#4260,10.);
#1167=VECTOR('',#4261,10.);
#1168=VECTOR('',#4264,10.);
#1169=VECTOR('',#4265,10.);
#1170=VECTOR('',#4268,10.);
#1171=VECTOR('',#4269,10.);
#1172=VECTOR('',#4272,10.);
#1173=VECTOR('',#4273,10.);
#1174=VECTOR('',#4276,10.);
#1175=VECTOR('',#4277,10.);
#1176=VECTOR('',#4280,10.);
#1177=VECTOR('',#4281,10.);
#1178=VECTOR('',#4284,10.);
#1179=VECTOR('',#4285,10.);
#1180=VECTOR('',#4288,10.);
#1181=VECTOR('',#4289,10.);
#1182=VECTOR('',#4292,10.);
#1183=VECTOR('',#4293,10.);
#1184=VECTOR('',#4296,10.);
#1185=VECTOR('',#4297,10.);
#1186=VECTOR('',#4300,10.);
#1187=VECTOR('',#4301,10.);
#1188=VECTOR('',#4304,10.);
#1189=VECTOR('',#4305,10.);
#1190=VECTOR('',#4308,10.);
#1191=VECTOR('',#4309,10.);
#1192=VECTOR('',#4312,10.);
#1193=VECTOR('',#4313,10.);
#1194=VECTOR('',#4316,10.);
#1195=VECTOR('',#4317,10.);
#1196=VECTOR('',#4320,10.);
#1197=VECTOR('',#4321,10.);
#1198=VECTOR('',#4324,10.);
#1199=VECTOR('',#4325,10.);
#1200=VECTOR('',#4328,10.);
#1201=VECTOR('',#4329,10.);
#1202=VECTOR('',#4332,10.);
#1203=VECTOR('',#4333,10.);
#1204=VECTOR('',#4336,10.);
#1205=VECTOR('',#4337,10.);
#1206=VECTOR('',#4340,10.);
#1207=VECTOR('',#4341,10.);
#1208=VECTOR('',#4346,10.);
#1209=VECTOR('',#4349,10.);
#1210=VECTOR('',#4350,10.);
#1211=VECTOR('',#4353,10.);
#1212=VECTOR('',#4354,10.);
#1213=VECTOR('',#4357,10.);
#1214=VECTOR('',#4358,10.);
#1215=VECTOR('',#4361,10.);
#1216=VECTOR('',#4362,10.);
#1217=VECTOR('',#4365,10.);
#1218=VECTOR('',#4366,10.);
#1219=VECTOR('',#4369,10.);
#1220=VECTOR('',#4370,10.);
#1221=VECTOR('',#4373,10.);
#1222=VECTOR('',#4374,10.);
#1223=VECTOR('',#4377,10.);
#1224=VECTOR('',#4378,10.);
#1225=VECTOR('',#4381,10.);
#1226=VECTOR('',#4382,10.);
#1227=VECTOR('',#4385,10.);
#1228=VECTOR('',#4386,10.);
#1229=VECTOR('',#4389,10.);
#1230=VECTOR('',#4390,10.);
#1231=VECTOR('',#4393,10.);
#1232=VECTOR('',#4394,10.);
#1233=VECTOR('',#4397,10.);
#1234=VECTOR('',#4398,10.);
#1235=VECTOR('',#4401,10.);
#1236=VECTOR('',#4402,10.);
#1237=VECTOR('',#4405,10.);
#1238=VECTOR('',#4406,10.);
#1239=VECTOR('',#4409,10.);
#1240=VECTOR('',#4410,10.);
#1241=VECTOR('',#4413,10.);
#1242=VECTOR('',#4414,10.);
#1243=VECTOR('',#4417,10.);
#1244=VECTOR('',#4418,10.);
#1245=VECTOR('',#4421,10.);
#1246=VECTOR('',#4422,10.);
#1247=VECTOR('',#4425,10.);
#1248=VECTOR('',#4426,10.);
#1249=VECTOR('',#4429,10.);
#1250=VECTOR('',#4430,10.);
#1251=VECTOR('',#4433,10.);
#1252=VECTOR('',#4434,10.);
#1253=VECTOR('',#4437,10.);
#1254=VECTOR('',#4438,10.);
#1255=VECTOR('',#4441,10.);
#1256=VECTOR('',#4442,10.);
#1257=VECTOR('',#4445,10.);
#1258=VECTOR('',#4446,10.);
#1259=VECTOR('',#4449,10.);
#1260=VECTOR('',#4450,10.);
#1261=VECTOR('',#4453,10.);
#1262=VECTOR('',#4454,10.);
#1263=VECTOR('',#4459,10.);
#1264=VECTOR('',#4462,10.);
#1265=VECTOR('',#4463,10.);
#1266=VECTOR('',#4466,10.);
#1267=VECTOR('',#4467,10.);
#1268=VECTOR('',#4470,10.);
#1269=VECTOR('',#4471,10.);
#1270=VECTOR('',#4474,10.);
#1271=VECTOR('',#4475,10.);
#1272=VECTOR('',#4478,10.);
#1273=VECTOR('',#4479,10.);
#1274=VECTOR('',#4482,10.);
#1275=VECTOR('',#4483,10.);
#1276=VECTOR('',#4486,10.);
#1277=VECTOR('',#4487,10.);
#1278=VECTOR('',#4490,10.);
#1279=VECTOR('',#4491,10.);
#1280=VECTOR('',#4494,10.);
#1281=VECTOR('',#4495,10.);
#1282=VECTOR('',#4498,10.);
#1283=VECTOR('',#4499,10.);
#1284=VECTOR('',#4502,10.);
#1285=VECTOR('',#4503,10.);
#1286=VECTOR('',#4506,10.);
#1287=VECTOR('',#4507,10.);
#1288=VECTOR('',#4510,10.);
#1289=VECTOR('',#4511,10.);
#1290=VECTOR('',#4514,10.);
#1291=VECTOR('',#4515,10.);
#1292=VECTOR('',#4518,10.);
#1293=VECTOR('',#4519,10.);
#1294=VECTOR('',#4522,10.);
#1295=VECTOR('',#4523,10.);
#1296=VECTOR('',#4526,10.);
#1297=VECTOR('',#4527,10.);
#1298=VECTOR('',#4530,10.);
#1299=VECTOR('',#4531,10.);
#1300=VECTOR('',#4534,10.);
#1301=VECTOR('',#4535,10.);
#1302=VECTOR('',#4538,10.);
#1303=VECTOR('',#4539,10.);
#1304=VECTOR('',#4542,10.);
#1305=VECTOR('',#4543,10.);
#1306=VECTOR('',#4546,10.);
#1307=VECTOR('',#4547,10.);
#1308=VECTOR('',#4550,10.);
#1309=VECTOR('',#4551,10.);
#1310=VECTOR('',#4554,10.);
#1311=VECTOR('',#4555,10.);
#1312=VECTOR('',#4558,10.);
#1313=VECTOR('',#4559,10.);
#1314=VECTOR('',#4562,10.);
#1315=VERTEX_POINT('',#4567);
#1316=VERTEX_POINT('',#4568);
#1317=VERTEX_POINT('',#4570);
#1318=VERTEX_POINT('',#4572);
#1319=VERTEX_POINT('',#4574);
#1320=VERTEX_POINT('',#4576);
#1321=VERTEX_POINT('',#4578);
#1322=VERTEX_POINT('',#4580);
#1323=VERTEX_POINT('',#4582);
#1324=VERTEX_POINT('',#4584);
#1325=VERTEX_POINT('',#4586);
#1326=VERTEX_POINT('',#4588);
#1327=VERTEX_POINT('',#4590);
#1328=VERTEX_POINT('',#4592);
#1329=VERTEX_POINT('',#4594);
#1330=VERTEX_POINT('',#4596);
#1331=VERTEX_POINT('',#4598);
#1332=VERTEX_POINT('',#4600);
#1333=VERTEX_POINT('',#4602);
#1334=VERTEX_POINT('',#4604);
#1335=VERTEX_POINT('',#4606);
#1336=VERTEX_POINT('',#4608);
#1337=VERTEX_POINT('',#4610);
#1338=VERTEX_POINT('',#4612);
#1339=VERTEX_POINT('',#4614);
#1340=VERTEX_POINT('',#4616);
#1341=VERTEX_POINT('',#4618);
#1342=VERTEX_POINT('',#4620);
#1343=VERTEX_POINT('',#4622);
#1344=VERTEX_POINT('',#4624);
#1345=VERTEX_POINT('',#4626);
#1346=VERTEX_POINT('',#4628);
#1347=VERTEX_POINT('',#4630);
#1348=VERTEX_POINT('',#4632);
#1349=VERTEX_POINT('',#4634);
#1350=VERTEX_POINT('',#4636);
#1351=VERTEX_POINT('',#4638);
#1352=VERTEX_POINT('',#4640);
#1353=VERTEX_POINT('',#4642);
#1354=VERTEX_POINT('',#4644);
#1355=VERTEX_POINT('',#4646);
#1356=VERTEX_POINT('',#4648);
#1357=VERTEX_POINT('',#4650);
#1358=VERTEX_POINT('',#4652);
#1359=VERTEX_POINT('',#4654);
#1360=VERTEX_POINT('',#4656);
#1361=VERTEX_POINT('',#4658);
#1362=VERTEX_POINT('',#4660);
#1363=VERTEX_POINT('',#4662);
#1364=VERTEX_POINT('',#4664);
#1365=VERTEX_POINT('',#4666);
#1366=VERTEX_POINT('',#4668);
#1367=VERTEX_POINT('',#4670);
#1368=VERTEX_POINT('',#4672);
#1369=VERTEX_POINT('',#4674);
#1370=VERTEX_POINT('',#4676);
#1371=VERTEX_POINT('',#4678);
#1372=VERTEX_POINT('',#4680);
#1373=VERTEX_POINT('',#4682);
#1374=VERTEX_POINT('',#4684);
#1375=VERTEX_POINT('',#4686);
#1376=VERTEX_POINT('',#4688);
#1377=VERTEX_POINT('',#4690);
#1378=VERTEX_POINT('',#4692);
#1379=VERTEX_POINT('',#4694);
#1380=VERTEX_POINT('',#4696);
#1381=VERTEX_POINT('',#4698);
#1382=VERTEX_POINT('',#4700);
#1383=VERTEX_POINT('',#4702);
#1384=VERTEX_POINT('',#4704);
#1385=VERTEX_POINT('',#4706);
#1386=VERTEX_POINT('',#4708);
#1387=VERTEX_POINT('',#4710);
#1388=VERTEX_POINT('',#4712);
#1389=VERTEX_POINT('',#4714);
#1390=VERTEX_POINT('',#4716);
#1391=VERTEX_POINT('',#4718);
#1392=VERTEX_POINT('',#4720);
#1393=VERTEX_POINT('',#4722);
#1394=VERTEX_POINT('',#4724);
#1395=VERTEX_POINT('',#4726);
#1396=VERTEX_POINT('',#4728);
#1397=VERTEX_POINT('',#4730);
#1398=VERTEX_POINT('',#4732);
#1399=VERTEX_POINT('',#4734);
#1400=VERTEX_POINT('',#4736);
#1401=VERTEX_POINT('',#4738);
#1402=VERTEX_POINT('',#4740);
#1403=VERTEX_POINT('',#4742);
#1404=VERTEX_POINT('',#4744);
#1405=VERTEX_POINT('',#4746);
#1406=VERTEX_POINT('',#4748);
#1407=VERTEX_POINT('',#4750);
#1408=VERTEX_POINT('',#4752);
#1409=VERTEX_POINT('',#4754);
#1410=VERTEX_POINT('',#4756);
#1411=VERTEX_POINT('',#4758);
#1412=VERTEX_POINT('',#4760);
#1413=VERTEX_POINT('',#4762);
#1414=VERTEX_POINT('',#4764);
#1415=VERTEX_POINT('',#4766);
#1416=VERTEX_POINT('',#4768);
#1417=VERTEX_POINT('',#4770);
#1418=VERTEX_POINT('',#4772);
#1419=VERTEX_POINT('',#4774);
#1420=VERTEX_POINT('',#4776);
#1421=VERTEX_POINT('',#4778);
#1422=VERTEX_POINT('',#4780);
#1423=VERTEX_POINT('',#4782);
#1424=VERTEX_POINT('',#4784);
#1425=VERTEX_POINT('',#4786);
#1426=VERTEX_POINT('',#4788);
#1427=VERTEX_POINT('',#4791);
#1428=VERTEX_POINT('',#4793);
#1429=VERTEX_POINT('',#4795);
#1430=VERTEX_POINT('',#4797);
#1431=VERTEX_POINT('',#4799);
#1432=VERTEX_POINT('',#4800);
#1433=VERTEX_POINT('',#4802);
#1434=VERTEX_POINT('',#4804);
#1435=VERTEX_POINT('',#4806);
#1436=VERTEX_POINT('',#4808);
#1437=VERTEX_POINT('',#4810);
#1438=VERTEX_POINT('',#4812);
#1439=VERTEX_POINT('',#4814);
#1440=VERTEX_POINT('',#4816);
#1441=VERTEX_POINT('',#4818);
#1442=VERTEX_POINT('',#4820);
#1443=VERTEX_POINT('',#4822);
#1444=VERTEX_POINT('',#4824);
#1445=VERTEX_POINT('',#4826);
#1446=VERTEX_POINT('',#4828);
#1447=VERTEX_POINT('',#4830);
#1448=VERTEX_POINT('',#4832);
#1449=VERTEX_POINT('',#4834);
#1450=VERTEX_POINT('',#4836);
#1451=VERTEX_POINT('',#4838);
#1452=VERTEX_POINT('',#4840);
#1453=VERTEX_POINT('',#4842);
#1454=VERTEX_POINT('',#4844);
#1455=VERTEX_POINT('',#4846);
#1456=VERTEX_POINT('',#4848);
#1457=VERTEX_POINT('',#4850);
#1458=VERTEX_POINT('',#4852);
#1459=VERTEX_POINT('',#4854);
#1460=VERTEX_POINT('',#4856);
#1461=VERTEX_POINT('',#4858);
#1462=VERTEX_POINT('',#4860);
#1463=VERTEX_POINT('',#4862);
#1464=VERTEX_POINT('',#4864);
#1465=VERTEX_POINT('',#4866);
#1466=VERTEX_POINT('',#4868);
#1467=VERTEX_POINT('',#4870);
#1468=VERTEX_POINT('',#4872);
#1469=VERTEX_POINT('',#4874);
#1470=VERTEX_POINT('',#4876);
#1471=VERTEX_POINT('',#4878);
#1472=VERTEX_POINT('',#4880);
#1473=VERTEX_POINT('',#4882);
#1474=VERTEX_POINT('',#4884);
#1475=VERTEX_POINT('',#4886);
#1476=VERTEX_POINT('',#4888);
#1477=VERTEX_POINT('',#4890);
#1478=VERTEX_POINT('',#4892);
#1479=VERTEX_POINT('',#4896);
#1480=VERTEX_POINT('',#4897);
#1481=VERTEX_POINT('',#4902);
#1482=VERTEX_POINT('',#4906);
#1483=VERTEX_POINT('',#4910);
#1484=VERTEX_POINT('',#4912);
#1485=VERTEX_POINT('',#4916);
#1486=VERTEX_POINT('',#4920);
#1487=VERTEX_POINT('',#4924);
#1488=VERTEX_POINT('',#4928);
#1489=VERTEX_POINT('',#4930);
#1490=VERTEX_POINT('',#4934);
#1491=VERTEX_POINT('',#4938);
#1492=VERTEX_POINT('',#4942);
#1493=VERTEX_POINT('',#4946);
#1494=VERTEX_POINT('',#4948);
#1495=VERTEX_POINT('',#4952);
#1496=VERTEX_POINT('',#4956);
#1497=VERTEX_POINT('',#4960);
#1498=VERTEX_POINT('',#4964);
#1499=VERTEX_POINT('',#4966);
#1500=VERTEX_POINT('',#4970);
#1501=VERTEX_POINT('',#4974);
#1502=VERTEX_POINT('',#4978);
#1503=VERTEX_POINT('',#4982);
#1504=VERTEX_POINT('',#4984);
#1505=VERTEX_POINT('',#4988);
#1506=VERTEX_POINT('',#4992);
#1507=VERTEX_POINT('',#4996);
#1508=VERTEX_POINT('',#5000);
#1509=VERTEX_POINT('',#5002);
#1510=VERTEX_POINT('',#5006);
#1511=VERTEX_POINT('',#5010);
#1512=VERTEX_POINT('',#5014);
#1513=VERTEX_POINT('',#5018);
#1514=VERTEX_POINT('',#5020);
#1515=VERTEX_POINT('',#5024);
#1516=VERTEX_POINT('',#5028);
#1517=VERTEX_POINT('',#5032);
#1518=VERTEX_POINT('',#5036);
#1519=VERTEX_POINT('',#5040);
#1520=VERTEX_POINT('',#5044);
#1521=VERTEX_POINT('',#5048);
#1522=VERTEX_POINT('',#5052);
#1523=VERTEX_POINT('',#5056);
#1524=VERTEX_POINT('',#5058);
#1525=VERTEX_POINT('',#5062);
#1526=VERTEX_POINT('',#5066);
#1527=VERTEX_POINT('',#5088);
#1528=VERTEX_POINT('',#5092);
#1529=VERTEX_POINT('',#5096);
#1530=VERTEX_POINT('',#5100);
#1531=VERTEX_POINT('',#5104);
#1532=VERTEX_POINT('',#5106);
#1533=VERTEX_POINT('',#5110);
#1534=VERTEX_POINT('',#5114);
#1535=VERTEX_POINT('',#5118);
#1536=VERTEX_POINT('',#5122);
#1537=VERTEX_POINT('',#5126);
#1538=VERTEX_POINT('',#5130);
#1539=VERTEX_POINT('',#5134);
#1540=VERTEX_POINT('',#5138);
#1541=VERTEX_POINT('',#5142);
#1542=VERTEX_POINT('',#5146);
#1543=VERTEX_POINT('',#5150);
#1544=VERTEX_POINT('',#5154);
#1545=VERTEX_POINT('',#5158);
#1546=VERTEX_POINT('',#5162);
#1547=VERTEX_POINT('',#5166);
#1548=VERTEX_POINT('',#5170);
#1549=VERTEX_POINT('',#5174);
#1550=VERTEX_POINT('',#5178);
#1551=VERTEX_POINT('',#5182);
#1552=VERTEX_POINT('',#5186);
#1553=VERTEX_POINT('',#5190);
#1554=VERTEX_POINT('',#5194);
#1555=VERTEX_POINT('',#5198);
#1556=VERTEX_POINT('',#5202);
#1557=VERTEX_POINT('',#5206);
#1558=VERTEX_POINT('',#5210);
#1559=VERTEX_POINT('',#5214);
#1560=VERTEX_POINT('',#5218);
#1561=VERTEX_POINT('',#5222);
#1562=VERTEX_POINT('',#5226);
#1563=VERTEX_POINT('',#5230);
#1564=VERTEX_POINT('',#5234);
#1565=VERTEX_POINT('',#5238);
#1566=VERTEX_POINT('',#5242);
#1567=VERTEX_POINT('',#5246);
#1568=VERTEX_POINT('',#5250);
#1569=VERTEX_POINT('',#5254);
#1570=VERTEX_POINT('',#5258);
#1571=VERTEX_POINT('',#5262);
#1572=VERTEX_POINT('',#5266);
#1573=VERTEX_POINT('',#5270);
#1574=VERTEX_POINT('',#5274);
#1575=VERTEX_POINT('',#5278);
#1576=VERTEX_POINT('',#5282);
#1577=VERTEX_POINT('',#5286);
#1578=VERTEX_POINT('',#5290);
#1579=VERTEX_POINT('',#5294);
#1580=VERTEX_POINT('',#5298);
#1581=VERTEX_POINT('',#5302);
#1582=VERTEX_POINT('',#5306);
#1583=VERTEX_POINT('',#5310);
#1584=VERTEX_POINT('',#5314);
#1585=VERTEX_POINT('',#5318);
#1586=VERTEX_POINT('',#5322);
#1587=VERTEX_POINT('',#5326);
#1588=VERTEX_POINT('',#5330);
#1589=VERTEX_POINT('',#5334);
#1590=VERTEX_POINT('',#5338);
#1591=VERTEX_POINT('',#5342);
#1592=VERTEX_POINT('',#5346);
#1593=VERTEX_POINT('',#5350);
#1594=VERTEX_POINT('',#5354);
#1595=VERTEX_POINT('',#5358);
#1596=VERTEX_POINT('',#5362);
#1597=VERTEX_POINT('',#5366);
#1598=VERTEX_POINT('',#5370);
#1599=VERTEX_POINT('',#5374);
#1600=VERTEX_POINT('',#5378);
#1601=VERTEX_POINT('',#5382);
#1602=VERTEX_POINT('',#5386);
#1603=VERTEX_POINT('',#5390);
#1604=VERTEX_POINT('',#5394);
#1605=VERTEX_POINT('',#5398);
#1606=VERTEX_POINT('',#5402);
#1607=VERTEX_POINT('',#5406);
#1608=VERTEX_POINT('',#5410);
#1609=VERTEX_POINT('',#5414);
#1610=VERTEX_POINT('',#5418);
#1611=VERTEX_POINT('',#5422);
#1612=VERTEX_POINT('',#5426);
#1613=VERTEX_POINT('',#5430);
#1614=VERTEX_POINT('',#5434);
#1615=VERTEX_POINT('',#5438);
#1616=VERTEX_POINT('',#5442);
#1617=VERTEX_POINT('',#5446);
#1618=VERTEX_POINT('',#5450);
#1619=VERTEX_POINT('',#5454);
#1620=VERTEX_POINT('',#5458);
#1621=VERTEX_POINT('',#5462);
#1622=VERTEX_POINT('',#5466);
#1623=VERTEX_POINT('',#5470);
#1624=VERTEX_POINT('',#5474);
#1625=VERTEX_POINT('',#5478);
#1626=VERTEX_POINT('',#5482);
#1627=VERTEX_POINT('',#5486);
#1628=VERTEX_POINT('',#5490);
#1629=VERTEX_POINT('',#5494);
#1630=VERTEX_POINT('',#5498);
#1631=VERTEX_POINT('',#5502);
#1632=VERTEX_POINT('',#5506);
#1633=VERTEX_POINT('',#5510);
#1634=VERTEX_POINT('',#5514);
#1635=VERTEX_POINT('',#5518);
#1636=VERTEX_POINT('',#5522);
#1637=VERTEX_POINT('',#5526);
#1638=VERTEX_POINT('',#5530);
#1639=VERTEX_POINT('',#5534);
#1640=VERTEX_POINT('',#5538);
#1641=VERTEX_POINT('',#5542);
#1642=VERTEX_POINT('',#5546);
#1643=EDGE_CURVE('',#1315,#1316,#475,.T.);
#1644=EDGE_CURVE('',#1315,#1317,#476,.T.);
#1645=EDGE_CURVE('',#1318,#1317,#403,.T.);
#1646=EDGE_CURVE('',#1318,#1319,#477,.T.);
#1647=EDGE_CURVE('',#1319,#1320,#478,.T.);
#1648=EDGE_CURVE('',#1320,#1321,#479,.T.);
#1649=EDGE_CURVE('',#1321,#1322,#480,.T.);
#1650=EDGE_CURVE('',#1322,#1323,#481,.T.);
#1651=EDGE_CURVE('',#1323,#1324,#482,.T.);
#1652=EDGE_CURVE('',#1324,#1325,#483,.T.);
#1653=EDGE_CURVE('',#1325,#1326,#484,.T.);
#1654=EDGE_CURVE('',#1326,#1327,#485,.T.);
#1655=EDGE_CURVE('',#1327,#1328,#486,.T.);
#1656=EDGE_CURVE('',#1328,#1329,#487,.T.);
#1657=EDGE_CURVE('',#1329,#1330,#488,.T.);
#1658=EDGE_CURVE('',#1330,#1331,#489,.T.);
#1659=EDGE_CURVE('',#1331,#1332,#490,.T.);
#1660=EDGE_CURVE('',#1333,#1332,#491,.T.);
#1661=EDGE_CURVE('',#1334,#1333,#492,.T.);
#1662=EDGE_CURVE('',#1335,#1334,#493,.T.);
#1663=EDGE_CURVE('',#1336,#1335,#494,.T.);
#1664=EDGE_CURVE('',#1337,#1336,#495,.T.);
#1665=EDGE_CURVE('',#1338,#1337,#496,.T.);
#1666=EDGE_CURVE('',#1339,#1338,#497,.T.);
#1667=EDGE_CURVE('',#1340,#1339,#498,.T.);
#1668=EDGE_CURVE('',#1341,#1340,#499,.T.);
#1669=EDGE_CURVE('',#1342,#1341,#500,.T.);
#1670=EDGE_CURVE('',#1343,#1342,#501,.T.);
#1671=EDGE_CURVE('',#1344,#1343,#502,.T.);
#1672=EDGE_CURVE('',#1344,#1345,#503,.T.);
#1673=EDGE_CURVE('',#1346,#1345,#404,.T.);
#1674=EDGE_CURVE('',#1346,#1347,#504,.T.);
#1675=EDGE_CURVE('',#1347,#1348,#505,.T.);
#1676=EDGE_CURVE('',#1348,#1349,#506,.T.);
#1677=EDGE_CURVE('',#1349,#1350,#507,.T.);
#1678=EDGE_CURVE('',#1350,#1351,#508,.T.);
#1679=EDGE_CURVE('',#1351,#1352,#509,.T.);
#1680=EDGE_CURVE('',#1352,#1353,#510,.T.);
#1681=EDGE_CURVE('',#1353,#1354,#511,.T.);
#1682=EDGE_CURVE('',#1354,#1355,#512,.T.);
#1683=EDGE_CURVE('',#1355,#1356,#513,.T.);
#1684=EDGE_CURVE('',#1356,#1357,#514,.T.);
#1685=EDGE_CURVE('',#1357,#1358,#515,.T.);
#1686=EDGE_CURVE('',#1358,#1359,#516,.T.);
#1687=EDGE_CURVE('',#1359,#1360,#517,.T.);
#1688=EDGE_CURVE('',#1361,#1360,#518,.T.);
#1689=EDGE_CURVE('',#1362,#1361,#519,.T.);
#1690=EDGE_CURVE('',#1363,#1362,#520,.T.);
#1691=EDGE_CURVE('',#1364,#1363,#521,.T.);
#1692=EDGE_CURVE('',#1365,#1364,#522,.T.);
#1693=EDGE_CURVE('',#1366,#1365,#523,.T.);
#1694=EDGE_CURVE('',#1367,#1366,#524,.T.);
#1695=EDGE_CURVE('',#1368,#1367,#525,.T.);
#1696=EDGE_CURVE('',#1369,#1368,#526,.T.);
#1697=EDGE_CURVE('',#1370,#1369,#527,.T.);
#1698=EDGE_CURVE('',#1371,#1370,#528,.T.);
#1699=EDGE_CURVE('',#1372,#1371,#529,.T.);
#1700=EDGE_CURVE('',#1372,#1373,#530,.T.);
#1701=EDGE_CURVE('',#1374,#1373,#405,.T.);
#1702=EDGE_CURVE('',#1374,#1375,#531,.T.);
#1703=EDGE_CURVE('',#1375,#1376,#532,.T.);
#1704=EDGE_CURVE('',#1376,#1377,#533,.T.);
#1705=EDGE_CURVE('',#1377,#1378,#534,.T.);
#1706=EDGE_CURVE('',#1378,#1379,#535,.T.);
#1707=EDGE_CURVE('',#1379,#1380,#536,.T.);
#1708=EDGE_CURVE('',#1380,#1381,#537,.T.);
#1709=EDGE_CURVE('',#1381,#1382,#538,.T.);
#1710=EDGE_CURVE('',#1382,#1383,#539,.T.);
#1711=EDGE_CURVE('',#1383,#1384,#540,.T.);
#1712=EDGE_CURVE('',#1384,#1385,#541,.T.);
#1713=EDGE_CURVE('',#1385,#1386,#542,.T.);
#1714=EDGE_CURVE('',#1386,#1387,#543,.T.);
#1715=EDGE_CURVE('',#1387,#1388,#544,.T.);
#1716=EDGE_CURVE('',#1389,#1388,#545,.T.);
#1717=EDGE_CURVE('',#1390,#1389,#546,.T.);
#1718=EDGE_CURVE('',#1391,#1390,#547,.T.);
#1719=EDGE_CURVE('',#1392,#1391,#548,.T.);
#1720=EDGE_CURVE('',#1393,#1392,#549,.T.);
#1721=EDGE_CURVE('',#1394,#1393,#550,.T.);
#1722=EDGE_CURVE('',#1395,#1394,#551,.T.);
#1723=EDGE_CURVE('',#1396,#1395,#552,.T.);
#1724=EDGE_CURVE('',#1397,#1396,#553,.T.);
#1725=EDGE_CURVE('',#1398,#1397,#554,.T.);
#1726=EDGE_CURVE('',#1399,#1398,#555,.T.);
#1727=EDGE_CURVE('',#1400,#1399,#556,.T.);
#1728=EDGE_CURVE('',#1400,#1401,#557,.T.);
#1729=EDGE_CURVE('',#1402,#1401,#406,.T.);
#1730=EDGE_CURVE('',#1402,#1403,#558,.T.);
#1731=EDGE_CURVE('',#1403,#1404,#559,.T.);
#1732=EDGE_CURVE('',#1404,#1405,#560,.T.);
#1733=EDGE_CURVE('',#1405,#1406,#561,.T.);
#1734=EDGE_CURVE('',#1406,#1407,#562,.T.);
#1735=EDGE_CURVE('',#1407,#1408,#563,.T.);
#1736=EDGE_CURVE('',#1408,#1409,#564,.T.);
#1737=EDGE_CURVE('',#1409,#1410,#565,.T.);
#1738=EDGE_CURVE('',#1410,#1411,#566,.T.);
#1739=EDGE_CURVE('',#1411,#1412,#567,.T.);
#1740=EDGE_CURVE('',#1412,#1413,#568,.T.);
#1741=EDGE_CURVE('',#1413,#1414,#569,.T.);
#1742=EDGE_CURVE('',#1414,#1415,#570,.T.);
#1743=EDGE_CURVE('',#1415,#1416,#571,.T.);
#1744=EDGE_CURVE('',#1417,#1416,#572,.T.);
#1745=EDGE_CURVE('',#1418,#1417,#573,.T.);
#1746=EDGE_CURVE('',#1419,#1418,#574,.T.);
#1747=EDGE_CURVE('',#1420,#1419,#575,.T.);
#1748=EDGE_CURVE('',#1421,#1420,#576,.T.);
#1749=EDGE_CURVE('',#1422,#1421,#577,.T.);
#1750=EDGE_CURVE('',#1423,#1422,#578,.T.);
#1751=EDGE_CURVE('',#1424,#1423,#579,.T.);
#1752=EDGE_CURVE('',#1425,#1424,#580,.T.);
#1753=EDGE_CURVE('',#1426,#1425,#581,.T.);
#1754=EDGE_CURVE('',#1316,#1426,#582,.T.);
#1755=EDGE_CURVE('',#1427,#1427,#407,.T.);
#1756=EDGE_CURVE('',#1428,#1428,#408,.T.);
#1757=EDGE_CURVE('',#1429,#1429,#409,.T.);
#1758=EDGE_CURVE('',#1430,#1430,#410,.T.);
#1759=EDGE_CURVE('',#1431,#1432,#583,.T.);
#1760=EDGE_CURVE('',#1433,#1431,#411,.T.);
#1761=EDGE_CURVE('',#1434,#1433,#412,.T.);
#1762=EDGE_CURVE('',#1435,#1434,#413,.T.);
#1763=EDGE_CURVE('',#1436,#1435,#584,.T.);
#1764=EDGE_CURVE('',#1437,#1436,#414,.T.);
#1765=EDGE_CURVE('',#1438,#1437,#585,.T.);
#1766=EDGE_CURVE('',#1439,#1438,#415,.T.);
#1767=EDGE_CURVE('',#1440,#1439,#586,.T.);
#1768=EDGE_CURVE('',#1441,#1440,#416,.T.);
#1769=EDGE_CURVE('',#1442,#1441,#587,.T.);
#1770=EDGE_CURVE('',#1443,#1442,#417,.T.);
#1771=EDGE_CURVE('',#1444,#1443,#588,.T.);
#1772=EDGE_CURVE('',#1445,#1444,#418,.T.);
#1773=EDGE_CURVE('',#1446,#1445,#419,.T.);
#1774=EDGE_CURVE('',#1447,#1446,#420,.T.);
#1775=EDGE_CURVE('',#1448,#1447,#589,.T.);
#1776=EDGE_CURVE('',#1449,#1448,#421,.T.);
#1777=EDGE_CURVE('',#1450,#1449,#590,.T.);
#1778=EDGE_CURVE('',#1451,#1450,#422,.T.);
#1779=EDGE_CURVE('',#1452,#1451,#591,.T.);
#1780=EDGE_CURVE('',#1453,#1452,#423,.T.);
#1781=EDGE_CURVE('',#1454,#1453,#592,.T.);
#1782=EDGE_CURVE('',#1455,#1454,#424,.T.);
#1783=EDGE_CURVE('',#1456,#1455,#593,.T.);
#1784=EDGE_CURVE('',#1457,#1456,#425,.T.);
#1785=EDGE_CURVE('',#1458,#1457,#426,.T.);
#1786=EDGE_CURVE('',#1459,#1458,#427,.T.);
#1787=EDGE_CURVE('',#1460,#1459,#594,.T.);
#1788=EDGE_CURVE('',#1461,#1460,#428,.T.);
#1789=EDGE_CURVE('',#1462,#1461,#595,.T.);
#1790=EDGE_CURVE('',#1463,#1462,#429,.T.);
#1791=EDGE_CURVE('',#1464,#1463,#596,.T.);
#1792=EDGE_CURVE('',#1465,#1464,#430,.T.);
#1793=EDGE_CURVE('',#1466,#1465,#597,.T.);
#1794=EDGE_CURVE('',#1467,#1466,#431,.T.);
#1795=EDGE_CURVE('',#1468,#1467,#598,.T.);
#1796=EDGE_CURVE('',#1469,#1468,#432,.T.);
#1797=EDGE_CURVE('',#1470,#1469,#433,.T.);
#1798=EDGE_CURVE('',#1471,#1470,#434,.T.);
#1799=EDGE_CURVE('',#1472,#1471,#599,.T.);
#1800=EDGE_CURVE('',#1473,#1472,#435,.T.);
#1801=EDGE_CURVE('',#1474,#1473,#600,.T.);
#1802=EDGE_CURVE('',#1475,#1474,#436,.T.);
#1803=EDGE_CURVE('',#1476,#1475,#601,.T.);
#1804=EDGE_CURVE('',#1477,#1476,#437,.T.);
#1805=EDGE_CURVE('',#1478,#1477,#602,.T.);
#1806=EDGE_CURVE('',#1432,#1478,#438,.T.);
#1807=EDGE_CURVE('',#1479,#1480,#439,.F.);
#1808=EDGE_CURVE('',#1479,#1433,#603,.T.);
#1809=EDGE_CURVE('',#1431,#1480,#604,.T.);
#1810=EDGE_CURVE('',#1481,#1479,#440,.T.);
#1811=EDGE_CURVE('',#1434,#1481,#605,.T.);
#1812=EDGE_CURVE('',#1481,#1482,#441,.T.);
#1813=EDGE_CURVE('',#1482,#1435,#606,.T.);
#1814=EDGE_CURVE('',#1476,#1483,#607,.T.);
#1815=EDGE_CURVE('',#1483,#1484,#442,.T.);
#1816=EDGE_CURVE('',#1484,#1477,#608,.T.);
#1817=EDGE_CURVE('',#1485,#1475,#609,.T.);
#1818=EDGE_CURVE('',#1483,#1485,#610,.T.);
#1819=EDGE_CURVE('',#1474,#1486,#611,.T.);
#1820=EDGE_CURVE('',#1486,#1485,#443,.T.);
#1821=EDGE_CURVE('',#1473,#1487,#612,.T.);
#1822=EDGE_CURVE('',#1486,#1487,#613,.T.);
#1823=EDGE_CURVE('',#1470,#1488,#614,.T.);
#1824=EDGE_CURVE('',#1488,#1489,#444,.T.);
#1825=EDGE_CURVE('',#1489,#1471,#615,.T.);
#1826=EDGE_CURVE('',#1469,#1490,#616,.T.);
#1827=EDGE_CURVE('',#1488,#1490,#445,.T.);
#1828=EDGE_CURVE('',#1490,#1491,#446,.F.);
#1829=EDGE_CURVE('',#1468,#1491,#617,.T.);
#1830=EDGE_CURVE('',#1467,#1492,#618,.T.);
#1831=EDGE_CURVE('',#1491,#1492,#619,.T.);
#1832=EDGE_CURVE('',#1464,#1493,#620,.T.);
#1833=EDGE_CURVE('',#1493,#1494,#447,.T.);
#1834=EDGE_CURVE('',#1494,#1465,#621,.T.);
#1835=EDGE_CURVE('',#1495,#1463,#622,.T.);
#1836=EDGE_CURVE('',#1493,#1495,#623,.T.);
#1837=EDGE_CURVE('',#1462,#1496,#624,.T.);
#1838=EDGE_CURVE('',#1496,#1495,#448,.T.);
#1839=EDGE_CURVE('',#1461,#1497,#625,.T.);
#1840=EDGE_CURVE('',#1496,#1497,#626,.T.);
#1841=EDGE_CURVE('',#1458,#1498,#627,.T.);
#1842=EDGE_CURVE('',#1498,#1499,#449,.T.);
#1843=EDGE_CURVE('',#1499,#1459,#628,.T.);
#1844=EDGE_CURVE('',#1457,#1500,#629,.T.);
#1845=EDGE_CURVE('',#1498,#1500,#450,.T.);
#1846=EDGE_CURVE('',#1500,#1501,#451,.F.);
#1847=EDGE_CURVE('',#1456,#1501,#630,.T.);
#1848=EDGE_CURVE('',#1455,#1502,#631,.T.);
#1849=EDGE_CURVE('',#1501,#1502,#632,.T.);
#1850=EDGE_CURVE('',#1452,#1503,#633,.T.);
#1851=EDGE_CURVE('',#1503,#1504,#452,.T.);
#1852=EDGE_CURVE('',#1504,#1453,#634,.T.);
#1853=EDGE_CURVE('',#1505,#1451,#635,.T.);
#1854=EDGE_CURVE('',#1503,#1505,#636,.T.);
#1855=EDGE_CURVE('',#1450,#1506,#637,.T.);
#1856=EDGE_CURVE('',#1506,#1505,#453,.T.);
#1857=EDGE_CURVE('',#1449,#1507,#638,.T.);
#1858=EDGE_CURVE('',#1506,#1507,#639,.T.);
#1859=EDGE_CURVE('',#1446,#1508,#640,.T.);
#1860=EDGE_CURVE('',#1508,#1509,#454,.T.);
#1861=EDGE_CURVE('',#1509,#1447,#641,.T.);
#1862=EDGE_CURVE('',#1445,#1510,#642,.T.);
#1863=EDGE_CURVE('',#1508,#1510,#455,.T.);
#1864=EDGE_CURVE('',#1510,#1511,#456,.F.);
#1865=EDGE_CURVE('',#1444,#1511,#643,.T.);
#1866=EDGE_CURVE('',#1443,#1512,#644,.T.);
#1867=EDGE_CURVE('',#1511,#1512,#645,.T.);
#1868=EDGE_CURVE('',#1440,#1513,#646,.T.);
#1869=EDGE_CURVE('',#1513,#1514,#457,.T.);
#1870=EDGE_CURVE('',#1514,#1441,#647,.T.);
#1871=EDGE_CURVE('',#1515,#1439,#648,.T.);
#1872=EDGE_CURVE('',#1513,#1515,#649,.T.);
#1873=EDGE_CURVE('',#1438,#1516,#650,.T.);
#1874=EDGE_CURVE('',#1516,#1515,#458,.T.);
#1875=EDGE_CURVE('',#1437,#1517,#651,.T.);
#1876=EDGE_CURVE('',#1516,#1517,#652,.T.);
#1877=EDGE_CURVE('',#1448,#1518,#653,.T.);
#1878=EDGE_CURVE('',#1507,#1518,#459,.T.);
#1879=EDGE_CURVE('',#1454,#1519,#654,.T.);
#1880=EDGE_CURVE('',#1502,#1519,#460,.T.);
#1881=EDGE_CURVE('',#1460,#1520,#655,.T.);
#1882=EDGE_CURVE('',#1497,#1520,#461,.T.);
#1883=EDGE_CURVE('',#1466,#1521,#656,.T.);
#1884=EDGE_CURVE('',#1492,#1521,#462,.T.);
#1885=EDGE_CURVE('',#1472,#1522,#657,.T.);
#1886=EDGE_CURVE('',#1487,#1522,#463,.T.);
#1887=EDGE_CURVE('',#1432,#1523,#658,.T.);
#1888=EDGE_CURVE('',#1478,#1524,#659,.T.);
#1889=EDGE_CURVE('',#1523,#1524,#464,.T.);
#1890=EDGE_CURVE('',#1436,#1525,#660,.T.);
#1891=EDGE_CURVE('',#1517,#1525,#465,.T.);
#1892=EDGE_CURVE('',#1442,#1526,#661,.T.);
#1893=EDGE_CURVE('',#1512,#1526,#466,.T.);
#1894=EDGE_CURVE('',#1518,#1509,#662,.T.);
#1895=EDGE_CURVE('',#1519,#1504,#663,.T.);
#1896=EDGE_CURVE('',#1520,#1499,#664,.T.);
#1897=EDGE_CURVE('',#1521,#1494,#665,.T.);
#1898=EDGE_CURVE('',#1522,#1489,#666,.T.);
#1899=EDGE_CURVE('',#1524,#1484,#667,.T.);
#1900=EDGE_CURVE('',#1480,#1523,#668,.T.);
#1901=EDGE_CURVE('',#1525,#1482,#669,.T.);
#1902=EDGE_CURVE('',#1526,#1514,#670,.T.);
#1903=EDGE_CURVE('',#1527,#1527,#467,.T.);
#1904=EDGE_CURVE('',#1527,#1427,#671,.T.);
#1905=EDGE_CURVE('',#1528,#1528,#468,.T.);
#1906=EDGE_CURVE('',#1528,#1428,#672,.T.);
#1907=EDGE_CURVE('',#1529,#1529,#469,.T.);
#1908=EDGE_CURVE('',#1529,#1429,#673,.T.);
#1909=EDGE_CURVE('',#1530,#1530,#470,.T.);
#1910=EDGE_CURVE('',#1530,#1430,#674,.T.);
#1911=EDGE_CURVE('',#1315,#1531,#675,.T.);
#1912=EDGE_CURVE('',#1532,#1531,#676,.T.);
#1913=EDGE_CURVE('',#1317,#1532,#677,.T.);
#1914=EDGE_CURVE('',#1533,#1532,#471,.T.);
#1915=EDGE_CURVE('',#1318,#1533,#678,.T.);
#1916=EDGE_CURVE('',#1534,#1533,#679,.T.);
#1917=EDGE_CURVE('',#1319,#1534,#680,.T.);
#1918=EDGE_CURVE('',#1535,#1534,#681,.T.);
#1919=EDGE_CURVE('',#1320,#1535,#682,.T.);
#1920=EDGE_CURVE('',#1536,#1535,#683,.T.);
#1921=EDGE_CURVE('',#1321,#1536,#684,.T.);
#1922=EDGE_CURVE('',#1537,#1536,#685,.T.);
#1923=EDGE_CURVE('',#1322,#1537,#686,.T.);
#1924=EDGE_CURVE('',#1538,#1537,#687,.T.);
#1925=EDGE_CURVE('',#1323,#1538,#688,.T.);
#1926=EDGE_CURVE('',#1539,#1538,#689,.T.);
#1927=EDGE_CURVE('',#1324,#1539,#690,.T.);
#1928=EDGE_CURVE('',#1540,#1539,#691,.T.);
#1929=EDGE_CURVE('',#1325,#1540,#692,.T.);
#1930=EDGE_CURVE('',#1541,#1540,#693,.T.);
#1931=EDGE_CURVE('',#1326,#1541,#694,.T.);
#1932=EDGE_CURVE('',#1542,#1541,#695,.T.);
#1933=EDGE_CURVE('',#1327,#1542,#696,.T.);
#1934=EDGE_CURVE('',#1543,#1542,#697,.T.);
#1935=EDGE_CURVE('',#1328,#1543,#698,.T.);
#1936=EDGE_CURVE('',#1544,#1543,#699,.T.);
#1937=EDGE_CURVE('',#1329,#1544,#700,.T.);
#1938=EDGE_CURVE('',#1545,#1544,#701,.T.);
#1939=EDGE_CURVE('',#1330,#1545,#702,.T.);
#1940=EDGE_CURVE('',#1546,#1545,#703,.T.);
#1941=EDGE_CURVE('',#1331,#1546,#704,.T.);
#1942=EDGE_CURVE('',#1547,#1546,#705,.T.);
#1943=EDGE_CURVE('',#1332,#1547,#706,.T.);
#1944=EDGE_CURVE('',#1548,#1547,#707,.T.);
#1945=EDGE_CURVE('',#1333,#1548,#708,.T.);
#1946=EDGE_CURVE('',#1549,#1548,#709,.T.);
#1947=EDGE_CURVE('',#1334,#1549,#710,.T.);
#1948=EDGE_CURVE('',#1550,#1549,#711,.T.);
#1949=EDGE_CURVE('',#1335,#1550,#712,.T.);
#1950=EDGE_CURVE('',#1551,#1550,#713,.T.);
#1951=EDGE_CURVE('',#1336,#1551,#714,.T.);
#1952=EDGE_CURVE('',#1552,#1551,#715,.T.);
#1953=EDGE_CURVE('',#1337,#1552,#716,.T.);
#1954=EDGE_CURVE('',#1553,#1552,#717,.T.);
#1955=EDGE_CURVE('',#1338,#1553,#718,.T.);
#1956=EDGE_CURVE('',#1554,#1553,#719,.T.);
#1957=EDGE_CURVE('',#1339,#1554,#720,.T.);
#1958=EDGE_CURVE('',#1555,#1554,#721,.T.);
#1959=EDGE_CURVE('',#1340,#1555,#722,.T.);
#1960=EDGE_CURVE('',#1556,#1555,#723,.T.);
#1961=EDGE_CURVE('',#1341,#1556,#724,.T.);
#1962=EDGE_CURVE('',#1557,#1556,#725,.T.);
#1963=EDGE_CURVE('',#1342,#1557,#726,.T.);
#1964=EDGE_CURVE('',#1558,#1557,#727,.T.);
#1965=EDGE_CURVE('',#1343,#1558,#728,.T.);
#1966=EDGE_CURVE('',#1559,#1558,#729,.T.);
#1967=EDGE_CURVE('',#1344,#1559,#730,.T.);
#1968=EDGE_CURVE('',#1560,#1559,#731,.T.);
#1969=EDGE_CURVE('',#1345,#1560,#732,.T.);
#1970=EDGE_CURVE('',#1561,#1560,#472,.T.);
#1971=EDGE_CURVE('',#1346,#1561,#733,.T.);
#1972=EDGE_CURVE('',#1562,#1561,#734,.T.);
#1973=EDGE_CURVE('',#1347,#1562,#735,.T.);
#1974=EDGE_CURVE('',#1563,#1562,#736,.T.);
#1975=EDGE_CURVE('',#1348,#1563,#737,.T.);
#1976=EDGE_CURVE('',#1564,#1563,#738,.T.);
#1977=EDGE_CURVE('',#1349,#1564,#739,.T.);
#1978=EDGE_CURVE('',#1565,#1564,#740,.T.);
#1979=EDGE_CURVE('',#1350,#1565,#741,.T.);
#1980=EDGE_CURVE('',#1566,#1565,#742,.T.);
#1981=EDGE_CURVE('',#1351,#1566,#743,.T.);
#1982=EDGE_CURVE('',#1567,#1566,#744,.T.);
#1983=EDGE_CURVE('',#1352,#1567,#745,.T.);
#1984=EDGE_CURVE('',#1568,#1567,#746,.T.);
#1985=EDGE_CURVE('',#1353,#1568,#747,.T.);
#1986=EDGE_CURVE('',#1569,#1568,#748,.T.);
#1987=EDGE_CURVE('',#1354,#1569,#749,.T.);
#1988=EDGE_CURVE('',#1570,#1569,#750,.T.);
#1989=EDGE_CURVE('',#1355,#1570,#751,.T.);
#1990=EDGE_CURVE('',#1571,#1570,#752,.T.);
#1991=EDGE_CURVE('',#1356,#1571,#753,.T.);
#1992=EDGE_CURVE('',#1572,#1571,#754,.T.);
#1993=EDGE_CURVE('',#1357,#1572,#755,.T.);
#1994=EDGE_CURVE('',#1573,#1572,#756,.T.);
#1995=EDGE_CURVE('',#1358,#1573,#757,.T.);
#1996=EDGE_CURVE('',#1574,#1573,#758,.T.);
#1997=EDGE_CURVE('',#1359,#1574,#759,.T.);
#1998=EDGE_CURVE('',#1575,#1574,#760,.T.);
#1999=EDGE_CURVE('',#1360,#1575,#761,.T.);
#2000=EDGE_CURVE('',#1576,#1575,#762,.T.);
#2001=EDGE_CURVE('',#1361,#1576,#763,.T.);
#2002=EDGE_CURVE('',#1577,#1576,#764,.T.);
#2003=EDGE_CURVE('',#1362,#1577,#765,.T.);
#2004=EDGE_CURVE('',#1578,#1577,#766,.T.);
#2005=EDGE_CURVE('',#1363,#1578,#767,.T.);
#2006=EDGE_CURVE('',#1579,#1578,#768,.T.);
#2007=EDGE_CURVE('',#1364,#1579,#769,.T.);
#2008=EDGE_CURVE('',#1580,#1579,#770,.T.);
#2009=EDGE_CURVE('',#1365,#1580,#771,.T.);
#2010=EDGE_CURVE('',#1581,#1580,#772,.T.);
#2011=EDGE_CURVE('',#1366,#1581,#773,.T.);
#2012=EDGE_CURVE('',#1582,#1581,#774,.T.);
#2013=EDGE_CURVE('',#1367,#1582,#775,.T.);
#2014=EDGE_CURVE('',#1583,#1582,#776,.T.);
#2015=EDGE_CURVE('',#1368,#1583,#777,.T.);
#2016=EDGE_CURVE('',#1584,#1583,#778,.T.);
#2017=EDGE_CURVE('',#1369,#1584,#779,.T.);
#2018=EDGE_CURVE('',#1585,#1584,#780,.T.);
#2019=EDGE_CURVE('',#1370,#1585,#781,.T.);
#2020=EDGE_CURVE('',#1586,#1585,#782,.T.);
#2021=EDGE_CURVE('',#1371,#1586,#783,.T.);
#2022=EDGE_CURVE('',#1587,#1586,#784,.T.);
#2023=EDGE_CURVE('',#1372,#1587,#785,.T.);
#2024=EDGE_CURVE('',#1588,#1587,#786,.T.);
#2025=EDGE_CURVE('',#1373,#1588,#787,.T.);
#2026=EDGE_CURVE('',#1589,#1588,#473,.T.);
#2027=EDGE_CURVE('',#1374,#1589,#788,.T.);
#2028=EDGE_CURVE('',#1590,#1589,#789,.T.);
#2029=EDGE_CURVE('',#1375,#1590,#790,.T.);
#2030=EDGE_CURVE('',#1591,#1590,#791,.T.);
#2031=EDGE_CURVE('',#1376,#1591,#792,.T.);
#2032=EDGE_CURVE('',#1592,#1591,#793,.T.);
#2033=EDGE_CURVE('',#1377,#1592,#794,.T.);
#2034=EDGE_CURVE('',#1593,#1592,#795,.T.);
#2035=EDGE_CURVE('',#1378,#1593,#796,.T.);
#2036=EDGE_CURVE('',#1594,#1593,#797,.T.);
#2037=EDGE_CURVE('',#1379,#1594,#798,.T.);
#2038=EDGE_CURVE('',#1595,#1594,#799,.T.);
#2039=EDGE_CURVE('',#1380,#1595,#800,.T.);
#2040=EDGE_CURVE('',#1596,#1595,#801,.T.);
#2041=EDGE_CURVE('',#1381,#1596,#802,.T.);
#2042=EDGE_CURVE('',#1597,#1596,#803,.T.);
#2043=EDGE_CURVE('',#1382,#1597,#804,.T.);
#2044=EDGE_CURVE('',#1598,#1597,#805,.T.);
#2045=EDGE_CURVE('',#1383,#1598,#806,.T.);
#2046=EDGE_CURVE('',#1599,#1598,#807,.T.);
#2047=EDGE_CURVE('',#1384,#1599,#808,.T.);
#2048=EDGE_CURVE('',#1600,#1599,#809,.T.);
#2049=EDGE_CURVE('',#1385,#1600,#810,.T.);
#2050=EDGE_CURVE('',#1601,#1600,#811,.T.);
#2051=EDGE_CURVE('',#1386,#1601,#812,.T.);
#2052=EDGE_CURVE('',#1602,#1601,#813,.T.);
#2053=EDGE_CURVE('',#1387,#1602,#814,.T.);
#2054=EDGE_CURVE('',#1603,#1602,#815,.T.);
#2055=EDGE_CURVE('',#1388,#1603,#816,.T.);
#2056=EDGE_CURVE('',#1604,#1603,#817,.T.);
#2057=EDGE_CURVE('',#1389,#1604,#818,.T.);
#2058=EDGE_CURVE('',#1605,#1604,#819,.T.);
#2059=EDGE_CURVE('',#1390,#1605,#820,.T.);
#2060=EDGE_CURVE('',#1606,#1605,#821,.T.);
#2061=EDGE_CURVE('',#1391,#1606,#822,.T.);
#2062=EDGE_CURVE('',#1607,#1606,#823,.T.);
#2063=EDGE_CURVE('',#1392,#1607,#824,.T.);
#2064=EDGE_CURVE('',#1608,#1607,#825,.T.);
#2065=EDGE_CURVE('',#1393,#1608,#826,.T.);
#2066=EDGE_CURVE('',#1609,#1608,#827,.T.);
#2067=EDGE_CURVE('',#1394,#1609,#828,.T.);
#2068=EDGE_CURVE('',#1610,#1609,#829,.T.);
#2069=EDGE_CURVE('',#1395,#1610,#830,.T.);
#2070=EDGE_CURVE('',#1611,#1610,#831,.T.);
#2071=EDGE_CURVE('',#1396,#1611,#832,.T.);
#2072=EDGE_CURVE('',#1612,#1611,#833,.T.);
#2073=EDGE_CURVE('',#1397,#1612,#834,.T.);
#2074=EDGE_CURVE('',#1613,#1612,#835,.T.);
#2075=EDGE_CURVE('',#1398,#1613,#836,.T.);
#2076=EDGE_CURVE('',#1614,#1613,#837,.T.);
#2077=EDGE_CURVE('',#1399,#1614,#838,.T.);
#2078=EDGE_CURVE('',#1615,#1614,#839,.T.);
#2079=EDGE_CURVE('',#1400,#1615,#840,.T.);
#2080=EDGE_CURVE('',#1616,#1615,#841,.T.);
#2081=EDGE_CURVE('',#1401,#1616,#842,.T.);
#2082=EDGE_CURVE('',#1617,#1616,#474,.T.);
#2083=EDGE_CURVE('',#1402,#1617,#843,.T.);
#2084=EDGE_CURVE('',#1618,#1617,#844,.T.);
#2085=EDGE_CURVE('',#1403,#1618,#845,.T.);
#2086=EDGE_CURVE('',#1619,#1618,#846,.T.);
#2087=EDGE_CURVE('',#1404,#1619,#847,.T.);
#2088=EDGE_CURVE('',#1620,#1619,#848,.T.);
#2089=EDGE_CURVE('',#1405,#1620,#849,.T.);
#2090=EDGE_CURVE('',#1621,#1620,#850,.T.);
#2091=EDGE_CURVE('',#1406,#1621,#851,.T.);
#2092=EDGE_CURVE('',#1622,#1621,#852,.T.);
#2093=EDGE_CURVE('',#1407,#1622,#853,.T.);
#2094=EDGE_CURVE('',#1623,#1622,#854,.T.);
#2095=EDGE_CURVE('',#1408,#1623,#855,.T.);
#2096=EDGE_CURVE('',#1624,#1623,#856,.T.);
#2097=EDGE_CURVE('',#1409,#1624,#857,.T.);
#2098=EDGE_CURVE('',#1625,#1624,#858,.T.);
#2099=EDGE_CURVE('',#1410,#1625,#859,.T.);
#2100=EDGE_CURVE('',#1626,#1625,#860,.T.);
#2101=EDGE_CURVE('',#1411,#1626,#861,.T.);
#2102=EDGE_CURVE('',#1627,#1626,#862,.T.);
#2103=EDGE_CURVE('',#1412,#1627,#863,.T.);
#2104=EDGE_CURVE('',#1628,#1627,#864,.T.);
#2105=EDGE_CURVE('',#1413,#1628,#865,.T.);
#2106=EDGE_CURVE('',#1629,#1628,#866,.T.);
#2107=EDGE_CURVE('',#1414,#1629,#867,.T.);
#2108=EDGE_CURVE('',#1630,#1629,#868,.T.);
#2109=EDGE_CURVE('',#1415,#1630,#869,.T.);
#2110=EDGE_CURVE('',#1631,#1630,#870,.T.);
#2111=EDGE_CURVE('',#1416,#1631,#871,.T.);
#2112=EDGE_CURVE('',#1632,#1631,#872,.T.);
#2113=EDGE_CURVE('',#1417,#1632,#873,.T.);
#2114=EDGE_CURVE('',#1633,#1632,#874,.T.);
#2115=EDGE_CURVE('',#1418,#1633,#875,.T.);
#2116=EDGE_CURVE('',#1634,#1633,#876,.T.);
#2117=EDGE_CURVE('',#1419,#1634,#877,.T.);
#2118=EDGE_CURVE('',#1635,#1634,#878,.T.);
#2119=EDGE_CURVE('',#1420,#1635,#879,.T.);
#2120=EDGE_CURVE('',#1636,#1635,#880,.T.);
#2121=EDGE_CURVE('',#1421,#1636,#881,.T.);
#2122=EDGE_CURVE('',#1637,#1636,#882,.T.);
#2123=EDGE_CURVE('',#1422,#1637,#883,.T.);
#2124=EDGE_CURVE('',#1638,#1637,#884,.T.);
#2125=EDGE_CURVE('',#1423,#1638,#885,.T.);
#2126=EDGE_CURVE('',#1639,#1638,#886,.T.);
#2127=EDGE_CURVE('',#1424,#1639,#887,.T.);
#2128=EDGE_CURVE('',#1640,#1639,#888,.T.);
#2129=EDGE_CURVE('',#1425,#1640,#889,.T.);
#2130=EDGE_CURVE('',#1641,#1640,#890,.T.);
#2131=EDGE_CURVE('',#1426,#1641,#891,.T.);
#2132=EDGE_CURVE('',#1642,#1641,#892,.T.);
#2133=EDGE_CURVE('',#1316,#1642,#893,.T.);
#2134=EDGE_CURVE('',#1531,#1642,#894,.T.);
#2135=ORIENTED_EDGE('',*,*,#1643,.F.);
#2136=ORIENTED_EDGE('',*,*,#1644,.T.);
#2137=ORIENTED_EDGE('',*,*,#1645,.F.);
#2138=ORIENTED_EDGE('',*,*,#1646,.T.);
#2139=ORIENTED_EDGE('',*,*,#1647,.T.);
#2140=ORIENTED_EDGE('',*,*,#1648,.T.);
#2141=ORIENTED_EDGE('',*,*,#1649,.T.);
#2142=ORIENTED_EDGE('',*,*,#1650,.T.);
#2143=ORIENTED_EDGE('',*,*,#1651,.T.);
#2144=ORIENTED_EDGE('',*,*,#1652,.T.);
#2145=ORIENTED_EDGE('',*,*,#1653,.T.);
#2146=ORIENTED_EDGE('',*,*,#1654,.T.);
#2147=ORIENTED_EDGE('',*,*,#1655,.T.);
#2148=ORIENTED_EDGE('',*,*,#1656,.T.);
#2149=ORIENTED_EDGE('',*,*,#1657,.T.);
#2150=ORIENTED_EDGE('',*,*,#1658,.T.);
#2151=ORIENTED_EDGE('',*,*,#1659,.T.);
#2152=ORIENTED_EDGE('',*,*,#1660,.F.);
#2153=ORIENTED_EDGE('',*,*,#1661,.F.);
#2154=ORIENTED_EDGE('',*,*,#1662,.F.);
#2155=ORIENTED_EDGE('',*,*,#1663,.F.);
#2156=ORIENTED_EDGE('',*,*,#1664,.F.);
#2157=ORIENTED_EDGE('',*,*,#1665,.F.);
#2158=ORIENTED_EDGE('',*,*,#1666,.F.);
#2159=ORIENTED_EDGE('',*,*,#1667,.F.);
#2160=ORIENTED_EDGE('',*,*,#1668,.F.);
#2161=ORIENTED_EDGE('',*,*,#1669,.F.);
#2162=ORIENTED_EDGE('',*,*,#1670,.F.);
#2163=ORIENTED_EDGE('',*,*,#1671,.F.);
#2164=ORIENTED_EDGE('',*,*,#1672,.T.);
#2165=ORIENTED_EDGE('',*,*,#1673,.F.);
#2166=ORIENTED_EDGE('',*,*,#1674,.T.);
#2167=ORIENTED_EDGE('',*,*,#1675,.T.);
#2168=ORIENTED_EDGE('',*,*,#1676,.T.);
#2169=ORIENTED_EDGE('',*,*,#1677,.T.);
#2170=ORIENTED_EDGE('',*,*,#1678,.T.);
#2171=ORIENTED_EDGE('',*,*,#1679,.T.);
#2172=ORIENTED_EDGE('',*,*,#1680,.T.);
#2173=ORIENTED_EDGE('',*,*,#1681,.T.);
#2174=ORIENTED_EDGE('',*,*,#1682,.T.);
#2175=ORIENTED_EDGE('',*,*,#1683,.T.);
#2176=ORIENTED_EDGE('',*,*,#1684,.T.);
#2177=ORIENTED_EDGE('',*,*,#1685,.T.);
#2178=ORIENTED_EDGE('',*,*,#1686,.T.);
#2179=ORIENTED_EDGE('',*,*,#1687,.T.);
#2180=ORIENTED_EDGE('',*,*,#1688,.F.);
#2181=ORIENTED_EDGE('',*,*,#1689,.F.);
#2182=ORIENTED_EDGE('',*,*,#1690,.F.);
#2183=ORIENTED_EDGE('',*,*,#1691,.F.);
#2184=ORIENTED_EDGE('',*,*,#1692,.F.);
#2185=ORIENTED_EDGE('',*,*,#1693,.F.);
#2186=ORIENTED_EDGE('',*,*,#1694,.F.);
#2187=ORIENTED_EDGE('',*,*,#1695,.F.);
#2188=ORIENTED_EDGE('',*,*,#1696,.F.);
#2189=ORIENTED_EDGE('',*,*,#1697,.F.);
#2190=ORIENTED_EDGE('',*,*,#1698,.F.);
#2191=ORIENTED_EDGE('',*,*,#1699,.F.);
#2192=ORIENTED_EDGE('',*,*,#1700,.T.);
#2193=ORIENTED_EDGE('',*,*,#1701,.F.);
#2194=ORIENTED_EDGE('',*,*,#1702,.T.);
#2195=ORIENTED_EDGE('',*,*,#1703,.T.);
#2196=ORIENTED_EDGE('',*,*,#1704,.T.);
#2197=ORIENTED_EDGE('',*,*,#1705,.T.);
#2198=ORIENTED_EDGE('',*,*,#1706,.T.);
#2199=ORIENTED_EDGE('',*,*,#1707,.T.);
#2200=ORIENTED_EDGE('',*,*,#1708,.T.);
#2201=ORIENTED_EDGE('',*,*,#1709,.T.);
#2202=ORIENTED_EDGE('',*,*,#1710,.T.);
#2203=ORIENTED_EDGE('',*,*,#1711,.T.);
#2204=ORIENTED_EDGE('',*,*,#1712,.T.);
#2205=ORIENTED_EDGE('',*,*,#1713,.T.);
#2206=ORIENTED_EDGE('',*,*,#1714,.T.);
#2207=ORIENTED_EDGE('',*,*,#1715,.T.);
#2208=ORIENTED_EDGE('',*,*,#1716,.F.);
#2209=ORIENTED_EDGE('',*,*,#1717,.F.);
#2210=ORIENTED_EDGE('',*,*,#1718,.F.);
#2211=ORIENTED_EDGE('',*,*,#1719,.F.);
#2212=ORIENTED_EDGE('',*,*,#1720,.F.);
#2213=ORIENTED_EDGE('',*,*,#1721,.F.);
#2214=ORIENTED_EDGE('',*,*,#1722,.F.);
#2215=ORIENTED_EDGE('',*,*,#1723,.F.);
#2216=ORIENTED_EDGE('',*,*,#1724,.F.);
#2217=ORIENTED_EDGE('',*,*,#1725,.F.);
#2218=ORIENTED_EDGE('',*,*,#1726,.F.);
#2219=ORIENTED_EDGE('',*,*,#1727,.F.);
#2220=ORIENTED_EDGE('',*,*,#1728,.T.);
#2221=ORIENTED_EDGE('',*,*,#1729,.F.);
#2222=ORIENTED_EDGE('',*,*,#1730,.T.);
#2223=ORIENTED_EDGE('',*,*,#1731,.T.);
#2224=ORIENTED_EDGE('',*,*,#1732,.T.);
#2225=ORIENTED_EDGE('',*,*,#1733,.T.);
#2226=ORIENTED_EDGE('',*,*,#1734,.T.);
#2227=ORIENTED_EDGE('',*,*,#1735,.T.);
#2228=ORIENTED_EDGE('',*,*,#1736,.T.);
#2229=ORIENTED_EDGE('',*,*,#1737,.T.);
#2230=ORIENTED_EDGE('',*,*,#1738,.T.);
#2231=ORIENTED_EDGE('',*,*,#1739,.T.);
#2232=ORIENTED_EDGE('',*,*,#1740,.T.);
#2233=ORIENTED_EDGE('',*,*,#1741,.T.);
#2234=ORIENTED_EDGE('',*,*,#1742,.T.);
#2235=ORIENTED_EDGE('',*,*,#1743,.T.);
#2236=ORIENTED_EDGE('',*,*,#1744,.F.);
#2237=ORIENTED_EDGE('',*,*,#1745,.F.);
#2238=ORIENTED_EDGE('',*,*,#1746,.F.);
#2239=ORIENTED_EDGE('',*,*,#1747,.F.);
#2240=ORIENTED_EDGE('',*,*,#1748,.F.);
#2241=ORIENTED_EDGE('',*,*,#1749,.F.);
#2242=ORIENTED_EDGE('',*,*,#1750,.F.);
#2243=ORIENTED_EDGE('',*,*,#1751,.F.);
#2244=ORIENTED_EDGE('',*,*,#1752,.F.);
#2245=ORIENTED_EDGE('',*,*,#1753,.F.);
#2246=ORIENTED_EDGE('',*,*,#1754,.F.);
#2247=ORIENTED_EDGE('',*,*,#1755,.F.);
#2248=ORIENTED_EDGE('',*,*,#1756,.F.);
#2249=ORIENTED_EDGE('',*,*,#1757,.F.);
#2250=ORIENTED_EDGE('',*,*,#1758,.F.);
#2251=ORIENTED_EDGE('',*,*,#1759,.F.);
#2252=ORIENTED_EDGE('',*,*,#1760,.F.);
#2253=ORIENTED_EDGE('',*,*,#1761,.F.);
#2254=ORIENTED_EDGE('',*,*,#1762,.F.);
#2255=ORIENTED_EDGE('',*,*,#1763,.F.);
#2256=ORIENTED_EDGE('',*,*,#1764,.F.);
#2257=ORIENTED_EDGE('',*,*,#1765,.F.);
#2258=ORIENTED_EDGE('',*,*,#1766,.F.);
#2259=ORIENTED_EDGE('',*,*,#1767,.F.);
#2260=ORIENTED_EDGE('',*,*,#1768,.F.);
#2261=ORIENTED_EDGE('',*,*,#1769,.F.);
#2262=ORIENTED_EDGE('',*,*,#1770,.F.);
#2263=ORIENTED_EDGE('',*,*,#1771,.F.);
#2264=ORIENTED_EDGE('',*,*,#1772,.F.);
#2265=ORIENTED_EDGE('',*,*,#1773,.F.);
#2266=ORIENTED_EDGE('',*,*,#1774,.F.);
#2267=ORIENTED_EDGE('',*,*,#1775,.F.);
#2268=ORIENTED_EDGE('',*,*,#1776,.F.);
#2269=ORIENTED_EDGE('',*,*,#1777,.F.);
#2270=ORIENTED_EDGE('',*,*,#1778,.F.);
#2271=ORIENTED_EDGE('',*,*,#1779,.F.);
#2272=ORIENTED_EDGE('',*,*,#1780,.F.);
#2273=ORIENTED_EDGE('',*,*,#1781,.F.);
#2274=ORIENTED_EDGE('',*,*,#1782,.F.);
#2275=ORIENTED_EDGE('',*,*,#1783,.F.);
#2276=ORIENTED_EDGE('',*,*,#1784,.F.);
#2277=ORIENTED_EDGE('',*,*,#1785,.F.);
#2278=ORIENTED_EDGE('',*,*,#1786,.F.);
#2279=ORIENTED_EDGE('',*,*,#1787,.F.);
#2280=ORIENTED_EDGE('',*,*,#1788,.F.);
#2281=ORIENTED_EDGE('',*,*,#1789,.F.);
#2282=ORIENTED_EDGE('',*,*,#1790,.F.);
#2283=ORIENTED_EDGE('',*,*,#1791,.F.);
#2284=ORIENTED_EDGE('',*,*,#1792,.F.);
#2285=ORIENTED_EDGE('',*,*,#1793,.F.);
#2286=ORIENTED_EDGE('',*,*,#1794,.F.);
#2287=ORIENTED_EDGE('',*,*,#1795,.F.);
#2288=ORIENTED_EDGE('',*,*,#1796,.F.);
#2289=ORIENTED_EDGE('',*,*,#1797,.F.);
#2290=ORIENTED_EDGE('',*,*,#1798,.F.);
#2291=ORIENTED_EDGE('',*,*,#1799,.F.);
#2292=ORIENTED_EDGE('',*,*,#1800,.F.);
#2293=ORIENTED_EDGE('',*,*,#1801,.F.);
#2294=ORIENTED_EDGE('',*,*,#1802,.F.);
#2295=ORIENTED_EDGE('',*,*,#1803,.F.);
#2296=ORIENTED_EDGE('',*,*,#1804,.F.);
#2297=ORIENTED_EDGE('',*,*,#1805,.F.);
#2298=ORIENTED_EDGE('',*,*,#1806,.F.);
#2299=ORIENTED_EDGE('',*,*,#1807,.F.);
#2300=ORIENTED_EDGE('',*,*,#1808,.T.);
#2301=ORIENTED_EDGE('',*,*,#1760,.T.);
#2302=ORIENTED_EDGE('',*,*,#1809,.T.);
#2303=ORIENTED_EDGE('',*,*,#1808,.F.);
#2304=ORIENTED_EDGE('',*,*,#1810,.F.);
#2305=ORIENTED_EDGE('',*,*,#1811,.F.);
#2306=ORIENTED_EDGE('',*,*,#1761,.T.);
#2307=ORIENTED_EDGE('',*,*,#1811,.T.);
#2308=ORIENTED_EDGE('',*,*,#1812,.T.);
#2309=ORIENTED_EDGE('',*,*,#1813,.T.);
#2310=ORIENTED_EDGE('',*,*,#1762,.T.);
#2311=ORIENTED_EDGE('',*,*,#1814,.T.);
#2312=ORIENTED_EDGE('',*,*,#1815,.T.);
#2313=ORIENTED_EDGE('',*,*,#1816,.T.);
#2314=ORIENTED_EDGE('',*,*,#1804,.T.);
#2315=ORIENTED_EDGE('',*,*,#1814,.F.);
#2316=ORIENTED_EDGE('',*,*,#1803,.T.);
#2317=ORIENTED_EDGE('',*,*,#1817,.F.);
#2318=ORIENTED_EDGE('',*,*,#1818,.F.);
#2319=ORIENTED_EDGE('',*,*,#1819,.T.);
#2320=ORIENTED_EDGE('',*,*,#1820,.T.);
#2321=ORIENTED_EDGE('',*,*,#1817,.T.);
#2322=ORIENTED_EDGE('',*,*,#1802,.T.);
#2323=ORIENTED_EDGE('',*,*,#1819,.F.);
#2324=ORIENTED_EDGE('',*,*,#1801,.T.);
#2325=ORIENTED_EDGE('',*,*,#1821,.T.);
#2326=ORIENTED_EDGE('',*,*,#1822,.F.);
#2327=ORIENTED_EDGE('',*,*,#1823,.T.);
#2328=ORIENTED_EDGE('',*,*,#1824,.T.);
#2329=ORIENTED_EDGE('',*,*,#1825,.T.);
#2330=ORIENTED_EDGE('',*,*,#1798,.T.);
#2331=ORIENTED_EDGE('',*,*,#1823,.F.);
#2332=ORIENTED_EDGE('',*,*,#1797,.T.);
#2333=ORIENTED_EDGE('',*,*,#1826,.T.);
#2334=ORIENTED_EDGE('',*,*,#1827,.F.);
#2335=ORIENTED_EDGE('',*,*,#1828,.F.);
#2336=ORIENTED_EDGE('',*,*,#1826,.F.);
#2337=ORIENTED_EDGE('',*,*,#1796,.T.);
#2338=ORIENTED_EDGE('',*,*,#1829,.T.);
#2339=ORIENTED_EDGE('',*,*,#1829,.F.);
#2340=ORIENTED_EDGE('',*,*,#1795,.T.);
#2341=ORIENTED_EDGE('',*,*,#1830,.T.);
#2342=ORIENTED_EDGE('',*,*,#1831,.F.);
#2343=ORIENTED_EDGE('',*,*,#1832,.T.);
#2344=ORIENTED_EDGE('',*,*,#1833,.T.);
#2345=ORIENTED_EDGE('',*,*,#1834,.T.);
#2346=ORIENTED_EDGE('',*,*,#1792,.T.);
#2347=ORIENTED_EDGE('',*,*,#1832,.F.);
#2348=ORIENTED_EDGE('',*,*,#1791,.T.);
#2349=ORIENTED_EDGE('',*,*,#1835,.F.);
#2350=ORIENTED_EDGE('',*,*,#1836,.F.);
#2351=ORIENTED_EDGE('',*,*,#1837,.T.);
#2352=ORIENTED_EDGE('',*,*,#1838,.T.);
#2353=ORIENTED_EDGE('',*,*,#1835,.T.);
#2354=ORIENTED_EDGE('',*,*,#1790,.T.);
#2355=ORIENTED_EDGE('',*,*,#1837,.F.);
#2356=ORIENTED_EDGE('',*,*,#1789,.T.);
#2357=ORIENTED_EDGE('',*,*,#1839,.T.);
#2358=ORIENTED_EDGE('',*,*,#1840,.F.);
#2359=ORIENTED_EDGE('',*,*,#1841,.T.);
#2360=ORIENTED_EDGE('',*,*,#1842,.T.);
#2361=ORIENTED_EDGE('',*,*,#1843,.T.);
#2362=ORIENTED_EDGE('',*,*,#1786,.T.);
#2363=ORIENTED_EDGE('',*,*,#1841,.F.);
#2364=ORIENTED_EDGE('',*,*,#1785,.T.);
#2365=ORIENTED_EDGE('',*,*,#1844,.T.);
#2366=ORIENTED_EDGE('',*,*,#1845,.F.);
#2367=ORIENTED_EDGE('',*,*,#1846,.F.);
#2368=ORIENTED_EDGE('',*,*,#1844,.F.);
#2369=ORIENTED_EDGE('',*,*,#1784,.T.);
#2370=ORIENTED_EDGE('',*,*,#1847,.T.);
#2371=ORIENTED_EDGE('',*,*,#1847,.F.);
#2372=ORIENTED_EDGE('',*,*,#1783,.T.);
#2373=ORIENTED_EDGE('',*,*,#1848,.T.);
#2374=ORIENTED_EDGE('',*,*,#1849,.F.);
#2375=ORIENTED_EDGE('',*,*,#1850,.T.);
#2376=ORIENTED_EDGE('',*,*,#1851,.T.);
#2377=ORIENTED_EDGE('',*,*,#1852,.T.);
#2378=ORIENTED_EDGE('',*,*,#1780,.T.);
#2379=ORIENTED_EDGE('',*,*,#1850,.F.);
#2380=ORIENTED_EDGE('',*,*,#1779,.T.);
#2381=ORIENTED_EDGE('',*,*,#1853,.F.);
#2382=ORIENTED_EDGE('',*,*,#1854,.F.);
#2383=ORIENTED_EDGE('',*,*,#1855,.T.);
#2384=ORIENTED_EDGE('',*,*,#1856,.T.);
#2385=ORIENTED_EDGE('',*,*,#1853,.T.);
#2386=ORIENTED_EDGE('',*,*,#1778,.T.);
#2387=ORIENTED_EDGE('',*,*,#1855,.F.);
#2388=ORIENTED_EDGE('',*,*,#1777,.T.);
#2389=ORIENTED_EDGE('',*,*,#1857,.T.);
#2390=ORIENTED_EDGE('',*,*,#1858,.F.);
#2391=ORIENTED_EDGE('',*,*,#1859,.T.);
#2392=ORIENTED_EDGE('',*,*,#1860,.T.);
#2393=ORIENTED_EDGE('',*,*,#1861,.T.);
#2394=ORIENTED_EDGE('',*,*,#1774,.T.);
#2395=ORIENTED_EDGE('',*,*,#1859,.F.);
#2396=ORIENTED_EDGE('',*,*,#1773,.T.);
#2397=ORIENTED_EDGE('',*,*,#1862,.T.);
#2398=ORIENTED_EDGE('',*,*,#1863,.F.);
#2399=ORIENTED_EDGE('',*,*,#1864,.F.);
#2400=ORIENTED_EDGE('',*,*,#1862,.F.);
#2401=ORIENTED_EDGE('',*,*,#1772,.T.);
#2402=ORIENTED_EDGE('',*,*,#1865,.T.);
#2403=ORIENTED_EDGE('',*,*,#1865,.F.);
#2404=ORIENTED_EDGE('',*,*,#1771,.T.);
#2405=ORIENTED_EDGE('',*,*,#1866,.T.);
#2406=ORIENTED_EDGE('',*,*,#1867,.F.);
#2407=ORIENTED_EDGE('',*,*,#1868,.T.);
#2408=ORIENTED_EDGE('',*,*,#1869,.T.);
#2409=ORIENTED_EDGE('',*,*,#1870,.T.);
#2410=ORIENTED_EDGE('',*,*,#1768,.T.);
#2411=ORIENTED_EDGE('',*,*,#1868,.F.);
#2412=ORIENTED_EDGE('',*,*,#1767,.T.);
#2413=ORIENTED_EDGE('',*,*,#1871,.F.);
#2414=ORIENTED_EDGE('',*,*,#1872,.F.);
#2415=ORIENTED_EDGE('',*,*,#1873,.T.);
#2416=ORIENTED_EDGE('',*,*,#1874,.T.);
#2417=ORIENTED_EDGE('',*,*,#1871,.T.);
#2418=ORIENTED_EDGE('',*,*,#1766,.T.);
#2419=ORIENTED_EDGE('',*,*,#1873,.F.);
#2420=ORIENTED_EDGE('',*,*,#1765,.T.);
#2421=ORIENTED_EDGE('',*,*,#1875,.T.);
#2422=ORIENTED_EDGE('',*,*,#1876,.F.);
#2423=ORIENTED_EDGE('',*,*,#1857,.F.);
#2424=ORIENTED_EDGE('',*,*,#1776,.T.);
#2425=ORIENTED_EDGE('',*,*,#1877,.T.);
#2426=ORIENTED_EDGE('',*,*,#1878,.F.);
#2427=ORIENTED_EDGE('',*,*,#1848,.F.);
#2428=ORIENTED_EDGE('',*,*,#1782,.T.);
#2429=ORIENTED_EDGE('',*,*,#1879,.T.);
#2430=ORIENTED_EDGE('',*,*,#1880,.F.);
#2431=ORIENTED_EDGE('',*,*,#1839,.F.);
#2432=ORIENTED_EDGE('',*,*,#1788,.T.);
#2433=ORIENTED_EDGE('',*,*,#1881,.T.);
#2434=ORIENTED_EDGE('',*,*,#1882,.F.);
#2435=ORIENTED_EDGE('',*,*,#1830,.F.);
#2436=ORIENTED_EDGE('',*,*,#1794,.T.);
#2437=ORIENTED_EDGE('',*,*,#1883,.T.);
#2438=ORIENTED_EDGE('',*,*,#1884,.F.);
#2439=ORIENTED_EDGE('',*,*,#1821,.F.);
#2440=ORIENTED_EDGE('',*,*,#1800,.T.);
#2441=ORIENTED_EDGE('',*,*,#1885,.T.);
#2442=ORIENTED_EDGE('',*,*,#1886,.F.);
#2443=ORIENTED_EDGE('',*,*,#1887,.F.);
#2444=ORIENTED_EDGE('',*,*,#1806,.T.);
#2445=ORIENTED_EDGE('',*,*,#1888,.T.);
#2446=ORIENTED_EDGE('',*,*,#1889,.F.);
#2447=ORIENTED_EDGE('',*,*,#1875,.F.);
#2448=ORIENTED_EDGE('',*,*,#1764,.T.);
#2449=ORIENTED_EDGE('',*,*,#1890,.T.);
#2450=ORIENTED_EDGE('',*,*,#1891,.F.);
#2451=ORIENTED_EDGE('',*,*,#1866,.F.);
#2452=ORIENTED_EDGE('',*,*,#1770,.T.);
#2453=ORIENTED_EDGE('',*,*,#1892,.T.);
#2454=ORIENTED_EDGE('',*,*,#1893,.F.);
#2455=ORIENTED_EDGE('',*,*,#1861,.F.);
#2456=ORIENTED_EDGE('',*,*,#1894,.F.);
#2457=ORIENTED_EDGE('',*,*,#1877,.F.);
#2458=ORIENTED_EDGE('',*,*,#1775,.T.);
#2459=ORIENTED_EDGE('',*,*,#1852,.F.);
#2460=ORIENTED_EDGE('',*,*,#1895,.F.);
#2461=ORIENTED_EDGE('',*,*,#1879,.F.);
#2462=ORIENTED_EDGE('',*,*,#1781,.T.);
#2463=ORIENTED_EDGE('',*,*,#1843,.F.);
#2464=ORIENTED_EDGE('',*,*,#1896,.F.);
#2465=ORIENTED_EDGE('',*,*,#1881,.F.);
#2466=ORIENTED_EDGE('',*,*,#1787,.T.);
#2467=ORIENTED_EDGE('',*,*,#1834,.F.);
#2468=ORIENTED_EDGE('',*,*,#1897,.F.);
#2469=ORIENTED_EDGE('',*,*,#1883,.F.);
#2470=ORIENTED_EDGE('',*,*,#1793,.T.);
#2471=ORIENTED_EDGE('',*,*,#1825,.F.);
#2472=ORIENTED_EDGE('',*,*,#1898,.F.);
#2473=ORIENTED_EDGE('',*,*,#1885,.F.);
#2474=ORIENTED_EDGE('',*,*,#1799,.T.);
#2475=ORIENTED_EDGE('',*,*,#1816,.F.);
#2476=ORIENTED_EDGE('',*,*,#1899,.F.);
#2477=ORIENTED_EDGE('',*,*,#1888,.F.);
#2478=ORIENTED_EDGE('',*,*,#1805,.T.);
#2479=ORIENTED_EDGE('',*,*,#1809,.F.);
#2480=ORIENTED_EDGE('',*,*,#1759,.T.);
#2481=ORIENTED_EDGE('',*,*,#1887,.T.);
#2482=ORIENTED_EDGE('',*,*,#1900,.F.);
#2483=ORIENTED_EDGE('',*,*,#1813,.F.);
#2484=ORIENTED_EDGE('',*,*,#1901,.F.);
#2485=ORIENTED_EDGE('',*,*,#1890,.F.);
#2486=ORIENTED_EDGE('',*,*,#1763,.T.);
#2487=ORIENTED_EDGE('',*,*,#1870,.F.);
#2488=ORIENTED_EDGE('',*,*,#1902,.F.);
#2489=ORIENTED_EDGE('',*,*,#1892,.F.);
#2490=ORIENTED_EDGE('',*,*,#1769,.T.);
#2491=ORIENTED_EDGE('',*,*,#1903,.F.);
#2492=ORIENTED_EDGE('',*,*,#1904,.T.);
#2493=ORIENTED_EDGE('',*,*,#1755,.T.);
#2494=ORIENTED_EDGE('',*,*,#1904,.F.);
#2495=ORIENTED_EDGE('',*,*,#1905,.F.);
#2496=ORIENTED_EDGE('',*,*,#1906,.T.);
#2497=ORIENTED_EDGE('',*,*,#1756,.T.);
#2498=ORIENTED_EDGE('',*,*,#1906,.F.);
#2499=ORIENTED_EDGE('',*,*,#1907,.F.);
#2500=ORIENTED_EDGE('',*,*,#1908,.T.);
#2501=ORIENTED_EDGE('',*,*,#1757,.T.);
#2502=ORIENTED_EDGE('',*,*,#1908,.F.);
#2503=ORIENTED_EDGE('',*,*,#1909,.F.);
#2504=ORIENTED_EDGE('',*,*,#1910,.T.);
#2505=ORIENTED_EDGE('',*,*,#1758,.T.);
#2506=ORIENTED_EDGE('',*,*,#1910,.F.);
#2507=ORIENTED_EDGE('',*,*,#1644,.F.);
#2508=ORIENTED_EDGE('',*,*,#1911,.T.);
#2509=ORIENTED_EDGE('',*,*,#1912,.F.);
#2510=ORIENTED_EDGE('',*,*,#1913,.F.);
#2511=ORIENTED_EDGE('',*,*,#1645,.T.);
#2512=ORIENTED_EDGE('',*,*,#1913,.T.);
#2513=ORIENTED_EDGE('',*,*,#1914,.F.);
#2514=ORIENTED_EDGE('',*,*,#1915,.F.);
#2515=ORIENTED_EDGE('',*,*,#1646,.F.);
#2516=ORIENTED_EDGE('',*,*,#1915,.T.);
#2517=ORIENTED_EDGE('',*,*,#1916,.F.);
#2518=ORIENTED_EDGE('',*,*,#1917,.F.);
#2519=ORIENTED_EDGE('',*,*,#1647,.F.);
#2520=ORIENTED_EDGE('',*,*,#1917,.T.);
#2521=ORIENTED_EDGE('',*,*,#1918,.F.);
#2522=ORIENTED_EDGE('',*,*,#1919,.F.);
#2523=ORIENTED_EDGE('',*,*,#1648,.F.);
#2524=ORIENTED_EDGE('',*,*,#1919,.T.);
#2525=ORIENTED_EDGE('',*,*,#1920,.F.);
#2526=ORIENTED_EDGE('',*,*,#1921,.F.);
#2527=ORIENTED_EDGE('',*,*,#1649,.F.);
#2528=ORIENTED_EDGE('',*,*,#1921,.T.);
#2529=ORIENTED_EDGE('',*,*,#1922,.F.);
#2530=ORIENTED_EDGE('',*,*,#1923,.F.);
#2531=ORIENTED_EDGE('',*,*,#1650,.F.);
#2532=ORIENTED_EDGE('',*,*,#1923,.T.);
#2533=ORIENTED_EDGE('',*,*,#1924,.F.);
#2534=ORIENTED_EDGE('',*,*,#1925,.F.);
#2535=ORIENTED_EDGE('',*,*,#1651,.F.);
#2536=ORIENTED_EDGE('',*,*,#1925,.T.);
#2537=ORIENTED_EDGE('',*,*,#1926,.F.);
#2538=ORIENTED_EDGE('',*,*,#1927,.F.);
#2539=ORIENTED_EDGE('',*,*,#1652,.F.);
#2540=ORIENTED_EDGE('',*,*,#1927,.T.);
#2541=ORIENTED_EDGE('',*,*,#1928,.F.);
#2542=ORIENTED_EDGE('',*,*,#1929,.F.);
#2543=ORIENTED_EDGE('',*,*,#1653,.F.);
#2544=ORIENTED_EDGE('',*,*,#1929,.T.);
#2545=ORIENTED_EDGE('',*,*,#1930,.F.);
#2546=ORIENTED_EDGE('',*,*,#1931,.F.);
#2547=ORIENTED_EDGE('',*,*,#1654,.F.);
#2548=ORIENTED_EDGE('',*,*,#1931,.T.);
#2549=ORIENTED_EDGE('',*,*,#1932,.F.);
#2550=ORIENTED_EDGE('',*,*,#1933,.F.);
#2551=ORIENTED_EDGE('',*,*,#1655,.F.);
#2552=ORIENTED_EDGE('',*,*,#1933,.T.);
#2553=ORIENTED_EDGE('',*,*,#1934,.F.);
#2554=ORIENTED_EDGE('',*,*,#1935,.F.);
#2555=ORIENTED_EDGE('',*,*,#1656,.F.);
#2556=ORIENTED_EDGE('',*,*,#1935,.T.);
#2557=ORIENTED_EDGE('',*,*,#1936,.F.);
#2558=ORIENTED_EDGE('',*,*,#1937,.F.);
#2559=ORIENTED_EDGE('',*,*,#1657,.F.);
#2560=ORIENTED_EDGE('',*,*,#1937,.T.);
#2561=ORIENTED_EDGE('',*,*,#1938,.F.);
#2562=ORIENTED_EDGE('',*,*,#1939,.F.);
#2563=ORIENTED_EDGE('',*,*,#1658,.F.);
#2564=ORIENTED_EDGE('',*,*,#1939,.T.);
#2565=ORIENTED_EDGE('',*,*,#1940,.F.);
#2566=ORIENTED_EDGE('',*,*,#1941,.F.);
#2567=ORIENTED_EDGE('',*,*,#1659,.F.);
#2568=ORIENTED_EDGE('',*,*,#1941,.T.);
#2569=ORIENTED_EDGE('',*,*,#1942,.F.);
#2570=ORIENTED_EDGE('',*,*,#1943,.F.);
#2571=ORIENTED_EDGE('',*,*,#1660,.T.);
#2572=ORIENTED_EDGE('',*,*,#1943,.T.);
#2573=ORIENTED_EDGE('',*,*,#1944,.F.);
#2574=ORIENTED_EDGE('',*,*,#1945,.F.);
#2575=ORIENTED_EDGE('',*,*,#1661,.T.);
#2576=ORIENTED_EDGE('',*,*,#1945,.T.);
#2577=ORIENTED_EDGE('',*,*,#1946,.F.);
#2578=ORIENTED_EDGE('',*,*,#1947,.F.);
#2579=ORIENTED_EDGE('',*,*,#1662,.T.);
#2580=ORIENTED_EDGE('',*,*,#1947,.T.);
#2581=ORIENTED_EDGE('',*,*,#1948,.F.);
#2582=ORIENTED_EDGE('',*,*,#1949,.F.);
#2583=ORIENTED_EDGE('',*,*,#1663,.T.);
#2584=ORIENTED_EDGE('',*,*,#1949,.T.);
#2585=ORIENTED_EDGE('',*,*,#1950,.F.);
#2586=ORIENTED_EDGE('',*,*,#1951,.F.);
#2587=ORIENTED_EDGE('',*,*,#1664,.T.);
#2588=ORIENTED_EDGE('',*,*,#1951,.T.);
#2589=ORIENTED_EDGE('',*,*,#1952,.F.);
#2590=ORIENTED_EDGE('',*,*,#1953,.F.);
#2591=ORIENTED_EDGE('',*,*,#1665,.T.);
#2592=ORIENTED_EDGE('',*,*,#1953,.T.);
#2593=ORIENTED_EDGE('',*,*,#1954,.F.);
#2594=ORIENTED_EDGE('',*,*,#1955,.F.);
#2595=ORIENTED_EDGE('',*,*,#1666,.T.);
#2596=ORIENTED_EDGE('',*,*,#1955,.T.);
#2597=ORIENTED_EDGE('',*,*,#1956,.F.);
#2598=ORIENTED_EDGE('',*,*,#1957,.F.);
#2599=ORIENTED_EDGE('',*,*,#1667,.T.);
#2600=ORIENTED_EDGE('',*,*,#1957,.T.);
#2601=ORIENTED_EDGE('',*,*,#1958,.F.);
#2602=ORIENTED_EDGE('',*,*,#1959,.F.);
#2603=ORIENTED_EDGE('',*,*,#1668,.T.);
#2604=ORIENTED_EDGE('',*,*,#1959,.T.);
#2605=ORIENTED_EDGE('',*,*,#1960,.F.);
#2606=ORIENTED_EDGE('',*,*,#1961,.F.);
#2607=ORIENTED_EDGE('',*,*,#1669,.T.);
#2608=ORIENTED_EDGE('',*,*,#1961,.T.);
#2609=ORIENTED_EDGE('',*,*,#1962,.F.);
#2610=ORIENTED_EDGE('',*,*,#1963,.F.);
#2611=ORIENTED_EDGE('',*,*,#1670,.T.);
#2612=ORIENTED_EDGE('',*,*,#1963,.T.);
#2613=ORIENTED_EDGE('',*,*,#1964,.F.);
#2614=ORIENTED_EDGE('',*,*,#1965,.F.);
#2615=ORIENTED_EDGE('',*,*,#1671,.T.);
#2616=ORIENTED_EDGE('',*,*,#1965,.T.);
#2617=ORIENTED_EDGE('',*,*,#1966,.F.);
#2618=ORIENTED_EDGE('',*,*,#1967,.F.);
#2619=ORIENTED_EDGE('',*,*,#1672,.F.);
#2620=ORIENTED_EDGE('',*,*,#1967,.T.);
#2621=ORIENTED_EDGE('',*,*,#1968,.F.);
#2622=ORIENTED_EDGE('',*,*,#1969,.F.);
#2623=ORIENTED_EDGE('',*,*,#1673,.T.);
#2624=ORIENTED_EDGE('',*,*,#1969,.T.);
#2625=ORIENTED_EDGE('',*,*,#1970,.F.);
#2626=ORIENTED_EDGE('',*,*,#1971,.F.);
#2627=ORIENTED_EDGE('',*,*,#1674,.F.);
#2628=ORIENTED_EDGE('',*,*,#1971,.T.);
#2629=ORIENTED_EDGE('',*,*,#1972,.F.);
#2630=ORIENTED_EDGE('',*,*,#1973,.F.);
#2631=ORIENTED_EDGE('',*,*,#1675,.F.);
#2632=ORIENTED_EDGE('',*,*,#1973,.T.);
#2633=ORIENTED_EDGE('',*,*,#1974,.F.);
#2634=ORIENTED_EDGE('',*,*,#1975,.F.);
#2635=ORIENTED_EDGE('',*,*,#1676,.F.);
#2636=ORIENTED_EDGE('',*,*,#1975,.T.);
#2637=ORIENTED_EDGE('',*,*,#1976,.F.);
#2638=ORIENTED_EDGE('',*,*,#1977,.F.);
#2639=ORIENTED_EDGE('',*,*,#1677,.F.);
#2640=ORIENTED_EDGE('',*,*,#1977,.T.);
#2641=ORIENTED_EDGE('',*,*,#1978,.F.);
#2642=ORIENTED_EDGE('',*,*,#1979,.F.);
#2643=ORIENTED_EDGE('',*,*,#1678,.F.);
#2644=ORIENTED_EDGE('',*,*,#1979,.T.);
#2645=ORIENTED_EDGE('',*,*,#1980,.F.);
#2646=ORIENTED_EDGE('',*,*,#1981,.F.);
#2647=ORIENTED_EDGE('',*,*,#1679,.F.);
#2648=ORIENTED_EDGE('',*,*,#1981,.T.);
#2649=ORIENTED_EDGE('',*,*,#1982,.F.);
#2650=ORIENTED_EDGE('',*,*,#1983,.F.);
#2651=ORIENTED_EDGE('',*,*,#1680,.F.);
#2652=ORIENTED_EDGE('',*,*,#1983,.T.);
#2653=ORIENTED_EDGE('',*,*,#1984,.F.);
#2654=ORIENTED_EDGE('',*,*,#1985,.F.);
#2655=ORIENTED_EDGE('',*,*,#1681,.F.);
#2656=ORIENTED_EDGE('',*,*,#1985,.T.);
#2657=ORIENTED_EDGE('',*,*,#1986,.F.);
#2658=ORIENTED_EDGE('',*,*,#1987,.F.);
#2659=ORIENTED_EDGE('',*,*,#1682,.F.);
#2660=ORIENTED_EDGE('',*,*,#1987,.T.);
#2661=ORIENTED_EDGE('',*,*,#1988,.F.);
#2662=ORIENTED_EDGE('',*,*,#1989,.F.);
#2663=ORIENTED_EDGE('',*,*,#1683,.F.);
#2664=ORIENTED_EDGE('',*,*,#1989,.T.);
#2665=ORIENTED_EDGE('',*,*,#1990,.F.);
#2666=ORIENTED_EDGE('',*,*,#1991,.F.);
#2667=ORIENTED_EDGE('',*,*,#1684,.F.);
#2668=ORIENTED_EDGE('',*,*,#1991,.T.);
#2669=ORIENTED_EDGE('',*,*,#1992,.F.);
#2670=ORIENTED_EDGE('',*,*,#1993,.F.);
#2671=ORIENTED_EDGE('',*,*,#1685,.F.);
#2672=ORIENTED_EDGE('',*,*,#1993,.T.);
#2673=ORIENTED_EDGE('',*,*,#1994,.F.);
#2674=ORIENTED_EDGE('',*,*,#1995,.F.);
#2675=ORIENTED_EDGE('',*,*,#1686,.F.);
#2676=ORIENTED_EDGE('',*,*,#1995,.T.);
#2677=ORIENTED_EDGE('',*,*,#1996,.F.);
#2678=ORIENTED_EDGE('',*,*,#1997,.F.);
#2679=ORIENTED_EDGE('',*,*,#1687,.F.);
#2680=ORIENTED_EDGE('',*,*,#1997,.T.);
#2681=ORIENTED_EDGE('',*,*,#1998,.F.);
#2682=ORIENTED_EDGE('',*,*,#1999,.F.);
#2683=ORIENTED_EDGE('',*,*,#1688,.T.);
#2684=ORIENTED_EDGE('',*,*,#1999,.T.);
#2685=ORIENTED_EDGE('',*,*,#2000,.F.);
#2686=ORIENTED_EDGE('',*,*,#2001,.F.);
#2687=ORIENTED_EDGE('',*,*,#1689,.T.);
#2688=ORIENTED_EDGE('',*,*,#2001,.T.);
#2689=ORIENTED_EDGE('',*,*,#2002,.F.);
#2690=ORIENTED_EDGE('',*,*,#2003,.F.);
#2691=ORIENTED_EDGE('',*,*,#1690,.T.);
#2692=ORIENTED_EDGE('',*,*,#2003,.T.);
#2693=ORIENTED_EDGE('',*,*,#2004,.F.);
#2694=ORIENTED_EDGE('',*,*,#2005,.F.);
#2695=ORIENTED_EDGE('',*,*,#1691,.T.);
#2696=ORIENTED_EDGE('',*,*,#2005,.T.);
#2697=ORIENTED_EDGE('',*,*,#2006,.F.);
#2698=ORIENTED_EDGE('',*,*,#2007,.F.);
#2699=ORIENTED_EDGE('',*,*,#1692,.T.);
#2700=ORIENTED_EDGE('',*,*,#2007,.T.);
#2701=ORIENTED_EDGE('',*,*,#2008,.F.);
#2702=ORIENTED_EDGE('',*,*,#2009,.F.);
#2703=ORIENTED_EDGE('',*,*,#1693,.T.);
#2704=ORIENTED_EDGE('',*,*,#2009,.T.);
#2705=ORIENTED_EDGE('',*,*,#2010,.F.);
#2706=ORIENTED_EDGE('',*,*,#2011,.F.);
#2707=ORIENTED_EDGE('',*,*,#1694,.T.);
#2708=ORIENTED_EDGE('',*,*,#2011,.T.);
#2709=ORIENTED_EDGE('',*,*,#2012,.F.);
#2710=ORIENTED_EDGE('',*,*,#2013,.F.);
#2711=ORIENTED_EDGE('',*,*,#1695,.T.);
#2712=ORIENTED_EDGE('',*,*,#2013,.T.);
#2713=ORIENTED_EDGE('',*,*,#2014,.F.);
#2714=ORIENTED_EDGE('',*,*,#2015,.F.);
#2715=ORIENTED_EDGE('',*,*,#1696,.T.);
#2716=ORIENTED_EDGE('',*,*,#2015,.T.);
#2717=ORIENTED_EDGE('',*,*,#2016,.F.);
#2718=ORIENTED_EDGE('',*,*,#2017,.F.);
#2719=ORIENTED_EDGE('',*,*,#1697,.T.);
#2720=ORIENTED_EDGE('',*,*,#2017,.T.);
#2721=ORIENTED_EDGE('',*,*,#2018,.F.);
#2722=ORIENTED_EDGE('',*,*,#2019,.F.);
#2723=ORIENTED_EDGE('',*,*,#1698,.T.);
#2724=ORIENTED_EDGE('',*,*,#2019,.T.);
#2725=ORIENTED_EDGE('',*,*,#2020,.F.);
#2726=ORIENTED_EDGE('',*,*,#2021,.F.);
#2727=ORIENTED_EDGE('',*,*,#1699,.T.);
#2728=ORIENTED_EDGE('',*,*,#2021,.T.);
#2729=ORIENTED_EDGE('',*,*,#2022,.F.);
#2730=ORIENTED_EDGE('',*,*,#2023,.F.);
#2731=ORIENTED_EDGE('',*,*,#1700,.F.);
#2732=ORIENTED_EDGE('',*,*,#2023,.T.);
#2733=ORIENTED_EDGE('',*,*,#2024,.F.);
#2734=ORIENTED_EDGE('',*,*,#2025,.F.);
#2735=ORIENTED_EDGE('',*,*,#1701,.T.);
#2736=ORIENTED_EDGE('',*,*,#2025,.T.);
#2737=ORIENTED_EDGE('',*,*,#2026,.F.);
#2738=ORIENTED_EDGE('',*,*,#2027,.F.);
#2739=ORIENTED_EDGE('',*,*,#1702,.F.);
#2740=ORIENTED_EDGE('',*,*,#2027,.T.);
#2741=ORIENTED_EDGE('',*,*,#2028,.F.);
#2742=ORIENTED_EDGE('',*,*,#2029,.F.);
#2743=ORIENTED_EDGE('',*,*,#1703,.F.);
#2744=ORIENTED_EDGE('',*,*,#2029,.T.);
#2745=ORIENTED_EDGE('',*,*,#2030,.F.);
#2746=ORIENTED_EDGE('',*,*,#2031,.F.);
#2747=ORIENTED_EDGE('',*,*,#1704,.F.);
#2748=ORIENTED_EDGE('',*,*,#2031,.T.);
#2749=ORIENTED_EDGE('',*,*,#2032,.F.);
#2750=ORIENTED_EDGE('',*,*,#2033,.F.);
#2751=ORIENTED_EDGE('',*,*,#1705,.F.);
#2752=ORIENTED_EDGE('',*,*,#2033,.T.);
#2753=ORIENTED_EDGE('',*,*,#2034,.F.);
#2754=ORIENTED_EDGE('',*,*,#2035,.F.);
#2755=ORIENTED_EDGE('',*,*,#1706,.F.);
#2756=ORIENTED_EDGE('',*,*,#2035,.T.);
#2757=ORIENTED_EDGE('',*,*,#2036,.F.);
#2758=ORIENTED_EDGE('',*,*,#2037,.F.);
#2759=ORIENTED_EDGE('',*,*,#1707,.F.);
#2760=ORIENTED_EDGE('',*,*,#2037,.T.);
#2761=ORIENTED_EDGE('',*,*,#2038,.F.);
#2762=ORIENTED_EDGE('',*,*,#2039,.F.);
#2763=ORIENTED_EDGE('',*,*,#1708,.F.);
#2764=ORIENTED_EDGE('',*,*,#2039,.T.);
#2765=ORIENTED_EDGE('',*,*,#2040,.F.);
#2766=ORIENTED_EDGE('',*,*,#2041,.F.);
#2767=ORIENTED_EDGE('',*,*,#1709,.F.);
#2768=ORIENTED_EDGE('',*,*,#2041,.T.);
#2769=ORIENTED_EDGE('',*,*,#2042,.F.);
#2770=ORIENTED_EDGE('',*,*,#2043,.F.);
#2771=ORIENTED_EDGE('',*,*,#1710,.F.);
#2772=ORIENTED_EDGE('',*,*,#2043,.T.);
#2773=ORIENTED_EDGE('',*,*,#2044,.F.);
#2774=ORIENTED_EDGE('',*,*,#2045,.F.);
#2775=ORIENTED_EDGE('',*,*,#1711,.F.);
#2776=ORIENTED_EDGE('',*,*,#2045,.T.);
#2777=ORIENTED_EDGE('',*,*,#2046,.F.);
#2778=ORIENTED_EDGE('',*,*,#2047,.F.);
#2779=ORIENTED_EDGE('',*,*,#1712,.F.);
#2780=ORIENTED_EDGE('',*,*,#2047,.T.);
#2781=ORIENTED_EDGE('',*,*,#2048,.F.);
#2782=ORIENTED_EDGE('',*,*,#2049,.F.);
#2783=ORIENTED_EDGE('',*,*,#1713,.F.);
#2784=ORIENTED_EDGE('',*,*,#2049,.T.);
#2785=ORIENTED_EDGE('',*,*,#2050,.F.);
#2786=ORIENTED_EDGE('',*,*,#2051,.F.);
#2787=ORIENTED_EDGE('',*,*,#1714,.F.);
#2788=ORIENTED_EDGE('',*,*,#2051,.T.);
#2789=ORIENTED_EDGE('',*,*,#2052,.F.);
#2790=ORIENTED_EDGE('',*,*,#2053,.F.);
#2791=ORIENTED_EDGE('',*,*,#1715,.F.);
#2792=ORIENTED_EDGE('',*,*,#2053,.T.);
#2793=ORIENTED_EDGE('',*,*,#2054,.F.);
#2794=ORIENTED_EDGE('',*,*,#2055,.F.);
#2795=ORIENTED_EDGE('',*,*,#1716,.T.);
#2796=ORIENTED_EDGE('',*,*,#2055,.T.);
#2797=ORIENTED_EDGE('',*,*,#2056,.F.);
#2798=ORIENTED_EDGE('',*,*,#2057,.F.);
#2799=ORIENTED_EDGE('',*,*,#1717,.T.);
#2800=ORIENTED_EDGE('',*,*,#2057,.T.);
#2801=ORIENTED_EDGE('',*,*,#2058,.F.);
#2802=ORIENTED_EDGE('',*,*,#2059,.F.);
#2803=ORIENTED_EDGE('',*,*,#1718,.T.);
#2804=ORIENTED_EDGE('',*,*,#2059,.T.);
#2805=ORIENTED_EDGE('',*,*,#2060,.F.);
#2806=ORIENTED_EDGE('',*,*,#2061,.F.);
#2807=ORIENTED_EDGE('',*,*,#1719,.T.);
#2808=ORIENTED_EDGE('',*,*,#2061,.T.);
#2809=ORIENTED_EDGE('',*,*,#2062,.F.);
#2810=ORIENTED_EDGE('',*,*,#2063,.F.);
#2811=ORIENTED_EDGE('',*,*,#1720,.T.);
#2812=ORIENTED_EDGE('',*,*,#2063,.T.);
#2813=ORIENTED_EDGE('',*,*,#2064,.F.);
#2814=ORIENTED_EDGE('',*,*,#2065,.F.);
#2815=ORIENTED_EDGE('',*,*,#1721,.T.);
#2816=ORIENTED_EDGE('',*,*,#2065,.T.);
#2817=ORIENTED_EDGE('',*,*,#2066,.F.);
#2818=ORIENTED_EDGE('',*,*,#2067,.F.);
#2819=ORIENTED_EDGE('',*,*,#1722,.T.);
#2820=ORIENTED_EDGE('',*,*,#2067,.T.);
#2821=ORIENTED_EDGE('',*,*,#2068,.F.);
#2822=ORIENTED_EDGE('',*,*,#2069,.F.);
#2823=ORIENTED_EDGE('',*,*,#1723,.T.);
#2824=ORIENTED_EDGE('',*,*,#2069,.T.);
#2825=ORIENTED_EDGE('',*,*,#2070,.F.);
#2826=ORIENTED_EDGE('',*,*,#2071,.F.);
#2827=ORIENTED_EDGE('',*,*,#1724,.T.);
#2828=ORIENTED_EDGE('',*,*,#2071,.T.);
#2829=ORIENTED_EDGE('',*,*,#2072,.F.);
#2830=ORIENTED_EDGE('',*,*,#2073,.F.);
#2831=ORIENTED_EDGE('',*,*,#1725,.T.);
#2832=ORIENTED_EDGE('',*,*,#2073,.T.);
#2833=ORIENTED_EDGE('',*,*,#2074,.F.);
#2834=ORIENTED_EDGE('',*,*,#2075,.F.);
#2835=ORIENTED_EDGE('',*,*,#1726,.T.);
#2836=ORIENTED_EDGE('',*,*,#2075,.T.);
#2837=ORIENTED_EDGE('',*,*,#2076,.F.);
#2838=ORIENTED_EDGE('',*,*,#2077,.F.);
#2839=ORIENTED_EDGE('',*,*,#1727,.T.);
#2840=ORIENTED_EDGE('',*,*,#2077,.T.);
#2841=ORIENTED_EDGE('',*,*,#2078,.F.);
#2842=ORIENTED_EDGE('',*,*,#2079,.F.);
#2843=ORIENTED_EDGE('',*,*,#1728,.F.);
#2844=ORIENTED_EDGE('',*,*,#2079,.T.);
#2845=ORIENTED_EDGE('',*,*,#2080,.F.);
#2846=ORIENTED_EDGE('',*,*,#2081,.F.);
#2847=ORIENTED_EDGE('',*,*,#1729,.T.);
#2848=ORIENTED_EDGE('',*,*,#2081,.T.);
#2849=ORIENTED_EDGE('',*,*,#2082,.F.);
#2850=ORIENTED_EDGE('',*,*,#2083,.F.);
#2851=ORIENTED_EDGE('',*,*,#1730,.F.);
#2852=ORIENTED_EDGE('',*,*,#2083,.T.);
#2853=ORIENTED_EDGE('',*,*,#2084,.F.);
#2854=ORIENTED_EDGE('',*,*,#2085,.F.);
#2855=ORIENTED_EDGE('',*,*,#1731,.F.);
#2856=ORIENTED_EDGE('',*,*,#2085,.T.);
#2857=ORIENTED_EDGE('',*,*,#2086,.F.);
#2858=ORIENTED_EDGE('',*,*,#2087,.F.);
#2859=ORIENTED_EDGE('',*,*,#1732,.F.);
#2860=ORIENTED_EDGE('',*,*,#2087,.T.);
#2861=ORIENTED_EDGE('',*,*,#2088,.F.);
#2862=ORIENTED_EDGE('',*,*,#2089,.F.);
#2863=ORIENTED_EDGE('',*,*,#1733,.F.);
#2864=ORIENTED_EDGE('',*,*,#2089,.T.);
#2865=ORIENTED_EDGE('',*,*,#2090,.F.);
#2866=ORIENTED_EDGE('',*,*,#2091,.F.);
#2867=ORIENTED_EDGE('',*,*,#1734,.F.);
#2868=ORIENTED_EDGE('',*,*,#2091,.T.);
#2869=ORIENTED_EDGE('',*,*,#2092,.F.);
#2870=ORIENTED_EDGE('',*,*,#2093,.F.);
#2871=ORIENTED_EDGE('',*,*,#1735,.F.);
#2872=ORIENTED_EDGE('',*,*,#2093,.T.);
#2873=ORIENTED_EDGE('',*,*,#2094,.F.);
#2874=ORIENTED_EDGE('',*,*,#2095,.F.);
#2875=ORIENTED_EDGE('',*,*,#1736,.F.);
#2876=ORIENTED_EDGE('',*,*,#2095,.T.);
#2877=ORIENTED_EDGE('',*,*,#2096,.F.);
#2878=ORIENTED_EDGE('',*,*,#2097,.F.);
#2879=ORIENTED_EDGE('',*,*,#1737,.F.);
#2880=ORIENTED_EDGE('',*,*,#2097,.T.);
#2881=ORIENTED_EDGE('',*,*,#2098,.F.);
#2882=ORIENTED_EDGE('',*,*,#2099,.F.);
#2883=ORIENTED_EDGE('',*,*,#1738,.F.);
#2884=ORIENTED_EDGE('',*,*,#2099,.T.);
#2885=ORIENTED_EDGE('',*,*,#2100,.F.);
#2886=ORIENTED_EDGE('',*,*,#2101,.F.);
#2887=ORIENTED_EDGE('',*,*,#1739,.F.);
#2888=ORIENTED_EDGE('',*,*,#2101,.T.);
#2889=ORIENTED_EDGE('',*,*,#2102,.F.);
#2890=ORIENTED_EDGE('',*,*,#2103,.F.);
#2891=ORIENTED_EDGE('',*,*,#1740,.F.);
#2892=ORIENTED_EDGE('',*,*,#2103,.T.);
#2893=ORIENTED_EDGE('',*,*,#2104,.F.);
#2894=ORIENTED_EDGE('',*,*,#2105,.F.);
#2895=ORIENTED_EDGE('',*,*,#1741,.F.);
#2896=ORIENTED_EDGE('',*,*,#2105,.T.);
#2897=ORIENTED_EDGE('',*,*,#2106,.F.);
#2898=ORIENTED_EDGE('',*,*,#2107,.F.);
#2899=ORIENTED_EDGE('',*,*,#1742,.F.);
#2900=ORIENTED_EDGE('',*,*,#2107,.T.);
#2901=ORIENTED_EDGE('',*,*,#2108,.F.);
#2902=ORIENTED_EDGE('',*,*,#2109,.F.);
#2903=ORIENTED_EDGE('',*,*,#1743,.F.);
#2904=ORIENTED_EDGE('',*,*,#2109,.T.);
#2905=ORIENTED_EDGE('',*,*,#2110,.F.);
#2906=ORIENTED_EDGE('',*,*,#2111,.F.);
#2907=ORIENTED_EDGE('',*,*,#1744,.T.);
#2908=ORIENTED_EDGE('',*,*,#2111,.T.);
#2909=ORIENTED_EDGE('',*,*,#2112,.F.);
#2910=ORIENTED_EDGE('',*,*,#2113,.F.);
#2911=ORIENTED_EDGE('',*,*,#1745,.T.);
#2912=ORIENTED_EDGE('',*,*,#2113,.T.);
#2913=ORIENTED_EDGE('',*,*,#2114,.F.);
#2914=ORIENTED_EDGE('',*,*,#2115,.F.);
#2915=ORIENTED_EDGE('',*,*,#1746,.T.);
#2916=ORIENTED_EDGE('',*,*,#2115,.T.);
#2917=ORIENTED_EDGE('',*,*,#2116,.F.);
#2918=ORIENTED_EDGE('',*,*,#2117,.F.);
#2919=ORIENTED_EDGE('',*,*,#1747,.T.);
#2920=ORIENTED_EDGE('',*,*,#2117,.T.);
#2921=ORIENTED_EDGE('',*,*,#2118,.F.);
#2922=ORIENTED_EDGE('',*,*,#2119,.F.);
#2923=ORIENTED_EDGE('',*,*,#1748,.T.);
#2924=ORIENTED_EDGE('',*,*,#2119,.T.);
#2925=ORIENTED_EDGE('',*,*,#2120,.F.);
#2926=ORIENTED_EDGE('',*,*,#2121,.F.);
#2927=ORIENTED_EDGE('',*,*,#1749,.T.);
#2928=ORIENTED_EDGE('',*,*,#2121,.T.);
#2929=ORIENTED_EDGE('',*,*,#2122,.F.);
#2930=ORIENTED_EDGE('',*,*,#2123,.F.);
#2931=ORIENTED_EDGE('',*,*,#1750,.T.);
#2932=ORIENTED_EDGE('',*,*,#2123,.T.);
#2933=ORIENTED_EDGE('',*,*,#2124,.F.);
#2934=ORIENTED_EDGE('',*,*,#2125,.F.);
#2935=ORIENTED_EDGE('',*,*,#1751,.T.);
#2936=ORIENTED_EDGE('',*,*,#2125,.T.);
#2937=ORIENTED_EDGE('',*,*,#2126,.F.);
#2938=ORIENTED_EDGE('',*,*,#2127,.F.);
#2939=ORIENTED_EDGE('',*,*,#1752,.T.);
#2940=ORIENTED_EDGE('',*,*,#2127,.T.);
#2941=ORIENTED_EDGE('',*,*,#2128,.F.);
#2942=ORIENTED_EDGE('',*,*,#2129,.F.);
#2943=ORIENTED_EDGE('',*,*,#1753,.T.);
#2944=ORIENTED_EDGE('',*,*,#2129,.T.);
#2945=ORIENTED_EDGE('',*,*,#2130,.F.);
#2946=ORIENTED_EDGE('',*,*,#2131,.F.);
#2947=ORIENTED_EDGE('',*,*,#1754,.T.);
#2948=ORIENTED_EDGE('',*,*,#2131,.T.);
#2949=ORIENTED_EDGE('',*,*,#2132,.F.);
#2950=ORIENTED_EDGE('',*,*,#2133,.F.);
#2951=ORIENTED_EDGE('',*,*,#1643,.T.);
#2952=ORIENTED_EDGE('',*,*,#2133,.T.);
#2953=ORIENTED_EDGE('',*,*,#2134,.F.);
#2954=ORIENTED_EDGE('',*,*,#1911,.F.);
#2955=ORIENTED_EDGE('',*,*,#2134,.T.);
#2956=ORIENTED_EDGE('',*,*,#2132,.T.);
#2957=ORIENTED_EDGE('',*,*,#2130,.T.);
#2958=ORIENTED_EDGE('',*,*,#2128,.T.);
#2959=ORIENTED_EDGE('',*,*,#2126,.T.);
#2960=ORIENTED_EDGE('',*,*,#2124,.T.);
#2961=ORIENTED_EDGE('',*,*,#2122,.T.);
#2962=ORIENTED_EDGE('',*,*,#2120,.T.);
#2963=ORIENTED_EDGE('',*,*,#2118,.T.);
#2964=ORIENTED_EDGE('',*,*,#2116,.T.);
#2965=ORIENTED_EDGE('',*,*,#2114,.T.);
#2966=ORIENTED_EDGE('',*,*,#2112,.T.);
#2967=ORIENTED_EDGE('',*,*,#2110,.T.);
#2968=ORIENTED_EDGE('',*,*,#2108,.T.);
#2969=ORIENTED_EDGE('',*,*,#2106,.T.);
#2970=ORIENTED_EDGE('',*,*,#2104,.T.);
#2971=ORIENTED_EDGE('',*,*,#2102,.T.);
#2972=ORIENTED_EDGE('',*,*,#2100,.T.);
#2973=ORIENTED_EDGE('',*,*,#2098,.T.);
#2974=ORIENTED_EDGE('',*,*,#2096,.T.);
#2975=ORIENTED_EDGE('',*,*,#2094,.T.);
#2976=ORIENTED_EDGE('',*,*,#2092,.T.);
#2977=ORIENTED_EDGE('',*,*,#2090,.T.);
#2978=ORIENTED_EDGE('',*,*,#2088,.T.);
#2979=ORIENTED_EDGE('',*,*,#2086,.T.);
#2980=ORIENTED_EDGE('',*,*,#2084,.T.);
#2981=ORIENTED_EDGE('',*,*,#2082,.T.);
#2982=ORIENTED_EDGE('',*,*,#2080,.T.);
#2983=ORIENTED_EDGE('',*,*,#2078,.T.);
#2984=ORIENTED_EDGE('',*,*,#2076,.T.);
#2985=ORIENTED_EDGE('',*,*,#2074,.T.);
#2986=ORIENTED_EDGE('',*,*,#2072,.T.);
#2987=ORIENTED_EDGE('',*,*,#2070,.T.);
#2988=ORIENTED_EDGE('',*,*,#2068,.T.);
#2989=ORIENTED_EDGE('',*,*,#2066,.T.);
#2990=ORIENTED_EDGE('',*,*,#2064,.T.);
#2991=ORIENTED_EDGE('',*,*,#2062,.T.);
#2992=ORIENTED_EDGE('',*,*,#2060,.T.);
#2993=ORIENTED_EDGE('',*,*,#2058,.T.);
#2994=ORIENTED_EDGE('',*,*,#2056,.T.);
#2995=ORIENTED_EDGE('',*,*,#2054,.T.);
#2996=ORIENTED_EDGE('',*,*,#2052,.T.);
#2997=ORIENTED_EDGE('',*,*,#2050,.T.);
#2998=ORIENTED_EDGE('',*,*,#2048,.T.);
#2999=ORIENTED_EDGE('',*,*,#2046,.T.);
#3000=ORIENTED_EDGE('',*,*,#2044,.T.);
#3001=ORIENTED_EDGE('',*,*,#2042,.T.);
#3002=ORIENTED_EDGE('',*,*,#2040,.T.);
#3003=ORIENTED_EDGE('',*,*,#2038,.T.);
#3004=ORIENTED_EDGE('',*,*,#2036,.T.);
#3005=ORIENTED_EDGE('',*,*,#2034,.T.);
#3006=ORIENTED_EDGE('',*,*,#2032,.T.);
#3007=ORIENTED_EDGE('',*,*,#2030,.T.);
#3008=ORIENTED_EDGE('',*,*,#2028,.T.);
#3009=ORIENTED_EDGE('',*,*,#2026,.T.);
#3010=ORIENTED_EDGE('',*,*,#2024,.T.);
#3011=ORIENTED_EDGE('',*,*,#2022,.T.);
#3012=ORIENTED_EDGE('',*,*,#2020,.T.);
#3013=ORIENTED_EDGE('',*,*,#2018,.T.);
#3014=ORIENTED_EDGE('',*,*,#2016,.T.);
#3015=ORIENTED_EDGE('',*,*,#2014,.T.);
#3016=ORIENTED_EDGE('',*,*,#2012,.T.);
#3017=ORIENTED_EDGE('',*,*,#2010,.T.);
#3018=ORIENTED_EDGE('',*,*,#2008,.T.);
#3019=ORIENTED_EDGE('',*,*,#2006,.T.);
#3020=ORIENTED_EDGE('',*,*,#2004,.T.);
#3021=ORIENTED_EDGE('',*,*,#2002,.T.);
#3022=ORIENTED_EDGE('',*,*,#2000,.T.);
#3023=ORIENTED_EDGE('',*,*,#1998,.T.);
#3024=ORIENTED_EDGE('',*,*,#1996,.T.);
#3025=ORIENTED_EDGE('',*,*,#1994,.T.);
#3026=ORIENTED_EDGE('',*,*,#1992,.T.);
#3027=ORIENTED_EDGE('',*,*,#1990,.T.);
#3028=ORIENTED_EDGE('',*,*,#1988,.T.);
#3029=ORIENTED_EDGE('',*,*,#1986,.T.);
#3030=ORIENTED_EDGE('',*,*,#1984,.T.);
#3031=ORIENTED_EDGE('',*,*,#1982,.T.);
#3032=ORIENTED_EDGE('',*,*,#1980,.T.);
#3033=ORIENTED_EDGE('',*,*,#1978,.T.);
#3034=ORIENTED_EDGE('',*,*,#1976,.T.);
#3035=ORIENTED_EDGE('',*,*,#1974,.T.);
#3036=ORIENTED_EDGE('',*,*,#1972,.T.);
#3037=ORIENTED_EDGE('',*,*,#1970,.T.);
#3038=ORIENTED_EDGE('',*,*,#1968,.T.);
#3039=ORIENTED_EDGE('',*,*,#1966,.T.);
#3040=ORIENTED_EDGE('',*,*,#1964,.T.);
#3041=ORIENTED_EDGE('',*,*,#1962,.T.);
#3042=ORIENTED_EDGE('',*,*,#1960,.T.);
#3043=ORIENTED_EDGE('',*,*,#1958,.T.);
#3044=ORIENTED_EDGE('',*,*,#1956,.T.);
#3045=ORIENTED_EDGE('',*,*,#1954,.T.);
#3046=ORIENTED_EDGE('',*,*,#1952,.T.);
#3047=ORIENTED_EDGE('',*,*,#1950,.T.);
#3048=ORIENTED_EDGE('',*,*,#1948,.T.);
#3049=ORIENTED_EDGE('',*,*,#1946,.T.);
#3050=ORIENTED_EDGE('',*,*,#1944,.T.);
#3051=ORIENTED_EDGE('',*,*,#1942,.T.);
#3052=ORIENTED_EDGE('',*,*,#1940,.T.);
#3053=ORIENTED_EDGE('',*,*,#1938,.T.);
#3054=ORIENTED_EDGE('',*,*,#1936,.T.);
#3055=ORIENTED_EDGE('',*,*,#1934,.T.);
#3056=ORIENTED_EDGE('',*,*,#1932,.T.);
#3057=ORIENTED_EDGE('',*,*,#1930,.T.);
#3058=ORIENTED_EDGE('',*,*,#1928,.T.);
#3059=ORIENTED_EDGE('',*,*,#1926,.T.);
#3060=ORIENTED_EDGE('',*,*,#1924,.T.);
#3061=ORIENTED_EDGE('',*,*,#1922,.T.);
#3062=ORIENTED_EDGE('',*,*,#1920,.T.);
#3063=ORIENTED_EDGE('',*,*,#1918,.T.);
#3064=ORIENTED_EDGE('',*,*,#1916,.T.);
#3065=ORIENTED_EDGE('',*,*,#1914,.T.);
#3066=ORIENTED_EDGE('',*,*,#1912,.T.);
#3067=ORIENTED_EDGE('',*,*,#1812,.F.);
#3068=ORIENTED_EDGE('',*,*,#1810,.T.);
#3069=ORIENTED_EDGE('',*,*,#1807,.T.);
#3070=ORIENTED_EDGE('',*,*,#1900,.T.);
#3071=ORIENTED_EDGE('',*,*,#1889,.T.);
#3072=ORIENTED_EDGE('',*,*,#1899,.T.);
#3073=ORIENTED_EDGE('',*,*,#1815,.F.);
#3074=ORIENTED_EDGE('',*,*,#1818,.T.);
#3075=ORIENTED_EDGE('',*,*,#1820,.F.);
#3076=ORIENTED_EDGE('',*,*,#1822,.T.);
#3077=ORIENTED_EDGE('',*,*,#1886,.T.);
#3078=ORIENTED_EDGE('',*,*,#1898,.T.);
#3079=ORIENTED_EDGE('',*,*,#1824,.F.);
#3080=ORIENTED_EDGE('',*,*,#1827,.T.);
#3081=ORIENTED_EDGE('',*,*,#1828,.T.);
#3082=ORIENTED_EDGE('',*,*,#1831,.T.);
#3083=ORIENTED_EDGE('',*,*,#1884,.T.);
#3084=ORIENTED_EDGE('',*,*,#1897,.T.);
#3085=ORIENTED_EDGE('',*,*,#1833,.F.);
#3086=ORIENTED_EDGE('',*,*,#1836,.T.);
#3087=ORIENTED_EDGE('',*,*,#1838,.F.);
#3088=ORIENTED_EDGE('',*,*,#1840,.T.);
#3089=ORIENTED_EDGE('',*,*,#1882,.T.);
#3090=ORIENTED_EDGE('',*,*,#1896,.T.);
#3091=ORIENTED_EDGE('',*,*,#1842,.F.);
#3092=ORIENTED_EDGE('',*,*,#1845,.T.);
#3093=ORIENTED_EDGE('',*,*,#1846,.T.);
#3094=ORIENTED_EDGE('',*,*,#1849,.T.);
#3095=ORIENTED_EDGE('',*,*,#1880,.T.);
#3096=ORIENTED_EDGE('',*,*,#1895,.T.);
#3097=ORIENTED_EDGE('',*,*,#1851,.F.);
#3098=ORIENTED_EDGE('',*,*,#1854,.T.);
#3099=ORIENTED_EDGE('',*,*,#1856,.F.);
#3100=ORIENTED_EDGE('',*,*,#1858,.T.);
#3101=ORIENTED_EDGE('',*,*,#1878,.T.);
#3102=ORIENTED_EDGE('',*,*,#1894,.T.);
#3103=ORIENTED_EDGE('',*,*,#1860,.F.);
#3104=ORIENTED_EDGE('',*,*,#1863,.T.);
#3105=ORIENTED_EDGE('',*,*,#1864,.T.);
#3106=ORIENTED_EDGE('',*,*,#1867,.T.);
#3107=ORIENTED_EDGE('',*,*,#1893,.T.);
#3108=ORIENTED_EDGE('',*,*,#1902,.T.);
#3109=ORIENTED_EDGE('',*,*,#1869,.F.);
#3110=ORIENTED_EDGE('',*,*,#1872,.T.);
#3111=ORIENTED_EDGE('',*,*,#1874,.F.);
#3112=ORIENTED_EDGE('',*,*,#1876,.T.);
#3113=ORIENTED_EDGE('',*,*,#1891,.T.);
#3114=ORIENTED_EDGE('',*,*,#1901,.T.);
#3115=ORIENTED_EDGE('',*,*,#1909,.T.);
#3116=ORIENTED_EDGE('',*,*,#1907,.T.);
#3117=ORIENTED_EDGE('',*,*,#1905,.T.);
#3118=ORIENTED_EDGE('',*,*,#1903,.T.);
#3119=PLANE('',#3429);
#3120=PLANE('',#3474);
#3121=PLANE('',#3477);
#3122=PLANE('',#3484);
#3123=PLANE('',#3487);
#3124=PLANE('',#3490);
#3125=PLANE('',#3497);
#3126=PLANE('',#3500);
#3127=PLANE('',#3503);
#3128=PLANE('',#3510);
#3129=PLANE('',#3513);
#3130=PLANE('',#3516);
#3131=PLANE('',#3533);
#3132=PLANE('',#3534);
#3133=PLANE('',#3535);
#3134=PLANE('',#3536);
#3135=PLANE('',#3537);
#3136=PLANE('',#3538);
#3137=PLANE('',#3539);
#3138=PLANE('',#3540);
#3139=PLANE('',#3541);
#3140=PLANE('',#3550);
#3141=PLANE('',#3553);
#3142=PLANE('',#3554);
#3143=PLANE('',#3555);
#3144=PLANE('',#3556);
#3145=PLANE('',#3557);
#3146=PLANE('',#3558);
#3147=PLANE('',#3559);
#3148=PLANE('',#3560);
#3149=PLANE('',#3561);
#3150=PLANE('',#3562);
#3151=PLANE('',#3563);
#3152=PLANE('',#3564);
#3153=PLANE('',#3565);
#3154=PLANE('',#3566);
#3155=PLANE('',#3567);
#3156=PLANE('',#3568);
#3157=PLANE('',#3569);
#3158=PLANE('',#3570);
#3159=PLANE('',#3571);
#3160=PLANE('',#3572);
#3161=PLANE('',#3573);
#3162=PLANE('',#3574);
#3163=PLANE('',#3575);
#3164=PLANE('',#3576);
#3165=PLANE('',#3577);
#3166=PLANE('',#3578);
#3167=PLANE('',#3579);
#3168=PLANE('',#3582);
#3169=PLANE('',#3583);
#3170=PLANE('',#3584);
#3171=PLANE('',#3585);
#3172=PLANE('',#3586);
#3173=PLANE('',#3587);
#3174=PLANE('',#3588);
#3175=PLANE('',#3589);
#3176=PLANE('',#3590);
#3177=PLANE('',#3591);
#3178=PLANE('',#3592);
#3179=PLANE('',#3593);
#3180=PLANE('',#3594);
#3181=PLANE('',#3595);
#3182=PLANE('',#3596);
#3183=PLANE('',#3597);
#3184=PLANE('',#3598);
#3185=PLANE('',#3599);
#3186=PLANE('',#3600);
#3187=PLANE('',#3601);
#3188=PLANE('',#3602);
#3189=PLANE('',#3603);
#3190=PLANE('',#3604);
#3191=PLANE('',#3605);
#3192=PLANE('',#3606);
#3193=PLANE('',#3607);
#3194=PLANE('',#3608);
#3195=PLANE('',#3611);
#3196=PLANE('',#3612);
#3197=PLANE('',#3613);
#3198=PLANE('',#3614);
#3199=PLANE('',#3615);
#3200=PLANE('',#3616);
#3201=PLANE('',#3617);
#3202=PLANE('',#3618);
#3203=PLANE('',#3619);
#3204=PLANE('',#3620);
#3205=PLANE('',#3621);
#3206=PLANE('',#3622);
#3207=PLANE('',#3623);
#3208=PLANE('',#3624);
#3209=PLANE('',#3625);
#3210=PLANE('',#3626);
#3211=PLANE('',#3627);
#3212=PLANE('',#3628);
#3213=PLANE('',#3629);
#3214=PLANE('',#3630);
#3215=PLANE('',#3631);
#3216=PLANE('',#3632);
#3217=PLANE('',#3633);
#3218=PLANE('',#3634);
#3219=PLANE('',#3635);
#3220=PLANE('',#3636);
#3221=PLANE('',#3637);
#3222=PLANE('',#3640);
#3223=PLANE('',#3641);
#3224=PLANE('',#3642);
#3225=PLANE('',#3643);
#3226=PLANE('',#3644);
#3227=PLANE('',#3645);
#3228=PLANE('',#3646);
#3229=PLANE('',#3647);
#3230=PLANE('',#3648);
#3231=PLANE('',#3649);
#3232=PLANE('',#3650);
#3233=PLANE('',#3651);
#3234=PLANE('',#3652);
#3235=PLANE('',#3653);
#3236=PLANE('',#3654);
#3237=PLANE('',#3655);
#3238=PLANE('',#3656);
#3239=PLANE('',#3657);
#3240=PLANE('',#3658);
#3241=PLANE('',#3659);
#3242=PLANE('',#3660);
#3243=PLANE('',#3661);
#3244=PLANE('',#3662);
#3245=PLANE('',#3663);
#3246=PLANE('',#3664);
#3247=PLANE('',#3665);
#3248=PLANE('',#3666);
#3249=ADVANCED_FACE('',(#61,#51,#52,#53,#54,#55),#3119,.F.);
#3250=ADVANCED_FACE('',(#62),#15,.F.);
#3251=ADVANCED_FACE('',(#63),#16,.T.);
#3252=ADVANCED_FACE('',(#64),#17,.F.);
#3253=ADVANCED_FACE('',(#65),#18,.F.);
#3254=ADVANCED_FACE('',(#66),#3120,.F.);
#3255=ADVANCED_FACE('',(#67),#19,.F.);
#3256=ADVANCED_FACE('',(#68),#3121,.F.);
#3257=ADVANCED_FACE('',(#69),#20,.F.);
#3258=ADVANCED_FACE('',(#70),#21,.T.);
#3259=ADVANCED_FACE('',(#71),#22,.F.);
#3260=ADVANCED_FACE('',(#72),#3122,.F.);
#3261=ADVANCED_FACE('',(#73),#23,.F.);
#3262=ADVANCED_FACE('',(#74),#3123,.F.);
#3263=ADVANCED_FACE('',(#75),#24,.F.);
#3264=ADVANCED_FACE('',(#76),#3124,.F.);
#3265=ADVANCED_FACE('',(#77),#25,.F.);
#3266=ADVANCED_FACE('',(#78),#26,.T.);
#3267=ADVANCED_FACE('',(#79),#27,.F.);
#3268=ADVANCED_FACE('',(#80),#3125,.F.);
#3269=ADVANCED_FACE('',(#81),#28,.F.);
#3270=ADVANCED_FACE('',(#82),#3126,.F.);
#3271=ADVANCED_FACE('',(#83),#29,.F.);
#3272=ADVANCED_FACE('',(#84),#3127,.F.);
#3273=ADVANCED_FACE('',(#85),#30,.F.);
#3274=ADVANCED_FACE('',(#86),#31,.T.);
#3275=ADVANCED_FACE('',(#87),#32,.F.);
#3276=ADVANCED_FACE('',(#88),#3128,.F.);
#3277=ADVANCED_FACE('',(#89),#33,.F.);
#3278=ADVANCED_FACE('',(#90),#3129,.F.);
#3279=ADVANCED_FACE('',(#91),#34,.F.);
#3280=ADVANCED_FACE('',(#92),#3130,.F.);
#3281=ADVANCED_FACE('',(#93),#35,.T.);
#3282=ADVANCED_FACE('',(#94),#36,.T.);
#3283=ADVANCED_FACE('',(#95),#37,.T.);
#3284=ADVANCED_FACE('',(#96),#38,.T.);
#3285=ADVANCED_FACE('',(#97),#39,.T.);
#3286=ADVANCED_FACE('',(#98),#40,.T.);
#3287=ADVANCED_FACE('',(#99),#41,.T.);
#3288=ADVANCED_FACE('',(#100),#42,.T.);
#3289=ADVANCED_FACE('',(#101),#3131,.F.);
#3290=ADVANCED_FACE('',(#102),#3132,.F.);
#3291=ADVANCED_FACE('',(#103),#3133,.F.);
#3292=ADVANCED_FACE('',(#104),#3134,.F.);
#3293=ADVANCED_FACE('',(#105),#3135,.F.);
#3294=ADVANCED_FACE('',(#106),#3136,.F.);
#3295=ADVANCED_FACE('',(#107),#3137,.F.);
#3296=ADVANCED_FACE('',(#108),#3138,.F.);
#3297=ADVANCED_FACE('',(#109),#3139,.F.);
#3298=ADVANCED_FACE('',(#110),#43,.F.);
#3299=ADVANCED_FACE('',(#111),#44,.F.);
#3300=ADVANCED_FACE('',(#112),#45,.F.);
#3301=ADVANCED_FACE('',(#113),#46,.F.);
#3302=ADVANCED_FACE('',(#114),#3140,.T.);
#3303=ADVANCED_FACE('',(#115),#47,.T.);
#3304=ADVANCED_FACE('',(#116),#3141,.T.);
#3305=ADVANCED_FACE('',(#117),#3142,.T.);
#3306=ADVANCED_FACE('',(#118),#3143,.T.);
#3307=ADVANCED_FACE('',(#119),#3144,.T.);
#3308=ADVANCED_FACE('',(#120),#3145,.T.);
#3309=ADVANCED_FACE('',(#121),#3146,.T.);
#3310=ADVANCED_FACE('',(#122),#3147,.T.);
#3311=ADVANCED_FACE('',(#123),#3148,.T.);
#3312=ADVANCED_FACE('',(#124),#3149,.T.);
#3313=ADVANCED_FACE('',(#125),#3150,.T.);
#3314=ADVANCED_FACE('',(#126),#3151,.T.);
#3315=ADVANCED_FACE('',(#127),#3152,.T.);
#3316=ADVANCED_FACE('',(#128),#3153,.T.);
#3317=ADVANCED_FACE('',(#129),#3154,.T.);
#3318=ADVANCED_FACE('',(#130),#3155,.T.);
#3319=ADVANCED_FACE('',(#131),#3156,.T.);
#3320=ADVANCED_FACE('',(#132),#3157,.T.);
#3321=ADVANCED_FACE('',(#133),#3158,.T.);
#3322=ADVANCED_FACE('',(#134),#3159,.T.);
#3323=ADVANCED_FACE('',(#135),#3160,.T.);
#3324=ADVANCED_FACE('',(#136),#3161,.T.);
#3325=ADVANCED_FACE('',(#137),#3162,.T.);
#3326=ADVANCED_FACE('',(#138),#3163,.T.);
#3327=ADVANCED_FACE('',(#139),#3164,.T.);
#3328=ADVANCED_FACE('',(#140),#3165,.T.);
#3329=ADVANCED_FACE('',(#141),#3166,.T.);
#3330=ADVANCED_FACE('',(#142),#3167,.T.);
#3331=ADVANCED_FACE('',(#143),#48,.T.);
#3332=ADVANCED_FACE('',(#144),#3168,.T.);
#3333=ADVANCED_FACE('',(#145),#3169,.T.);
#3334=ADVANCED_FACE('',(#146),#3170,.T.);
#3335=ADVANCED_FACE('',(#147),#3171,.T.);
#3336=ADVANCED_FACE('',(#148),#3172,.T.);
#3337=ADVANCED_FACE('',(#149),#3173,.T.);
#3338=ADVANCED_FACE('',(#150),#3174,.T.);
#3339=ADVANCED_FACE('',(#151),#3175,.T.);
#3340=ADVANCED_FACE('',(#152),#3176,.T.);
#3341=ADVANCED_FACE('',(#153),#3177,.T.);
#3342=ADVANCED_FACE('',(#154),#3178,.T.);
#3343=ADVANCED_FACE('',(#155),#3179,.T.);
#3344=ADVANCED_FACE('',(#156),#3180,.T.);
#3345=ADVANCED_FACE('',(#157),#3181,.T.);
#3346=ADVANCED_FACE('',(#158),#3182,.T.);
#3347=ADVANCED_FACE('',(#159),#3183,.T.);
#3348=ADVANCED_FACE('',(#160),#3184,.T.);
#3349=ADVANCED_FACE('',(#161),#3185,.T.);
#3350=ADVANCED_FACE('',(#162),#3186,.T.);
#3351=ADVANCED_FACE('',(#163),#3187,.T.);
#3352=ADVANCED_FACE('',(#164),#3188,.T.);
#3353=ADVANCED_FACE('',(#165),#3189,.T.);
#3354=ADVANCED_FACE('',(#166),#3190,.T.);
#3355=ADVANCED_FACE('',(#167),#3191,.T.);
#3356=ADVANCED_FACE('',(#168),#3192,.T.);
#3357=ADVANCED_FACE('',(#169),#3193,.T.);
#3358=ADVANCED_FACE('',(#170),#3194,.T.);
#3359=ADVANCED_FACE('',(#171),#49,.T.);
#3360=ADVANCED_FACE('',(#172),#3195,.T.);
#3361=ADVANCED_FACE('',(#173),#3196,.T.);
#3362=ADVANCED_FACE('',(#174),#3197,.T.);
#3363=ADVANCED_FACE('',(#175),#3198,.T.);
#3364=ADVANCED_FACE('',(#176),#3199,.T.);
#3365=ADVANCED_FACE('',(#177),#3200,.T.);
#3366=ADVANCED_FACE('',(#178),#3201,.T.);
#3367=ADVANCED_FACE('',(#179),#3202,.T.);
#3368=ADVANCED_FACE('',(#180),#3203,.T.);
#3369=ADVANCED_FACE('',(#181),#3204,.T.);
#3370=ADVANCED_FACE('',(#182),#3205,.T.);
#3371=ADVANCED_FACE('',(#183),#3206,.T.);
#3372=ADVANCED_FACE('',(#184),#3207,.T.);
#3373=ADVANCED_FACE('',(#185),#3208,.T.);
#3374=ADVANCED_FACE('',(#186),#3209,.T.);
#3375=ADVANCED_FACE('',(#187),#3210,.T.);
#3376=ADVANCED_FACE('',(#188),#3211,.T.);
#3377=ADVANCED_FACE('',(#189),#3212,.T.);
#3378=ADVANCED_FACE('',(#190),#3213,.T.);
#3379=ADVANCED_FACE('',(#191),#3214,.T.);
#3380=ADVANCED_FACE('',(#192),#3215,.T.);
#3381=ADVANCED_FACE('',(#193),#3216,.T.);
#3382=ADVANCED_FACE('',(#194),#3217,.T.);
#3383=ADVANCED_FACE('',(#195),#3218,.T.);
#3384=ADVANCED_FACE('',(#196),#3219,.T.);
#3385=ADVANCED_FACE('',(#197),#3220,.T.);
#3386=ADVANCED_FACE('',(#198),#3221,.T.);
#3387=ADVANCED_FACE('',(#199),#50,.T.);
#3388=ADVANCED_FACE('',(#200),#3222,.T.);
#3389=ADVANCED_FACE('',(#201),#3223,.T.);
#3390=ADVANCED_FACE('',(#202),#3224,.T.);
#3391=ADVANCED_FACE('',(#203),#3225,.T.);
#3392=ADVANCED_FACE('',(#204),#3226,.T.);
#3393=ADVANCED_FACE('',(#205),#3227,.T.);
#3394=ADVANCED_FACE('',(#206),#3228,.T.);
#3395=ADVANCED_FACE('',(#207),#3229,.T.);
#3396=ADVANCED_FACE('',(#208),#3230,.T.);
#3397=ADVANCED_FACE('',(#209),#3231,.T.);
#3398=ADVANCED_FACE('',(#210),#3232,.T.);
#3399=ADVANCED_FACE('',(#211),#3233,.T.);
#3400=ADVANCED_FACE('',(#212),#3234,.T.);
#3401=ADVANCED_FACE('',(#213),#3235,.T.);
#3402=ADVANCED_FACE('',(#214),#3236,.T.);
#3403=ADVANCED_FACE('',(#215),#3237,.T.);
#3404=ADVANCED_FACE('',(#216),#3238,.T.);
#3405=ADVANCED_FACE('',(#217),#3239,.T.);
#3406=ADVANCED_FACE('',(#218),#3240,.T.);
#3407=ADVANCED_FACE('',(#219),#3241,.T.);
#3408=ADVANCED_FACE('',(#220),#3242,.T.);
#3409=ADVANCED_FACE('',(#221),#3243,.T.);
#3410=ADVANCED_FACE('',(#222),#3244,.T.);
#3411=ADVANCED_FACE('',(#223),#3245,.T.);
#3412=ADVANCED_FACE('',(#224),#3246,.T.);
#3413=ADVANCED_FACE('',(#225),#3247,.T.);
#3414=ADVANCED_FACE('',(#226,#56,#57,#58,#59,#60),#3248,.T.);
#3415=CLOSED_SHELL('',(#3249,#3250,#3251,#3252,#3253,#3254,#3255,#3256,
#3257,#3258,#3259,#3260,#3261,#3262,#3263,#3264,#3265,#3266,#3267,#3268,
#3269,#3270,#3271,#3272,#3273,#3274,#3275,#3276,#3277,#3278,#3279,#3280,
#3281,#3282,#3283,#3284,#3285,#3286,#3287,#3288,#3289,#3290,#3291,#3292,
#3293,#3294,#3295,#3296,#3297,#3298,#3299,#3300,#3301,#3302,#3303,#3304,
#3305,#3306,#3307,#3308,#3309,#3310,#3311,#3312,#3313,#3314,#3315,#3316,
#3317,#3318,#3319,#3320,#3321,#3322,#3323,#3324,#3325,#3326,#3327,#3328,
#3329,#3330,#3331,#3332,#3333,#3334,#3335,#3336,#3337,#3338,#3339,#3340,
#3341,#3342,#3343,#3344,#3345,#3346,#3347,#3348,#3349,#3350,#3351,#3352,
#3353,#3354,#3355,#3356,#3357,#3358,#3359,#3360,#3361,#3362,#3363,#3364,
#3365,#3366,#3367,#3368,#3369,#3370,#3371,#3372,#3373,#3374,#3375,#3376,
#3377,#3378,#3379,#3380,#3381,#3382,#3383,#3384,#3385,#3386,#3387,#3388,
#3389,#3390,#3391,#3392,#3393,#3394,#3395,#3396,#3397,#3398,#3399,#3400,
#3401,#3402,#3403,#3404,#3405,#3406,#3407,#3408,#3409,#3410,#3411,#3412,
#3413,#3414));
#3416=DERIVED_UNIT_ELEMENT(#3418,1.);
#3417=DERIVED_UNIT_ELEMENT(#5557,-3.);
#3418=(
MASS_UNIT()
NAMED_UNIT(*)
SI_UNIT(.KILO.,.GRAM.)
);
#3419=DERIVED_UNIT((#3416,#3417));
#3420=MEASURE_REPRESENTATION_ITEM('density measure',
POSITIVE_RATIO_MEASURE(7850.),#3419);
#3421=PROPERTY_DEFINITION_REPRESENTATION(#3426,#3423);
#3422=PROPERTY_DEFINITION_REPRESENTATION(#3427,#3424);
#3423=REPRESENTATION('material name',(#3425),#5554);
#3424=REPRESENTATION('density',(#3420),#5554);
#3425=DESCRIPTIVE_REPRESENTATION_ITEM('Steel','Steel');
#3426=PROPERTY_DEFINITION('material property','material name',#5564);
#3427=PROPERTY_DEFINITION('material property','density of part',#5564);
#3428=AXIS2_PLACEMENT_3D('',#4565,#3667,#3668);
#3429=AXIS2_PLACEMENT_3D('',#4566,#3669,#3670);
#3430=AXIS2_PLACEMENT_3D('',#4573,#3673,#3674);
#3431=AXIS2_PLACEMENT_3D('',#4629,#3702,#3703);
#3432=AXIS2_PLACEMENT_3D('',#4685,#3731,#3732);
#3433=AXIS2_PLACEMENT_3D('',#4741,#3760,#3761);
#3434=AXIS2_PLACEMENT_3D('',#4792,#3787,#3788);
#3435=AXIS2_PLACEMENT_3D('',#4794,#3789,#3790);
#3436=AXIS2_PLACEMENT_3D('',#4796,#3791,#3792);
#3437=AXIS2_PLACEMENT_3D('',#4798,#3793,#3794);
#3438=AXIS2_PLACEMENT_3D('',#4803,#3796,#3797);
#3439=AXIS2_PLACEMENT_3D('',#4805,#3798,#3799);
#3440=AXIS2_PLACEMENT_3D('',#4807,#3800,#3801);
#3441=AXIS2_PLACEMENT_3D('',#4811,#3803,#3804);
#3442=AXIS2_PLACEMENT_3D('',#4815,#3806,#3807);
#3443=AXIS2_PLACEMENT_3D('',#4819,#3809,#3810);
#3444=AXIS2_PLACEMENT_3D('',#4823,#3812,#3813);
#3445=AXIS2_PLACEMENT_3D('',#4827,#3815,#3816);
#3446=AXIS2_PLACEMENT_3D('',#4829,#3817,#3818);
#3447=AXIS2_PLACEMENT_3D('',#4831,#3819,#3820);
#3448=AXIS2_PLACEMENT_3D('',#4835,#3822,#3823);
#3449=AXIS2_PLACEMENT_3D('',#4839,#3825,#3826);
#3450=AXIS2_PLACEMENT_3D('',#4843,#3828,#3829);
#3451=AXIS2_PLACEMENT_3D('',#4847,#3831,#3832);
#3452=AXIS2_PLACEMENT_3D('',#4851,#3834,#3835);
#3453=AXIS2_PLACEMENT_3D('',#4853,#3836,#3837);
#3454=AXIS2_PLACEMENT_3D('',#4855,#3838,#3839);
#3455=AXIS2_PLACEMENT_3D('',#4859,#3841,#3842);
#3456=AXIS2_PLACEMENT_3D('',#4863,#3844,#3845);
#3457=AXIS2_PLACEMENT_3D('',#4867,#3847,#3848);
#3458=AXIS2_PLACEMENT_3D('',#4871,#3850,#3851);
#3459=AXIS2_PLACEMENT_3D('',#4875,#3853,#3854);
#3460=AXIS2_PLACEMENT_3D('',#4877,#3855,#3856);
#3461=AXIS2_PLACEMENT_3D('',#4879,#3857,#3858);
#3462=AXIS2_PLACEMENT_3D('',#4883,#3860,#3861);
#3463=AXIS2_PLACEMENT_3D('',#4887,#3863,#3864);
#3464=AXIS2_PLACEMENT_3D('',#4891,#3866,#3867);
#3465=AXIS2_PLACEMENT_3D('',#4894,#3869,#3870);
#3466=AXIS2_PLACEMENT_3D('',#4895,#3871,#3872);
#3467=AXIS2_PLACEMENT_3D('',#4898,#3873,#3874);
#3468=AXIS2_PLACEMENT_3D('',#4901,#3877,#3878);
#3469=AXIS2_PLACEMENT_3D('',#4903,#3879,#3880);
#3470=AXIS2_PLACEMENT_3D('',#4905,#3882,#3883);
#3471=AXIS2_PLACEMENT_3D('',#4907,#3884,#3885);
#3472=AXIS2_PLACEMENT_3D('',#4909,#3887,#3888);
#3473=AXIS2_PLACEMENT_3D('',#4913,#3890,#3891);
#3474=AXIS2_PLACEMENT_3D('',#4915,#3893,#3894);
#3475=AXIS2_PLACEMENT_3D('',#4919,#3897,#3898);
#3476=AXIS2_PLACEMENT_3D('',#4922,#3900,#3901);
#3477=AXIS2_PLACEMENT_3D('',#4923,#3902,#3903);
#3478=AXIS2_PLACEMENT_3D('',#4927,#3906,#3907);
#3479=AXIS2_PLACEMENT_3D('',#4931,#3909,#3910);
#3480=AXIS2_PLACEMENT_3D('',#4933,#3912,#3913);
#3481=AXIS2_PLACEMENT_3D('',#4936,#3915,#3916);
#3482=AXIS2_PLACEMENT_3D('',#4937,#3917,#3918);
#3483=AXIS2_PLACEMENT_3D('',#4939,#3919,#3920);
#3484=AXIS2_PLACEMENT_3D('',#4941,#3922,#3923);
#3485=AXIS2_PLACEMENT_3D('',#4945,#3926,#3927);
#3486=AXIS2_PLACEMENT_3D('',#4949,#3929,#3930);
#3487=AXIS2_PLACEMENT_3D('',#4951,#3932,#3933);
#3488=AXIS2_PLACEMENT_3D('',#4955,#3936,#3937);
#3489=AXIS2_PLACEMENT_3D('',#4958,#3939,#3940);
#3490=AXIS2_PLACEMENT_3D('',#4959,#3941,#3942);
#3491=AXIS2_PLACEMENT_3D('',#4963,#3945,#3946);
#3492=AXIS2_PLACEMENT_3D('',#4967,#3948,#3949);
#3493=AXIS2_PLACEMENT_3D('',#4969,#3951,#3952);
#3494=AXIS2_PLACEMENT_3D('',#4972,#3954,#3955);
#3495=AXIS2_PLACEMENT_3D('',#4973,#3956,#3957);
#3496=AXIS2_PLACEMENT_3D('',#4975,#3958,#3959);
#3497=AXIS2_PLACEMENT_3D('',#4977,#3961,#3962);
#3498=AXIS2_PLACEMENT_3D('',#4981,#3965,#3966);
#3499=AXIS2_PLACEMENT_3D('',#4985,#3968,#3969);
#3500=AXIS2_PLACEMENT_3D('',#4987,#3971,#3972);
#3501=AXIS2_PLACEMENT_3D('',#4991,#3975,#3976);
#3502=AXIS2_PLACEMENT_3D('',#4994,#3978,#3979);
#3503=AXIS2_PLACEMENT_3D('',#4995,#3980,#3981);
#3504=AXIS2_PLACEMENT_3D('',#4999,#3984,#3985);
#3505=AXIS2_PLACEMENT_3D('',#5003,#3987,#3988);
#3506=AXIS2_PLACEMENT_3D('',#5005,#3990,#3991);
#3507=AXIS2_PLACEMENT_3D('',#5008,#3993,#3994);
#3508=AXIS2_PLACEMENT_3D('',#5009,#3995,#3996);
#3509=AXIS2_PLACEMENT_3D('',#5011,#3997,#3998);
#3510=AXIS2_PLACEMENT_3D('',#5013,#4000,#4001);
#3511=AXIS2_PLACEMENT_3D('',#5017,#4004,#4005);
#3512=AXIS2_PLACEMENT_3D('',#5021,#4007,#4008);
#3513=AXIS2_PLACEMENT_3D('',#5023,#4010,#4011);
#3514=AXIS2_PLACEMENT_3D('',#5027,#4014,#4015);
#3515=AXIS2_PLACEMENT_3D('',#5030,#4017,#4018);
#3516=AXIS2_PLACEMENT_3D('',#5031,#4019,#4020);
#3517=AXIS2_PLACEMENT_3D('',#5035,#4023,#4024);
#3518=AXIS2_PLACEMENT_3D('',#5038,#4026,#4027);
#3519=AXIS2_PLACEMENT_3D('',#5039,#4028,#4029);
#3520=AXIS2_PLACEMENT_3D('',#5042,#4031,#4032);
#3521=AXIS2_PLACEMENT_3D('',#5043,#4033,#4034);
#3522=AXIS2_PLACEMENT_3D('',#5046,#4036,#4037);
#3523=AXIS2_PLACEMENT_3D('',#5047,#4038,#4039);
#3524=AXIS2_PLACEMENT_3D('',#5050,#4041,#4042);
#3525=AXIS2_PLACEMENT_3D('',#5051,#4043,#4044);
#3526=AXIS2_PLACEMENT_3D('',#5054,#4046,#4047);
#3527=AXIS2_PLACEMENT_3D('',#5055,#4048,#4049);
#3528=AXIS2_PLACEMENT_3D('',#5060,#4052,#4053);
#3529=AXIS2_PLACEMENT_3D('',#5061,#4054,#4055);
#3530=AXIS2_PLACEMENT_3D('',#5064,#4057,#4058);
#3531=AXIS2_PLACEMENT_3D('',#5065,#4059,#4060);
#3532=AXIS2_PLACEMENT_3D('',#5068,#4062,#4063);
#3533=AXIS2_PLACEMENT_3D('',#5069,#4064,#4065);
#3534=AXIS2_PLACEMENT_3D('',#5071,#4067,#4068);
#3535=AXIS2_PLACEMENT_3D('',#5073,#4070,#4071);
#3536=AXIS2_PLACEMENT_3D('',#5075,#4073,#4074);
#3537=AXIS2_PLACEMENT_3D('',#5077,#4076,#4077);
#3538=AXIS2_PLACEMENT_3D('',#5079,#4079,#4080);
#3539=AXIS2_PLACEMENT_3D('',#5081,#4082,#4083);
#3540=AXIS2_PLACEMENT_3D('',#5083,#4085,#4086);
#3541=AXIS2_PLACEMENT_3D('',#5085,#4088,#4089);
#3542=AXIS2_PLACEMENT_3D('',#5087,#4091,#4092);
#3543=AXIS2_PLACEMENT_3D('',#5089,#4093,#4094);
#3544=AXIS2_PLACEMENT_3D('',#5091,#4096,#4097);
#3545=AXIS2_PLACEMENT_3D('',#5093,#4098,#4099);
#3546=AXIS2_PLACEMENT_3D('',#5095,#4101,#4102);
#3547=AXIS2_PLACEMENT_3D('',#5097,#4103,#4104);
#3548=AXIS2_PLACEMENT_3D('',#5099,#4106,#4107);
#3549=AXIS2_PLACEMENT_3D('',#5101,#4108,#4109);
#3550=AXIS2_PLACEMENT_3D('',#5103,#4111,#4112);
#3551=AXIS2_PLACEMENT_3D('',#5109,#4116,#4117);
#3552=AXIS2_PLACEMENT_3D('',#5111,#4118,#4119);
#3553=AXIS2_PLACEMENT_3D('',#5113,#4121,#4122);
#3554=AXIS2_PLACEMENT_3D('',#5117,#4125,#4126);
#3555=AXIS2_PLACEMENT_3D('',#5121,#4129,#4130);
#3556=AXIS2_PLACEMENT_3D('',#5125,#4133,#4134);
#3557=AXIS2_PLACEMENT_3D('',#5129,#4137,#4138);
#3558=AXIS2_PLACEMENT_3D('',#5133,#4141,#4142);
#3559=AXIS2_PLACEMENT_3D('',#5137,#4145,#4146);
#3560=AXIS2_PLACEMENT_3D('',#5141,#4149,#4150);
#3561=AXIS2_PLACEMENT_3D('',#5145,#4153,#4154);
#3562=AXIS2_PLACEMENT_3D('',#5149,#4157,#4158);
#3563=AXIS2_PLACEMENT_3D('',#5153,#4161,#4162);
#3564=AXIS2_PLACEMENT_3D('',#5157,#4165,#4166);
#3565=AXIS2_PLACEMENT_3D('',#5161,#4169,#4170);
#3566=AXIS2_PLACEMENT_3D('',#5165,#4173,#4174);
#3567=AXIS2_PLACEMENT_3D('',#5169,#4177,#4178);
#3568=AXIS2_PLACEMENT_3D('',#5173,#4181,#4182);
#3569=AXIS2_PLACEMENT_3D('',#5177,#4185,#4186);
#3570=AXIS2_PLACEMENT_3D('',#5181,#4189,#4190);
#3571=AXIS2_PLACEMENT_3D('',#5185,#4193,#4194);
#3572=AXIS2_PLACEMENT_3D('',#5189,#4197,#4198);
#3573=AXIS2_PLACEMENT_3D('',#5193,#4201,#4202);
#3574=AXIS2_PLACEMENT_3D('',#5197,#4205,#4206);
#3575=AXIS2_PLACEMENT_3D('',#5201,#4209,#4210);
#3576=AXIS2_PLACEMENT_3D('',#5205,#4213,#4214);
#3577=AXIS2_PLACEMENT_3D('',#5209,#4217,#4218);
#3578=AXIS2_PLACEMENT_3D('',#5213,#4221,#4222);
#3579=AXIS2_PLACEMENT_3D('',#5217,#4225,#4226);
#3580=AXIS2_PLACEMENT_3D('',#5221,#4229,#4230);
#3581=AXIS2_PLACEMENT_3D('',#5223,#4231,#4232);
#3582=AXIS2_PLACEMENT_3D('',#5225,#4234,#4235);
#3583=AXIS2_PLACEMENT_3D('',#5229,#4238,#4239);
#3584=AXIS2_PLACEMENT_3D('',#5233,#4242,#4243);
#3585=AXIS2_PLACEMENT_3D('',#5237,#4246,#4247);
#3586=AXIS2_PLACEMENT_3D('',#5241,#4250,#4251);
#3587=AXIS2_PLACEMENT_3D('',#5245,#4254,#4255);
#3588=AXIS2_PLACEMENT_3D('',#5249,#4258,#4259);
#3589=AXIS2_PLACEMENT_3D('',#5253,#4262,#4263);
#3590=AXIS2_PLACEMENT_3D('',#5257,#4266,#4267);
#3591=AXIS2_PLACEMENT_3D('',#5261,#4270,#4271);
#3592=AXIS2_PLACEMENT_3D('',#5265,#4274,#4275);
#3593=AXIS2_PLACEMENT_3D('',#5269,#4278,#4279);
#3594=AXIS2_PLACEMENT_3D('',#5273,#4282,#4283);
#3595=AXIS2_PLACEMENT_3D('',#5277,#4286,#4287);
#3596=AXIS2_PLACEMENT_3D('',#5281,#4290,#4291);
#3597=AXIS2_PLACEMENT_3D('',#5285,#4294,#4295);
#3598=AXIS2_PLACEMENT_3D('',#5289,#4298,#4299);
#3599=AXIS2_PLACEMENT_3D('',#5293,#4302,#4303);
#3600=AXIS2_PLACEMENT_3D('',#5297,#4306,#4307);
#3601=AXIS2_PLACEMENT_3D('',#5301,#4310,#4311);
#3602=AXIS2_PLACEMENT_3D('',#5305,#4314,#4315);
#3603=AXIS2_PLACEMENT_3D('',#5309,#4318,#4319);
#3604=AXIS2_PLACEMENT_3D('',#5313,#4322,#4323);
#3605=AXIS2_PLACEMENT_3D('',#5317,#4326,#4327);
#3606=AXIS2_PLACEMENT_3D('',#5321,#4330,#4331);
#3607=AXIS2_PLACEMENT_3D('',#5325,#4334,#4335);
#3608=AXIS2_PLACEMENT_3D('',#5329,#4338,#4339);
#3609=AXIS2_PLACEMENT_3D('',#5333,#4342,#4343);
#3610=AXIS2_PLACEMENT_3D('',#5335,#4344,#4345);
#3611=AXIS2_PLACEMENT_3D('',#5337,#4347,#4348);
#3612=AXIS2_PLACEMENT_3D('',#5341,#4351,#4352);
#3613=AXIS2_PLACEMENT_3D('',#5345,#4355,#4356);
#3614=AXIS2_PLACEMENT_3D('',#5349,#4359,#4360);
#3615=AXIS2_PLACEMENT_3D('',#5353,#4363,#4364);
#3616=AXIS2_PLACEMENT_3D('',#5357,#4367,#4368);
#3617=AXIS2_PLACEMENT_3D('',#5361,#4371,#4372);
#3618=AXIS2_PLACEMENT_3D('',#5365,#4375,#4376);
#3619=AXIS2_PLACEMENT_3D('',#5369,#4379,#4380);
#3620=AXIS2_PLACEMENT_3D('',#5373,#4383,#4384);
#3621=AXIS2_PLACEMENT_3D('',#5377,#4387,#4388);
#3622=AXIS2_PLACEMENT_3D('',#5381,#4391,#4392);
#3623=AXIS2_PLACEMENT_3D('',#5385,#4395,#4396);
#3624=AXIS2_PLACEMENT_3D('',#5389,#4399,#4400);
#3625=AXIS2_PLACEMENT_3D('',#5393,#4403,#4404);
#3626=AXIS2_PLACEMENT_3D('',#5397,#4407,#4408);
#3627=AXIS2_PLACEMENT_3D('',#5401,#4411,#4412);
#3628=AXIS2_PLACEMENT_3D('',#5405,#4415,#4416);
#3629=AXIS2_PLACEMENT_3D('',#5409,#4419,#4420);
#3630=AXIS2_PLACEMENT_3D('',#5413,#4423,#4424);
#3631=AXIS2_PLACEMENT_3D('',#5417,#4427,#4428);
#3632=AXIS2_PLACEMENT_3D('',#5421,#4431,#4432);
#3633=AXIS2_PLACEMENT_3D('',#5425,#4435,#4436);
#3634=AXIS2_PLACEMENT_3D('',#5429,#4439,#4440);
#3635=AXIS2_PLACEMENT_3D('',#5433,#4443,#4444);
#3636=AXIS2_PLACEMENT_3D('',#5437,#4447,#4448);
#3637=AXIS2_PLACEMENT_3D('',#5441,#4451,#4452);
#3638=AXIS2_PLACEMENT_3D('',#5445,#4455,#4456);
#3639=AXIS2_PLACEMENT_3D('',#5447,#4457,#4458);
#3640=AXIS2_PLACEMENT_3D('',#5449,#4460,#4461);
#3641=AXIS2_PLACEMENT_3D('',#5453,#4464,#4465);
#3642=AXIS2_PLACEMENT_3D('',#5457,#4468,#4469);
#3643=AXIS2_PLACEMENT_3D('',#5461,#4472,#4473);
#3644=AXIS2_PLACEMENT_3D('',#5465,#4476,#4477);
#3645=AXIS2_PLACEMENT_3D('',#5469,#4480,#4481);
#3646=AXIS2_PLACEMENT_3D('',#5473,#4484,#4485);
#3647=AXIS2_PLACEMENT_3D('',#5477,#4488,#4489);
#3648=AXIS2_PLACEMENT_3D('',#5481,#4492,#4493);
#3649=AXIS2_PLACEMENT_3D('',#5485,#4496,#4497);
#3650=AXIS2_PLACEMENT_3D('',#5489,#4500,#4501);
#3651=AXIS2_PLACEMENT_3D('',#5493,#4504,#4505);
#3652=AXIS2_PLACEMENT_3D('',#5497,#4508,#4509);
#3653=AXIS2_PLACEMENT_3D('',#5501,#4512,#4513);
#3654=AXIS2_PLACEMENT_3D('',#5505,#4516,#4517);
#3655=AXIS2_PLACEMENT_3D('',#5509,#4520,#4521);
#3656=AXIS2_PLACEMENT_3D('',#5513,#4524,#4525);
#3657=AXIS2_PLACEMENT_3D('',#5517,#4528,#4529);
#3658=AXIS2_PLACEMENT_3D('',#5521,#4532,#4533);
#3659=AXIS2_PLACEMENT_3D('',#5525,#4536,#4537);
#3660=AXIS2_PLACEMENT_3D('',#5529,#4540,#4541);
#3661=AXIS2_PLACEMENT_3D('',#5533,#4544,#4545);
#3662=AXIS2_PLACEMENT_3D('',#5537,#4548,#4549);
#3663=AXIS2_PLACEMENT_3D('',#5541,#4552,#4553);
#3664=AXIS2_PLACEMENT_3D('',#5545,#4556,#4557);
#3665=AXIS2_PLACEMENT_3D('',#5549,#4560,#4561);
#3666=AXIS2_PLACEMENT_3D('',#5551,#4563,#4564);
#3667=DIRECTION('axis',(0.,0.,1.));
#3668=DIRECTION('refdir',(1.,0.,0.));
#3669=DIRECTION('center_axis',(0.,1.,0.));
#3670=DIRECTION('ref_axis',(1.,0.,0.));
#3671=DIRECTION('',(2.42230478100033E-14,0.,-1.));
#3672=DIRECTION('',(-1.,0.,-7.93016446160826E-17));
#3673=DIRECTION('center_axis',(0.,1.,0.));
#3674=DIRECTION('ref_axis',(-1.,0.,2.22044604925031E-15));
#3675=DIRECTION('',(0.,0.,-1.));
#3676=DIRECTION('',(1.,0.,-2.42230478100033E-14));
#3677=DIRECTION('',(1.15849359091319E-14,0.,1.));
#3678=DIRECTION('',(1.,0.,-1.87883896475026E-14));
#3679=DIRECTION('',(0.656178714924696,0.,-0.754605522163583));
#3680=DIRECTION('',(6.01958582663287E-14,0.,-1.));
#3681=DIRECTION('',(0.500000000000056,0.,-0.866025403784406));
#3682=DIRECTION('',(-0.499999999999951,0.,-0.866025403784467));
#3683=DIRECTION('',(6.39580994079744E-14,0.,-1.));
#3684=DIRECTION('',(-0.656178714924789,0.,-0.754605522163503));
#3685=DIRECTION('',(-1.,0.,-1.70803542250024E-15));
#3686=DIRECTION('',(-7.72329060608799E-14,0.,1.));
#3687=DIRECTION('',(-1.,0.,-1.13040889780015E-13));
#3688=DIRECTION('',(0.,0.,-1.));
#3689=DIRECTION('',(-1.,0.,1.21115239050016E-13));
#3690=DIRECTION('',(-7.723290606088E-14,0.,-1.));
#3691=DIRECTION('',(-1.,0.,0.));
#3692=DIRECTION('',(-0.656178714924789,0.,0.754605522163503));
#3693=DIRECTION('',(6.39580994079745E-14,0.,1.));
#3694=DIRECTION('',(-0.499999999999944,0.,0.866025403784471));
#3695=DIRECTION('',(0.500000000000053,0.,0.866025403784408));
#3696=DIRECTION('',(6.0195858266329E-14,0.,1.));
#3697=DIRECTION('',(0.656178714924695,0.,0.754605522163584));
#3698=DIRECTION('',(1.,0.,1.70803542250024E-14));
#3699=DIRECTION('',(1.930822651522E-14,0.,-1.));
#3700=DIRECTION('',(1.,0.,2.01858731750029E-14));
#3701=DIRECTION('',(0.,0.,-1.));
#3702=DIRECTION('center_axis',(0.,1.,0.));
#3703=DIRECTION('ref_axis',(6.66133814775099E-15,0.,-1.));
#3704=DIRECTION('',(1.,0.,0.));
#3705=DIRECTION('',(2.01858731750028E-14,0.,1.));
#3706=DIRECTION('',(-1.,0.,2.12390491667419E-14));
#3707=DIRECTION('',(1.79343719362525E-14,0.,1.));
#3708=DIRECTION('',(0.754605522163585,0.,0.656178714924695));
#3709=DIRECTION('',(1.,0.,6.39580994079743E-14));
#3710=DIRECTION('',(0.866025403784408,0.,0.500000000000053));
#3711=DIRECTION('',(0.866025403784471,0.,-0.499999999999945));
#3712=DIRECTION('',(1.,0.,6.20769788371516E-14));
#3713=DIRECTION('',(0.754605522163503,0.,-0.656178714924788));
#3714=DIRECTION('',(0.,0.,-1.));
#3715=DIRECTION('',(-1.,0.,-8.10945513639239E-14));
#3716=DIRECTION('',(1.18087358073766E-13,0.,-1.));
#3717=DIRECTION('',(1.,0.,0.));
#3718=DIRECTION('',(-1.18087358073766E-13,0.,-1.));
#3719=DIRECTION('',(1.,0.,-8.10945513639239E-14));
#3720=DIRECTION('',(0.,0.,-1.));
#3721=DIRECTION('',(-0.754605522163503,0.,-0.656178714924788));
#3722=DIRECTION('',(-1.,0.,6.20769788371516E-14));
#3723=DIRECTION('',(-0.866025403784471,0.,-0.499999999999945));
#3724=DIRECTION('',(-0.866025403784408,0.,0.500000000000053));
#3725=DIRECTION('',(-1.,0.,6.39580994079743E-14));
#3726=DIRECTION('',(-0.754605522163585,0.,0.656178714924695));
#3727=DIRECTION('',(-1.79343719362525E-14,0.,1.));
#3728=DIRECTION('',(1.,0.,2.12390491667419E-14));
#3729=DIRECTION('',(-2.01858731750028E-14,0.,1.));
#3730=DIRECTION('',(1.,0.,0.));
#3731=DIRECTION('center_axis',(0.,1.,0.));
#3732=DIRECTION('ref_axis',(1.,0.,8.88178419700134E-15));
#3733=DIRECTION('',(0.,0.,1.));
#3734=DIRECTION('',(-1.,0.,2.01858731750029E-14));
#3735=DIRECTION('',(-1.930822651522E-14,0.,-1.));
#3736=DIRECTION('',(-1.,0.,1.70803542250024E-14));
#3737=DIRECTION('',(-0.656178714924695,0.,0.754605522163584));
#3738=DIRECTION('',(-6.0195858266329E-14,0.,1.));
#3739=DIRECTION('',(-0.500000000000053,0.,0.866025403784408));
#3740=DIRECTION('',(0.499999999999944,0.,0.866025403784471));
#3741=DIRECTION('',(-6.39580994079745E-14,0.,1.));
#3742=DIRECTION('',(0.656178714924789,0.,0.754605522163503));
#3743=DIRECTION('',(1.,0.,0.));
#3744=DIRECTION('',(7.723290606088E-14,0.,-1.));
#3745=DIRECTION('',(1.,0.,1.21115239050016E-13));
#3746=DIRECTION('',(0.,0.,1.));
#3747=DIRECTION('',(1.,0.,-1.13040889780015E-13));
#3748=DIRECTION('',(7.72329060608799E-14,0.,1.));
#3749=DIRECTION('',(1.,0.,-1.70803542250024E-15));
#3750=DIRECTION('',(0.656178714924789,0.,-0.754605522163503));
#3751=DIRECTION('',(-6.39580994079744E-14,0.,-1.));
#3752=DIRECTION('',(0.499999999999951,0.,-0.866025403784467));
#3753=DIRECTION('',(-0.500000000000056,0.,-0.866025403784406));
#3754=DIRECTION('',(-6.01958582663287E-14,0.,-1.));
#3755=DIRECTION('',(-0.656178714924696,0.,-0.754605522163583));
#3756=DIRECTION('',(-1.,0.,-1.87883896475026E-14));
#3757=DIRECTION('',(-1.15849359091319E-14,0.,1.));
#3758=DIRECTION('',(-1.,0.,-2.42230478100033E-14));
#3759=DIRECTION('',(0.,0.,1.));
#3760=DIRECTION('center_axis',(0.,1.,0.));
#3761=DIRECTION('ref_axis',(2.22044604925031E-15,0.,1.));
#3762=DIRECTION('',(-1.,0.,-7.93016446160826E-17));
#3763=DIRECTION('',(-2.42230478100033E-14,0.,-1.));
#3764=DIRECTION('',(1.,0.,-1.15849359091319E-14));
#3765=DIRECTION('',(-1.87883896475026E-14,0.,-1.));
#3766=DIRECTION('',(-0.754605522163583,0.,-0.656178714924696));
#3767=DIRECTION('',(-1.,0.,-6.01958582663287E-14));
#3768=DIRECTION('',(-0.866025403784406,0.,-0.500000000000056));
#3769=DIRECTION('',(-0.866025403784467,0.,0.499999999999951));
#3770=DIRECTION('',(-1.,0.,-6.39580994079743E-14));
#3771=DIRECTION('',(-0.754605522163503,0.,0.656178714924789));
#3772=DIRECTION('',(-1.70803542250024E-15,0.,1.));
#3773=DIRECTION('',(1.,0.,7.9163728712402E-14));
#3774=DIRECTION('',(-1.13040889780015E-13,0.,1.));
#3775=DIRECTION('',(-1.,0.,-7.93016446160826E-17));
#3776=DIRECTION('',(1.17078064415015E-13,0.,1.));
#3777=DIRECTION('',(-1.,0.,7.53020834093582E-14));
#3778=DIRECTION('',(0.,0.,1.));
#3779=DIRECTION('',(0.754605522163502,0.,0.656178714924789));
#3780=DIRECTION('',(1.,0.,-6.58392199787971E-14));
#3781=DIRECTION('',(0.866025403784467,0.,0.49999999999995));
#3782=DIRECTION('',(0.866025403784408,0.,-0.500000000000053));
#3783=DIRECTION('',(1.,0.,-5.83147376955062E-14));
#3784=DIRECTION('',(0.754605522163584,0.,-0.656178714924695));
#3785=DIRECTION('',(1.70803542250024E-14,0.,-1.));
#3786=DIRECTION('',(-1.,0.,-1.54465812121759E-14));
#3787=DIRECTION('center_axis',(0.,-1.,0.));
#3788=DIRECTION('ref_axis',(1.,0.,0.));
#3789=DIRECTION('center_axis',(0.,-1.,0.));
#3790=DIRECTION('ref_axis',(1.,0.,0.));
#3791=DIRECTION('center_axis',(0.,-1.,0.));
#3792=DIRECTION('ref_axis',(1.,0.,0.));
#3793=DIRECTION('center_axis',(0.,-1.,0.));
#3794=DIRECTION('ref_axis',(1.,0.,0.));
#3795=DIRECTION('',(0.754605522163503,0.,-0.656178714924788));
#3796=DIRECTION('center_axis',(0.,-1.,0.));
#3797=DIRECTION('ref_axis',(0.656178714924788,0.,0.754605522163503));
#3798=DIRECTION('center_axis',(0.,1.,0.));
#3799=DIRECTION('ref_axis',(1.,0.,0.));
#3800=DIRECTION('center_axis',(0.,-1.,0.));
#3801=DIRECTION('ref_axis',(0.754605522163503,0.,0.656178714924788));
#3802=DIRECTION('',(0.656178714924789,0.,-0.754605522163503));
#3803=DIRECTION('center_axis',(0.,1.,0.));
#3804=DIRECTION('ref_axis',(0.,0.,-1.));
#3805=DIRECTION('',(1.,0.,0.));
#3806=DIRECTION('center_axis',(0.,-1.,0.));
#3807=DIRECTION('ref_axis',(-0.707106781186549,0.,-0.707106781186546));
#3808=DIRECTION('',(0.,0.,-1.));
#3809=DIRECTION('center_axis',(0.,-1.,0.));
#3810=DIRECTION('ref_axis',(-0.707106781186549,0.,0.707106781186546));
#3811=DIRECTION('',(-1.,0.,-1.70803542250024E-15));
#3812=DIRECTION('center_axis',(0.,1.,0.));
#3813=DIRECTION('ref_axis',(0.,0.,-1.));
#3814=DIRECTION('',(-0.656178714924789,0.,-0.754605522163503));
#3815=DIRECTION('center_axis',(0.,-1.,0.));
#3816=DIRECTION('ref_axis',(0.754605522163503,0.,-0.656178714924789));
#3817=DIRECTION('center_axis',(0.,1.,0.));
#3818=DIRECTION('ref_axis',(1.,0.,0.));
#3819=DIRECTION('center_axis',(0.,-1.,0.));
#3820=DIRECTION('ref_axis',(0.65617871492479,0.,-0.754605522163502));
#3821=DIRECTION('',(-0.754605522163502,0.,-0.656178714924789));
#3822=DIRECTION('center_axis',(0.,1.,0.));
#3823=DIRECTION('ref_axis',(0.,0.,-1.));
#3824=DIRECTION('',(0.,0.,-1.));
#3825=DIRECTION('center_axis',(0.,-1.,0.));
#3826=DIRECTION('ref_axis',(-0.707106781186546,0.,0.707106781186549));
#3827=DIRECTION('',(-1.,0.,-7.93016446160826E-17));
#3828=DIRECTION('center_axis',(0.,-1.,0.));
#3829=DIRECTION('ref_axis',(0.707106781186546,0.,0.707106781186549));
#3830=DIRECTION('',(-1.70803542250024E-15,0.,1.));
#3831=DIRECTION('center_axis',(0.,1.,0.));
#3832=DIRECTION('ref_axis',(0.,0.,-1.));
#3833=DIRECTION('',(-0.754605522163503,0.,0.656178714924789));
#3834=DIRECTION('center_axis',(0.,-1.,0.));
#3835=DIRECTION('ref_axis',(-0.656178714924789,0.,-0.754605522163502));
#3836=DIRECTION('center_axis',(0.,1.,0.));
#3837=DIRECTION('ref_axis',(1.,0.,0.));
#3838=DIRECTION('center_axis',(0.,-1.,0.));
#3839=DIRECTION('ref_axis',(-0.754605522163503,0.,-0.656178714924789));
#3840=DIRECTION('',(-0.656178714924789,0.,0.754605522163503));
#3841=DIRECTION('center_axis',(0.,1.,0.));
#3842=DIRECTION('ref_axis',(0.,0.,-1.));
#3843=DIRECTION('',(-1.,0.,-1.70803542250024E-15));
#3844=DIRECTION('center_axis',(0.,-1.,0.));
#3845=DIRECTION('ref_axis',(0.707106781186549,0.,0.707106781186546));
#3846=DIRECTION('',(0.,0.,1.));
#3847=DIRECTION('center_axis',(0.,-1.,0.));
#3848=DIRECTION('ref_axis',(0.707106781186549,0.,-0.707106781186546));
#3849=DIRECTION('',(1.,0.,0.));
#3850=DIRECTION('center_axis',(0.,1.,0.));
#3851=DIRECTION('ref_axis',(0.,0.,-1.));
#3852=DIRECTION('',(0.656178714924789,0.,0.754605522163503));
#3853=DIRECTION('center_axis',(0.,-1.,0.));
#3854=DIRECTION('ref_axis',(-0.754605522163503,0.,0.656178714924788));
#3855=DIRECTION('center_axis',(0.,1.,0.));
#3856=DIRECTION('ref_axis',(1.,0.,0.));
#3857=DIRECTION('center_axis',(0.,-1.,0.));
#3858=DIRECTION('ref_axis',(-0.656178714924788,0.,0.754605522163503));
#3859=DIRECTION('',(0.754605522163503,0.,0.656178714924788));
#3860=DIRECTION('center_axis',(0.,1.,0.));
#3861=DIRECTION('ref_axis',(0.,0.,-1.));
#3862=DIRECTION('',(-1.70803542250024E-15,0.,1.));
#3863=DIRECTION('center_axis',(0.,-1.,0.));
#3864=DIRECTION('ref_axis',(0.707106781186546,0.,-0.707106781186549));
#3865=DIRECTION('',(1.,0.,0.));
#3866=DIRECTION('center_axis',(0.,-1.,0.));
#3867=DIRECTION('ref_axis',(-0.707106781186546,0.,-0.707106781186549));
#3868=DIRECTION('',(0.,0.,-1.));
#3869=DIRECTION('center_axis',(0.,1.,0.));
#3870=DIRECTION('ref_axis',(0.,0.,-1.));
#3871=DIRECTION('center_axis',(0.,1.,0.));
#3872=DIRECTION('ref_axis',(0.656178714924788,0.,0.754605522163503));
#3873=DIRECTION('center_axis',(0.,1.,0.));
#3874=DIRECTION('ref_axis',(0.656178714924788,0.,0.754605522163503));
#3875=DIRECTION('',(0.,-1.,0.));
#3876=DIRECTION('',(0.,1.,0.));
#3877=DIRECTION('center_axis',(0.,1.,0.));
#3878=DIRECTION('ref_axis',(1.,0.,0.));
#3879=DIRECTION('center_axis',(0.,1.,0.));
#3880=DIRECTION('ref_axis',(0.,0.,-1.));
#3881=DIRECTION('',(0.,1.,0.));
#3882=DIRECTION('center_axis',(0.,-1.,0.));
#3883=DIRECTION('ref_axis',(0.754605522163503,0.,0.656178714924788));
#3884=DIRECTION('center_axis',(0.,1.,0.));
#3885=DIRECTION('ref_axis',(0.754605522163503,0.,0.656178714924788));
#3886=DIRECTION('',(0.,-1.,0.));
#3887=DIRECTION('center_axis',(0.,-1.,0.));
#3888=DIRECTION('ref_axis',(-0.707106781186546,0.,-0.707106781186549));
#3889=DIRECTION('',(0.,1.,0.));
#3890=DIRECTION('center_axis',(0.,1.,0.));
#3891=DIRECTION('ref_axis',(-0.707106781186546,0.,-0.707106781186549));
#3892=DIRECTION('',(0.,-1.,0.));
#3893=DIRECTION('center_axis',(0.,0.,-1.));
#3894=DIRECTION('ref_axis',(-1.,0.,0.));
#3895=DIRECTION('',(0.,-1.,0.));
#3896=DIRECTION('',(1.,0.,0.));
#3897=DIRECTION('center_axis',(0.,-1.,0.));
#3898=DIRECTION('ref_axis',(0.707106781186546,0.,-0.707106781186549));
#3899=DIRECTION('',(0.,1.,0.));
#3900=DIRECTION('center_axis',(0.,1.,0.));
#3901=DIRECTION('ref_axis',(0.707106781186546,0.,-0.707106781186549));
#3902=DIRECTION('center_axis',(1.,0.,1.70803542250024E-15));
#3903=DIRECTION('ref_axis',(1.70803542250024E-15,0.,-1.));
#3904=DIRECTION('',(0.,1.,0.));
#3905=DIRECTION('',(0.,0.,1.));
#3906=DIRECTION('center_axis',(0.,-1.,0.));
#3907=DIRECTION('ref_axis',(-0.656178714924788,0.,0.754605522163503));
#3908=DIRECTION('',(0.,1.,0.));
#3909=DIRECTION('center_axis',(0.,1.,0.));
#3910=DIRECTION('ref_axis',(-0.656178714924788,0.,0.754605522163503));
#3911=DIRECTION('',(0.,-1.,0.));
#3912=DIRECTION('center_axis',(0.,1.,0.));
#3913=DIRECTION('ref_axis',(-0.707106781186548,0.,0.707106781186547));
#3914=DIRECTION('',(0.,1.,0.));
#3915=DIRECTION('center_axis',(0.,1.,0.));
#3916=DIRECTION('ref_axis',(0.,0.,-1.));
#3917=DIRECTION('center_axis',(0.,1.,0.));
#3918=DIRECTION('ref_axis',(-0.754605522163503,0.,0.656178714924788));
#3919=DIRECTION('center_axis',(0.,1.,0.));
#3920=DIRECTION('ref_axis',(-0.754605522163503,0.,0.656178714924788));
#3921=DIRECTION('',(0.,1.,0.));
#3922=DIRECTION('center_axis',(0.754605522163503,0.,-0.656178714924789));
#3923=DIRECTION('ref_axis',(-0.656178714924789,0.,-0.754605522163503));
#3924=DIRECTION('',(0.,1.,0.));
#3925=DIRECTION('',(0.656178714924789,0.,0.754605522163503));
#3926=DIRECTION('center_axis',(0.,-1.,0.));
#3927=DIRECTION('ref_axis',(0.707106781186549,0.,-0.707106781186546));
#3928=DIRECTION('',(0.,1.,0.));
#3929=DIRECTION('center_axis',(0.,1.,0.));
#3930=DIRECTION('ref_axis',(0.707106781186549,0.,-0.707106781186546));
#3931=DIRECTION('',(0.,-1.,0.));
#3932=DIRECTION('center_axis',(1.,0.,0.));
#3933=DIRECTION('ref_axis',(0.,0.,-1.));
#3934=DIRECTION('',(0.,-1.,0.));
#3935=DIRECTION('',(0.,0.,1.));
#3936=DIRECTION('center_axis',(0.,-1.,0.));
#3937=DIRECTION('ref_axis',(0.707106781186549,0.,0.707106781186546));
#3938=DIRECTION('',(0.,1.,0.));
#3939=DIRECTION('center_axis',(0.,1.,0.));
#3940=DIRECTION('ref_axis',(0.707106781186549,0.,0.707106781186546));
#3941=DIRECTION('center_axis',(-1.70803542250024E-15,0.,1.));
#3942=DIRECTION('ref_axis',(1.,0.,1.70803542250024E-15));
#3943=DIRECTION('',(0.,1.,0.));
#3944=DIRECTION('',(-1.,0.,1.70803542250024E-15));
#3945=DIRECTION('center_axis',(0.,-1.,0.));
#3946=DIRECTION('ref_axis',(-0.754605522163503,0.,-0.656178714924789));
#3947=DIRECTION('',(0.,1.,0.));
#3948=DIRECTION('center_axis',(0.,1.,0.));
#3949=DIRECTION('ref_axis',(-0.754605522163503,0.,-0.656178714924789));
#3950=DIRECTION('',(0.,-1.,0.));
#3951=DIRECTION('center_axis',(0.,1.,0.));
#3952=DIRECTION('ref_axis',(-0.707106781186547,0.,-0.707106781186548));
#3953=DIRECTION('',(0.,1.,0.));
#3954=DIRECTION('center_axis',(0.,1.,0.));
#3955=DIRECTION('ref_axis',(0.,0.,-1.));
#3956=DIRECTION('center_axis',(0.,1.,0.));
#3957=DIRECTION('ref_axis',(-0.656178714924789,0.,-0.754605522163502));
#3958=DIRECTION('center_axis',(0.,1.,0.));
#3959=DIRECTION('ref_axis',(-0.656178714924789,0.,-0.754605522163502));
#3960=DIRECTION('',(0.,1.,0.));
#3961=DIRECTION('center_axis',(0.656178714924789,0.,0.754605522163503));
#3962=DIRECTION('ref_axis',(0.754605522163503,0.,-0.656178714924789));
#3963=DIRECTION('',(0.,1.,0.));
#3964=DIRECTION('',(-0.754605522163503,0.,0.656178714924789));
#3965=DIRECTION('center_axis',(0.,-1.,0.));
#3966=DIRECTION('ref_axis',(0.707106781186546,0.,0.707106781186549));
#3967=DIRECTION('',(0.,1.,0.));
#3968=DIRECTION('center_axis',(0.,1.,0.));
#3969=DIRECTION('ref_axis',(0.707106781186546,0.,0.707106781186549));
#3970=DIRECTION('',(0.,-1.,0.));
#3971=DIRECTION('center_axis',(-7.93016446160826E-17,0.,1.));
#3972=DIRECTION('ref_axis',(1.,0.,7.93016446160826E-17));
#3973=DIRECTION('',(0.,-1.,0.));
#3974=DIRECTION('',(-1.,0.,-7.93016446160826E-17));
#3975=DIRECTION('center_axis',(0.,-1.,0.));
#3976=DIRECTION('ref_axis',(-0.707106781186546,0.,0.707106781186549));
#3977=DIRECTION('',(0.,1.,0.));
#3978=DIRECTION('center_axis',(0.,1.,0.));
#3979=DIRECTION('ref_axis',(-0.707106781186546,0.,0.707106781186549));
#3980=DIRECTION('center_axis',(-1.,0.,0.));
#3981=DIRECTION('ref_axis',(0.,0.,1.));
#3982=DIRECTION('',(0.,1.,0.));
#3983=DIRECTION('',(0.,0.,-1.));
#3984=DIRECTION('center_axis',(0.,-1.,0.));
#3985=DIRECTION('ref_axis',(0.65617871492479,0.,-0.754605522163502));
#3986=DIRECTION('',(0.,1.,0.));
#3987=DIRECTION('center_axis',(0.,1.,0.));
#3988=DIRECTION('ref_axis',(0.65617871492479,0.,-0.754605522163502));
#3989=DIRECTION('',(0.,-1.,0.));
#3990=DIRECTION('center_axis',(0.,1.,0.));
#3991=DIRECTION('ref_axis',(1.,0.,0.));
#3992=DIRECTION('',(0.,1.,0.));
#3993=DIRECTION('center_axis',(0.,1.,0.));
#3994=DIRECTION('ref_axis',(0.,0.,-1.));
#3995=DIRECTION('center_axis',(0.,1.,0.));
#3996=DIRECTION('ref_axis',(0.754605522163503,0.,-0.656178714924789));
#3997=DIRECTION('center_axis',(0.,1.,0.));
#3998=DIRECTION('ref_axis',(0.754605522163503,0.,-0.656178714924789));
#3999=DIRECTION('',(0.,1.,0.));
#4000=DIRECTION('center_axis',(-0.754605522163503,0.,0.656178714924789));
#4001=DIRECTION('ref_axis',(0.656178714924789,0.,0.754605522163503));
#4002=DIRECTION('',(0.,1.,0.));
#4003=DIRECTION('',(-0.656178714924789,0.,-0.754605522163503));
#4004=DIRECTION('center_axis',(0.,-1.,0.));
#4005=DIRECTION('ref_axis',(-0.707106781186549,0.,0.707106781186546));
#4006=DIRECTION('',(0.,1.,0.));
#4007=DIRECTION('center_axis',(0.,1.,0.));
#4008=DIRECTION('ref_axis',(-0.707106781186549,0.,0.707106781186546));
#4009=DIRECTION('',(0.,-1.,0.));
#4010=DIRECTION('center_axis',(-1.,0.,0.));
#4011=DIRECTION('ref_axis',(0.,0.,1.));
#4012=DIRECTION('',(0.,-1.,0.));
#4013=DIRECTION('',(0.,0.,-1.));
#4014=DIRECTION('center_axis',(0.,-1.,0.));
#4015=DIRECTION('ref_axis',(-0.707106781186549,0.,-0.707106781186546));
#4016=DIRECTION('',(0.,1.,0.));
#4017=DIRECTION('center_axis',(0.,1.,0.));
#4018=DIRECTION('ref_axis',(-0.707106781186549,0.,-0.707106781186546));
#4019=DIRECTION('center_axis',(0.,0.,-1.));
#4020=DIRECTION('ref_axis',(-1.,0.,0.));
#4021=DIRECTION('',(0.,1.,0.));
#4022=DIRECTION('',(1.,0.,0.));
#4023=DIRECTION('center_axis',(0.,1.,0.));
#4024=DIRECTION('ref_axis',(0.,0.,-1.));
#4025=DIRECTION('',(0.,1.,0.));
#4026=DIRECTION('center_axis',(0.,1.,0.));
#4027=DIRECTION('ref_axis',(0.,0.,-1.));
#4028=DIRECTION('center_axis',(0.,1.,0.));
#4029=DIRECTION('ref_axis',(0.,0.,-1.));
#4030=DIRECTION('',(0.,1.,0.));
#4031=DIRECTION('center_axis',(0.,1.,0.));
#4032=DIRECTION('ref_axis',(0.,0.,-1.));
#4033=DIRECTION('center_axis',(0.,1.,0.));
#4034=DIRECTION('ref_axis',(0.,0.,-1.));
#4035=DIRECTION('',(0.,1.,0.));
#4036=DIRECTION('center_axis',(0.,1.,0.));
#4037=DIRECTION('ref_axis',(0.,0.,-1.));
#4038=DIRECTION('center_axis',(0.,1.,0.));
#4039=DIRECTION('ref_axis',(0.,0.,-1.));
#4040=DIRECTION('',(0.,1.,0.));
#4041=DIRECTION('center_axis',(0.,1.,0.));
#4042=DIRECTION('ref_axis',(0.,0.,-1.));
#4043=DIRECTION('center_axis',(0.,1.,0.));
#4044=DIRECTION('ref_axis',(0.,0.,-1.));
#4045=DIRECTION('',(0.,1.,0.));
#4046=DIRECTION('center_axis',(0.,1.,0.));
#4047=DIRECTION('ref_axis',(0.,0.,-1.));
#4048=DIRECTION('center_axis',(0.,1.,0.));
#4049=DIRECTION('ref_axis',(0.,0.,-1.));
#4050=DIRECTION('',(0.,1.,0.));
#4051=DIRECTION('',(0.,1.,0.));
#4052=DIRECTION('center_axis',(0.,1.,0.));
#4053=DIRECTION('ref_axis',(0.,0.,-1.));
#4054=DIRECTION('center_axis',(0.,1.,0.));
#4055=DIRECTION('ref_axis',(0.,0.,-1.));
#4056=DIRECTION('',(0.,1.,0.));
#4057=DIRECTION('center_axis',(0.,1.,0.));
#4058=DIRECTION('ref_axis',(0.,0.,-1.));
#4059=DIRECTION('center_axis',(0.,1.,0.));
#4060=DIRECTION('ref_axis',(0.,0.,-1.));
#4061=DIRECTION('',(0.,1.,0.));
#4062=DIRECTION('center_axis',(0.,1.,0.));
#4063=DIRECTION('ref_axis',(0.,0.,-1.));
#4064=DIRECTION('center_axis',(-0.656178714924789,0.,0.754605522163502));
#4065=DIRECTION('ref_axis',(0.754605522163502,0.,0.656178714924789));
#4066=DIRECTION('',(-0.754605522163502,0.,-0.656178714924789));
#4067=DIRECTION('center_axis',(1.,0.,1.70803542250024E-15));
#4068=DIRECTION('ref_axis',(1.70803542250024E-15,0.,-1.));
#4069=DIRECTION('',(-1.70803542250024E-15,0.,1.));
#4070=DIRECTION('center_axis',(0.754605522163503,0.,0.656178714924789));
#4071=DIRECTION('ref_axis',(0.656178714924789,0.,-0.754605522163503));
#4072=DIRECTION('',(-0.656178714924789,0.,0.754605522163503));
#4073=DIRECTION('center_axis',(0.,0.,-1.));
#4074=DIRECTION('ref_axis',(-1.,0.,0.));
#4075=DIRECTION('',(1.,0.,0.));
#4076=DIRECTION('center_axis',(0.656178714924788,0.,-0.754605522163503));
#4077=DIRECTION('ref_axis',(-0.754605522163503,0.,-0.656178714924788));
#4078=DIRECTION('',(0.754605522163503,0.,0.656178714924788));
#4079=DIRECTION('center_axis',(-1.,0.,0.));
#4080=DIRECTION('ref_axis',(0.,0.,1.));
#4081=DIRECTION('',(0.,0.,-1.));
#4082=DIRECTION('center_axis',(-0.656178714924788,0.,-0.754605522163503));
#4083=DIRECTION('ref_axis',(-0.754605522163503,0.,0.656178714924788));
#4084=DIRECTION('',(0.754605522163503,0.,-0.656178714924788));
#4085=DIRECTION('center_axis',(-0.754605522163503,0.,-0.656178714924789));
#4086=DIRECTION('ref_axis',(-0.656178714924789,0.,0.754605522163503));
#4087=DIRECTION('',(0.656178714924789,0.,-0.754605522163503));
#4088=DIRECTION('center_axis',(-1.70803542250024E-15,0.,1.));
#4089=DIRECTION('ref_axis',(1.,0.,1.70803542250024E-15));
#4090=DIRECTION('',(-1.,0.,-1.70803542250024E-15));
#4091=DIRECTION('center_axis',(0.,1.,0.));
#4092=DIRECTION('ref_axis',(1.,0.,0.));
#4093=DIRECTION('center_axis',(0.,-1.,0.));
#4094=DIRECTION('ref_axis',(1.,0.,0.));
#4095=DIRECTION('',(0.,-1.,0.));
#4096=DIRECTION('center_axis',(0.,1.,0.));
#4097=DIRECTION('ref_axis',(1.,0.,0.));
#4098=DIRECTION('center_axis',(0.,-1.,0.));
#4099=DIRECTION('ref_axis',(1.,0.,0.));
#4100=DIRECTION('',(0.,-1.,0.));
#4101=DIRECTION('center_axis',(0.,1.,0.));
#4102=DIRECTION('ref_axis',(1.,0.,0.));
#4103=DIRECTION('center_axis',(0.,-1.,0.));
#4104=DIRECTION('ref_axis',(1.,0.,0.));
#4105=DIRECTION('',(0.,-1.,0.));
#4106=DIRECTION('center_axis',(0.,1.,0.));
#4107=DIRECTION('ref_axis',(1.,0.,0.));
#4108=DIRECTION('center_axis',(0.,-1.,0.));
#4109=DIRECTION('ref_axis',(1.,0.,0.));
#4110=DIRECTION('',(0.,-1.,0.));
#4111=DIRECTION('center_axis',(-7.93016446160826E-17,0.,1.));
#4112=DIRECTION('ref_axis',(1.,0.,7.93016446160826E-17));
#4113=DIRECTION('',(0.,1.,0.));
#4114=DIRECTION('',(1.,0.,7.93016446160826E-17));
#4115=DIRECTION('',(0.,1.,0.));
#4116=DIRECTION('center_axis',(0.,1.,0.));
#4117=DIRECTION('ref_axis',(-1.,0.,2.22044604925031E-15));
#4118=DIRECTION('center_axis',(0.,1.,0.));
#4119=DIRECTION('ref_axis',(-1.,0.,2.22044604925031E-15));
#4120=DIRECTION('',(0.,1.,0.));
#4121=DIRECTION('center_axis',(-1.,0.,0.));
#4122=DIRECTION('ref_axis',(0.,0.,1.));
#4123=DIRECTION('',(0.,0.,1.));
#4124=DIRECTION('',(0.,1.,0.));
#4125=DIRECTION('center_axis',(-2.42230478100033E-14,0.,-1.));
#4126=DIRECTION('ref_axis',(-1.,0.,2.42230478100033E-14));
#4127=DIRECTION('',(-1.,0.,2.42230478100033E-14));
#4128=DIRECTION('',(0.,1.,0.));
#4129=DIRECTION('center_axis',(1.,0.,-1.15849359091319E-14));
#4130=DIRECTION('ref_axis',(-1.15849359091319E-14,0.,-1.));
#4131=DIRECTION('',(-1.15849359091319E-14,0.,-1.));
#4132=DIRECTION('',(0.,1.,0.));
#4133=DIRECTION('center_axis',(-1.87883896475026E-14,0.,-1.));
#4134=DIRECTION('ref_axis',(-1.,0.,1.87883896475026E-14));
#4135=DIRECTION('',(-1.,0.,1.87883896475026E-14));
#4136=DIRECTION('',(0.,1.,0.));
#4137=DIRECTION('center_axis',(-0.754605522163584,0.,-0.656178714924696));
#4138=DIRECTION('ref_axis',(-0.656178714924696,0.,0.754605522163583));
#4139=DIRECTION('',(-0.656178714924696,0.,0.754605522163583));
#4140=DIRECTION('',(0.,1.,0.));
#4141=DIRECTION('center_axis',(-1.,0.,-6.01958582663287E-14));
#4142=DIRECTION('ref_axis',(-6.01958582663287E-14,0.,1.));
#4143=DIRECTION('',(-6.01958582663287E-14,0.,1.));
#4144=DIRECTION('',(0.,1.,0.));
#4145=DIRECTION('center_axis',(-0.866025403784406,0.,-0.500000000000056));
#4146=DIRECTION('ref_axis',(-0.500000000000056,0.,0.866025403784406));
#4147=DIRECTION('',(-0.500000000000056,0.,0.866025403784406));
#4148=DIRECTION('',(0.,1.,0.));
#4149=DIRECTION('center_axis',(-0.866025403784467,0.,0.499999999999951));
#4150=DIRECTION('ref_axis',(0.499999999999951,0.,0.866025403784467));
#4151=DIRECTION('',(0.499999999999951,0.,0.866025403784467));
#4152=DIRECTION('',(0.,1.,0.));
#4153=DIRECTION('center_axis',(-1.,0.,-6.39580994079744E-14));
#4154=DIRECTION('ref_axis',(-6.39580994079744E-14,0.,1.));
#4155=DIRECTION('',(-6.39580994079744E-14,0.,1.));
#4156=DIRECTION('',(0.,1.,0.));
#4157=DIRECTION('center_axis',(-0.754605522163503,0.,0.656178714924789));
#4158=DIRECTION('ref_axis',(0.656178714924789,0.,0.754605522163503));
#4159=DIRECTION('',(0.656178714924789,0.,0.754605522163503));
#4160=DIRECTION('',(0.,1.,0.));
#4161=DIRECTION('center_axis',(-1.70803542250024E-15,0.,1.));
#4162=DIRECTION('ref_axis',(1.,0.,1.70803542250024E-15));
#4163=DIRECTION('',(1.,0.,1.70803542250024E-15));
#4164=DIRECTION('',(0.,1.,0.));
#4165=DIRECTION('center_axis',(1.,0.,7.72329060608799E-14));
#4166=DIRECTION('ref_axis',(7.72329060608799E-14,0.,-1.));
#4167=DIRECTION('',(7.72329060608799E-14,0.,-1.));
#4168=DIRECTION('',(0.,1.,0.));
#4169=DIRECTION('center_axis',(-1.13040889780015E-13,0.,1.));
#4170=DIRECTION('ref_axis',(1.,0.,1.13040889780015E-13));
#4171=DIRECTION('',(1.,0.,1.13040889780015E-13));
#4172=DIRECTION('',(0.,1.,0.));
#4173=DIRECTION('center_axis',(-1.,0.,0.));
#4174=DIRECTION('ref_axis',(0.,0.,1.));
#4175=DIRECTION('',(0.,0.,1.));
#4176=DIRECTION('',(0.,1.,0.));
#4177=DIRECTION('center_axis',(-1.21115239050016E-13,0.,-1.));
#4178=DIRECTION('ref_axis',(-1.,0.,1.21115239050016E-13));
#4179=DIRECTION('',(-1.,0.,1.21115239050016E-13));
#4180=DIRECTION('',(0.,1.,0.));
#4181=DIRECTION('center_axis',(1.,0.,-7.723290606088E-14));
#4182=DIRECTION('ref_axis',(-7.723290606088E-14,0.,-1.));
#4183=DIRECTION('',(-7.723290606088E-14,0.,-1.));
#4184=DIRECTION('',(0.,1.,0.));
#4185=DIRECTION('center_axis',(0.,0.,-1.));
#4186=DIRECTION('ref_axis',(-1.,0.,0.));
#4187=DIRECTION('',(-1.,0.,0.));
#4188=DIRECTION('',(0.,1.,0.));
#4189=DIRECTION('center_axis',(-0.754605522163503,0.,-0.656178714924789));
#4190=DIRECTION('ref_axis',(-0.656178714924789,0.,0.754605522163503));
#4191=DIRECTION('',(-0.656178714924789,0.,0.754605522163503));
#4192=DIRECTION('',(0.,1.,0.));
#4193=DIRECTION('center_axis',(-1.,0.,6.39580994079745E-14));
#4194=DIRECTION('ref_axis',(6.39580994079745E-14,0.,1.));
#4195=DIRECTION('',(6.39580994079745E-14,0.,1.));
#4196=DIRECTION('',(0.,1.,0.));
#4197=DIRECTION('center_axis',(-0.866025403784471,0.,-0.499999999999944));
#4198=DIRECTION('ref_axis',(-0.499999999999944,0.,0.866025403784471));
#4199=DIRECTION('',(-0.499999999999944,0.,0.866025403784471));
#4200=DIRECTION('',(0.,1.,0.));
#4201=DIRECTION('center_axis',(-0.866025403784408,0.,0.500000000000053));
#4202=DIRECTION('ref_axis',(0.500000000000053,0.,0.866025403784408));
#4203=DIRECTION('',(0.500000000000053,0.,0.866025403784408));
#4204=DIRECTION('',(0.,1.,0.));
#4205=DIRECTION('center_axis',(-1.,0.,6.0195858266329E-14));
#4206=DIRECTION('ref_axis',(6.0195858266329E-14,0.,1.));
#4207=DIRECTION('',(6.0195858266329E-14,0.,1.));
#4208=DIRECTION('',(0.,1.,0.));
#4209=DIRECTION('center_axis',(-0.754605522163584,0.,0.656178714924695));
#4210=DIRECTION('ref_axis',(0.656178714924695,0.,0.754605522163584));
#4211=DIRECTION('',(0.656178714924695,0.,0.754605522163584));
#4212=DIRECTION('',(0.,1.,0.));
#4213=DIRECTION('center_axis',(-1.70803542250024E-14,0.,1.));
#4214=DIRECTION('ref_axis',(1.,0.,1.70803542250024E-14));
#4215=DIRECTION('',(1.,0.,1.70803542250024E-14));
#4216=DIRECTION('',(0.,1.,0.));
#4217=DIRECTION('center_axis',(1.,0.,1.930822651522E-14));
#4218=DIRECTION('ref_axis',(1.930822651522E-14,0.,-1.));
#4219=DIRECTION('',(1.930822651522E-14,0.,-1.));
#4220=DIRECTION('',(0.,1.,0.));
#4221=DIRECTION('center_axis',(-2.01858731750029E-14,0.,1.));
#4222=DIRECTION('ref_axis',(1.,0.,2.01858731750029E-14));
#4223=DIRECTION('',(1.,0.,2.01858731750029E-14));
#4224=DIRECTION('',(0.,1.,0.));
#4225=DIRECTION('center_axis',(-1.,0.,0.));
#4226=DIRECTION('ref_axis',(0.,0.,1.));
#4227=DIRECTION('',(0.,0.,1.));
#4228=DIRECTION('',(0.,1.,0.));
#4229=DIRECTION('center_axis',(0.,1.,0.));
#4230=DIRECTION('ref_axis',(6.66133814775099E-15,0.,-1.));
#4231=DIRECTION('center_axis',(0.,1.,0.));
#4232=DIRECTION('ref_axis',(6.66133814775099E-15,0.,-1.));
#4233=DIRECTION('',(0.,1.,0.));
#4234=DIRECTION('center_axis',(0.,0.,-1.));
#4235=DIRECTION('ref_axis',(-1.,0.,0.));
#4236=DIRECTION('',(-1.,0.,0.));
#4237=DIRECTION('',(0.,1.,0.));
#4238=DIRECTION('center_axis',(1.,0.,-2.01858731750028E-14));
#4239=DIRECTION('ref_axis',(-2.01858731750028E-14,0.,-1.));
#4240=DIRECTION('',(-2.01858731750028E-14,0.,-1.));
#4241=DIRECTION('',(0.,1.,0.));
#4242=DIRECTION('center_axis',(2.12390491667419E-14,0.,1.));
#4243=DIRECTION('ref_axis',(1.,0.,-2.12390491667419E-14));
#4244=DIRECTION('',(1.,0.,-2.12390491667419E-14));
#4245=DIRECTION('',(0.,1.,0.));
#4246=DIRECTION('center_axis',(1.,0.,-1.79343719362525E-14));
#4247=DIRECTION('ref_axis',(-1.79343719362525E-14,0.,-1.));
#4248=DIRECTION('',(-1.79343719362525E-14,0.,-1.));
#4249=DIRECTION('',(0.,1.,0.));
#4250=DIRECTION('center_axis',(0.656178714924695,0.,-0.754605522163585));
#4251=DIRECTION('ref_axis',(-0.754605522163585,0.,-0.656178714924695));
#4252=DIRECTION('',(-0.754605522163585,0.,-0.656178714924695));
#4253=DIRECTION('',(0.,1.,0.));
#4254=DIRECTION('center_axis',(6.39580994079743E-14,0.,-1.));
#4255=DIRECTION('ref_axis',(-1.,0.,-6.39580994079743E-14));
#4256=DIRECTION('',(-1.,0.,-6.39580994079743E-14));
#4257=DIRECTION('',(0.,1.,0.));
#4258=DIRECTION('center_axis',(0.500000000000053,0.,-0.866025403784408));
#4259=DIRECTION('ref_axis',(-0.866025403784408,0.,-0.500000000000053));
#4260=DIRECTION('',(-0.866025403784408,0.,-0.500000000000053));
#4261=DIRECTION('',(0.,1.,0.));
#4262=DIRECTION('center_axis',(-0.499999999999945,0.,-0.86602540378447));
#4263=DIRECTION('ref_axis',(-0.866025403784471,0.,0.499999999999945));
#4264=DIRECTION('',(-0.866025403784471,0.,0.499999999999945));
#4265=DIRECTION('',(0.,1.,0.));
#4266=DIRECTION('center_axis',(6.20769788371516E-14,0.,-1.));
#4267=DIRECTION('ref_axis',(-1.,0.,-6.20769788371516E-14));
#4268=DIRECTION('',(-1.,0.,-6.20769788371516E-14));
#4269=DIRECTION('',(0.,1.,0.));
#4270=DIRECTION('center_axis',(-0.656178714924788,0.,-0.754605522163503));
#4271=DIRECTION('ref_axis',(-0.754605522163503,0.,0.656178714924788));
#4272=DIRECTION('',(-0.754605522163503,0.,0.656178714924788));
#4273=DIRECTION('',(0.,1.,0.));
#4274=DIRECTION('center_axis',(-1.,0.,0.));
#4275=DIRECTION('ref_axis',(0.,0.,1.));
#4276=DIRECTION('',(0.,0.,1.));
#4277=DIRECTION('',(0.,1.,0.));
#4278=DIRECTION('center_axis',(-8.10945513639239E-14,0.,1.));
#4279=DIRECTION('ref_axis',(1.,0.,8.10945513639239E-14));
#4280=DIRECTION('',(1.,0.,8.10945513639239E-14));
#4281=DIRECTION('',(0.,1.,0.));
#4282=DIRECTION('center_axis',(-1.,0.,-1.18087358073766E-13));
#4283=DIRECTION('ref_axis',(-1.18087358073766E-13,0.,1.));
#4284=DIRECTION('',(-1.18087358073766E-13,0.,1.));
#4285=DIRECTION('',(0.,1.,0.));
#4286=DIRECTION('center_axis',(0.,0.,-1.));
#4287=DIRECTION('ref_axis',(-1.,0.,0.));
#4288=DIRECTION('',(-1.,0.,0.));
#4289=DIRECTION('',(0.,1.,0.));
#4290=DIRECTION('center_axis',(1.,0.,-1.18087358073766E-13));
#4291=DIRECTION('ref_axis',(-1.18087358073766E-13,0.,-1.));
#4292=DIRECTION('',(-1.18087358073766E-13,0.,-1.));
#4293=DIRECTION('',(0.,1.,0.));
#4294=DIRECTION('center_axis',(8.10945513639239E-14,0.,1.));
#4295=DIRECTION('ref_axis',(1.,0.,-8.10945513639239E-14));
#4296=DIRECTION('',(1.,0.,-8.10945513639239E-14));
#4297=DIRECTION('',(0.,1.,0.));
#4298=DIRECTION('center_axis',(1.,0.,0.));
#4299=DIRECTION('ref_axis',(0.,0.,-1.));
#4300=DIRECTION('',(0.,0.,-1.));
#4301=DIRECTION('',(0.,1.,0.));
#4302=DIRECTION('center_axis',(0.656178714924788,0.,-0.754605522163503));
#4303=DIRECTION('ref_axis',(-0.754605522163503,0.,-0.656178714924788));
#4304=DIRECTION('',(-0.754605522163503,0.,-0.656178714924788));
#4305=DIRECTION('',(0.,1.,0.));
#4306=DIRECTION('center_axis',(-6.20769788371516E-14,0.,-1.));
#4307=DIRECTION('ref_axis',(-1.,0.,6.20769788371516E-14));
#4308=DIRECTION('',(-1.,0.,6.20769788371516E-14));
#4309=DIRECTION('',(0.,1.,0.));
#4310=DIRECTION('center_axis',(0.499999999999945,0.,-0.86602540378447));
#4311=DIRECTION('ref_axis',(-0.866025403784471,0.,-0.499999999999945));
#4312=DIRECTION('',(-0.866025403784471,0.,-0.499999999999945));
#4313=DIRECTION('',(0.,1.,0.));
#4314=DIRECTION('center_axis',(-0.500000000000053,0.,-0.866025403784408));
#4315=DIRECTION('ref_axis',(-0.866025403784408,0.,0.500000000000053));
#4316=DIRECTION('',(-0.866025403784408,0.,0.500000000000053));
#4317=DIRECTION('',(0.,1.,0.));
#4318=DIRECTION('center_axis',(-6.39580994079743E-14,0.,-1.));
#4319=DIRECTION('ref_axis',(-1.,0.,6.39580994079743E-14));
#4320=DIRECTION('',(-1.,0.,6.39580994079743E-14));
#4321=DIRECTION('',(0.,1.,0.));
#4322=DIRECTION('center_axis',(-0.656178714924695,0.,-0.754605522163585));
#4323=DIRECTION('ref_axis',(-0.754605522163585,0.,0.656178714924695));
#4324=DIRECTION('',(-0.754605522163585,0.,0.656178714924695));
#4325=DIRECTION('',(0.,1.,0.));
#4326=DIRECTION('center_axis',(-1.,0.,-1.79343719362525E-14));
#4327=DIRECTION('ref_axis',(-1.79343719362525E-14,0.,1.));
#4328=DIRECTION('',(-1.79343719362525E-14,0.,1.));
#4329=DIRECTION('',(0.,1.,0.));
#4330=DIRECTION('center_axis',(-2.12390491667419E-14,0.,1.));
#4331=DIRECTION('ref_axis',(1.,0.,2.12390491667419E-14));
#4332=DIRECTION('',(1.,0.,2.12390491667419E-14));
#4333=DIRECTION('',(0.,1.,0.));
#4334=DIRECTION('center_axis',(-1.,0.,-2.01858731750028E-14));
#4335=DIRECTION('ref_axis',(-2.01858731750028E-14,0.,1.));
#4336=DIRECTION('',(-2.01858731750028E-14,0.,1.));
#4337=DIRECTION('',(0.,1.,0.));
#4338=DIRECTION('center_axis',(0.,0.,-1.));
#4339=DIRECTION('ref_axis',(-1.,0.,0.));
#4340=DIRECTION('',(-1.,0.,0.));
#4341=DIRECTION('',(0.,1.,0.));
#4342=DIRECTION('center_axis',(0.,1.,0.));
#4343=DIRECTION('ref_axis',(1.,0.,8.88178419700134E-15));
#4344=DIRECTION('center_axis',(0.,1.,0.));
#4345=DIRECTION('ref_axis',(1.,0.,8.88178419700134E-15));
#4346=DIRECTION('',(0.,1.,0.));
#4347=DIRECTION('center_axis',(1.,0.,0.));
#4348=DIRECTION('ref_axis',(0.,0.,-1.));
#4349=DIRECTION('',(0.,0.,-1.));
#4350=DIRECTION('',(0.,1.,0.));
#4351=DIRECTION('center_axis',(2.01858731750029E-14,0.,1.));
#4352=DIRECTION('ref_axis',(1.,0.,-2.01858731750029E-14));
#4353=DIRECTION('',(1.,0.,-2.01858731750029E-14));
#4354=DIRECTION('',(0.,1.,0.));
#4355=DIRECTION('center_axis',(-1.,0.,1.930822651522E-14));
#4356=DIRECTION('ref_axis',(1.930822651522E-14,0.,1.));
#4357=DIRECTION('',(1.930822651522E-14,0.,1.));
#4358=DIRECTION('',(0.,1.,0.));
#4359=DIRECTION('center_axis',(1.70803542250024E-14,0.,1.));
#4360=DIRECTION('ref_axis',(1.,0.,-1.70803542250024E-14));
#4361=DIRECTION('',(1.,0.,-1.70803542250024E-14));
#4362=DIRECTION('',(0.,1.,0.));
#4363=DIRECTION('center_axis',(0.754605522163584,0.,0.656178714924695));
#4364=DIRECTION('ref_axis',(0.656178714924695,0.,-0.754605522163584));
#4365=DIRECTION('',(0.656178714924695,0.,-0.754605522163584));
#4366=DIRECTION('',(0.,1.,0.));
#4367=DIRECTION('center_axis',(1.,0.,6.0195858266329E-14));
#4368=DIRECTION('ref_axis',(6.0195858266329E-14,0.,-1.));
#4369=DIRECTION('',(6.0195858266329E-14,0.,-1.));
#4370=DIRECTION('',(0.,1.,0.));
#4371=DIRECTION('center_axis',(0.866025403784408,0.,0.500000000000053));
#4372=DIRECTION('ref_axis',(0.500000000000053,0.,-0.866025403784408));
#4373=DIRECTION('',(0.500000000000053,0.,-0.866025403784408));
#4374=DIRECTION('',(0.,1.,0.));
#4375=DIRECTION('center_axis',(0.866025403784471,0.,-0.499999999999944));
#4376=DIRECTION('ref_axis',(-0.499999999999944,0.,-0.866025403784471));
#4377=DIRECTION('',(-0.499999999999944,0.,-0.866025403784471));
#4378=DIRECTION('',(0.,1.,0.));
#4379=DIRECTION('center_axis',(1.,0.,6.39580994079745E-14));
#4380=DIRECTION('ref_axis',(6.39580994079745E-14,0.,-1.));
#4381=DIRECTION('',(6.39580994079745E-14,0.,-1.));
#4382=DIRECTION('',(0.,1.,0.));
#4383=DIRECTION('center_axis',(0.754605522163503,0.,-0.656178714924789));
#4384=DIRECTION('ref_axis',(-0.656178714924789,0.,-0.754605522163503));
#4385=DIRECTION('',(-0.656178714924789,0.,-0.754605522163503));
#4386=DIRECTION('',(0.,1.,0.));
#4387=DIRECTION('center_axis',(0.,0.,-1.));
#4388=DIRECTION('ref_axis',(-1.,0.,0.));
#4389=DIRECTION('',(-1.,0.,0.));
#4390=DIRECTION('',(0.,1.,0.));
#4391=DIRECTION('center_axis',(-1.,0.,-7.723290606088E-14));
#4392=DIRECTION('ref_axis',(-7.723290606088E-14,0.,1.));
#4393=DIRECTION('',(-7.723290606088E-14,0.,1.));
#4394=DIRECTION('',(0.,1.,0.));
#4395=DIRECTION('center_axis',(1.21115239050016E-13,0.,-1.));
#4396=DIRECTION('ref_axis',(-1.,0.,-1.21115239050016E-13));
#4397=DIRECTION('',(-1.,0.,-1.21115239050016E-13));
#4398=DIRECTION('',(0.,1.,0.));
#4399=DIRECTION('center_axis',(1.,0.,0.));
#4400=DIRECTION('ref_axis',(0.,0.,-1.));
#4401=DIRECTION('',(0.,0.,-1.));
#4402=DIRECTION('',(0.,1.,0.));
#4403=DIRECTION('center_axis',(1.13040889780015E-13,0.,1.));
#4404=DIRECTION('ref_axis',(1.,0.,-1.13040889780015E-13));
#4405=DIRECTION('',(1.,0.,-1.13040889780015E-13));
#4406=DIRECTION('',(0.,1.,0.));
#4407=DIRECTION('center_axis',(-1.,0.,7.72329060608799E-14));
#4408=DIRECTION('ref_axis',(7.72329060608799E-14,0.,1.));
#4409=DIRECTION('',(7.72329060608799E-14,0.,1.));
#4410=DIRECTION('',(0.,1.,0.));
#4411=DIRECTION('center_axis',(1.70803542250024E-15,0.,1.));
#4412=DIRECTION('ref_axis',(1.,0.,-1.70803542250024E-15));
#4413=DIRECTION('',(1.,0.,-1.70803542250024E-15));
#4414=DIRECTION('',(0.,1.,0.));
#4415=DIRECTION('center_axis',(0.754605522163503,0.,0.656178714924789));
#4416=DIRECTION('ref_axis',(0.656178714924789,0.,-0.754605522163503));
#4417=DIRECTION('',(0.656178714924789,0.,-0.754605522163503));
#4418=DIRECTION('',(0.,1.,0.));
#4419=DIRECTION('center_axis',(1.,0.,-6.39580994079744E-14));
#4420=DIRECTION('ref_axis',(-6.39580994079744E-14,0.,-1.));
#4421=DIRECTION('',(-6.39580994079744E-14,0.,-1.));
#4422=DIRECTION('',(0.,1.,0.));
#4423=DIRECTION('center_axis',(0.866025403784467,0.,0.499999999999951));
#4424=DIRECTION('ref_axis',(0.499999999999951,0.,-0.866025403784467));
#4425=DIRECTION('',(0.499999999999951,0.,-0.866025403784467));
#4426=DIRECTION('',(0.,1.,0.));
#4427=DIRECTION('center_axis',(0.866025403784406,0.,-0.500000000000056));
#4428=DIRECTION('ref_axis',(-0.500000000000056,0.,-0.866025403784406));
#4429=DIRECTION('',(-0.500000000000056,0.,-0.866025403784406));
#4430=DIRECTION('',(0.,1.,0.));
#4431=DIRECTION('center_axis',(1.,0.,-6.01958582663287E-14));
#4432=DIRECTION('ref_axis',(-6.01958582663287E-14,0.,-1.));
#4433=DIRECTION('',(-6.01958582663287E-14,0.,-1.));
#4434=DIRECTION('',(0.,1.,0.));
#4435=DIRECTION('center_axis',(0.754605522163584,0.,-0.656178714924696));
#4436=DIRECTION('ref_axis',(-0.656178714924696,0.,-0.754605522163583));
#4437=DIRECTION('',(-0.656178714924696,0.,-0.754605522163583));
#4438=DIRECTION('',(0.,1.,0.));
#4439=DIRECTION('center_axis',(1.87883896475026E-14,0.,-1.));
#4440=DIRECTION('ref_axis',(-1.,0.,-1.87883896475026E-14));
#4441=DIRECTION('',(-1.,0.,-1.87883896475026E-14));
#4442=DIRECTION('',(0.,1.,0.));
#4443=DIRECTION('center_axis',(-1.,0.,-1.15849359091319E-14));
#4444=DIRECTION('ref_axis',(-1.15849359091319E-14,0.,1.));
#4445=DIRECTION('',(-1.15849359091319E-14,0.,1.));
#4446=DIRECTION('',(0.,1.,0.));
#4447=DIRECTION('center_axis',(2.42230478100033E-14,0.,-1.));
#4448=DIRECTION('ref_axis',(-1.,0.,-2.42230478100033E-14));
#4449=DIRECTION('',(-1.,0.,-2.42230478100033E-14));
#4450=DIRECTION('',(0.,1.,0.));
#4451=DIRECTION('center_axis',(1.,0.,0.));
#4452=DIRECTION('ref_axis',(0.,0.,-1.));
#4453=DIRECTION('',(0.,0.,-1.));
#4454=DIRECTION('',(0.,1.,0.));
#4455=DIRECTION('center_axis',(0.,1.,0.));
#4456=DIRECTION('ref_axis',(2.22044604925031E-15,0.,1.));
#4457=DIRECTION('center_axis',(0.,1.,0.));
#4458=DIRECTION('ref_axis',(2.22044604925031E-15,0.,1.));
#4459=DIRECTION('',(0.,1.,0.));
#4460=DIRECTION('center_axis',(-7.93016446160826E-17,0.,1.));
#4461=DIRECTION('ref_axis',(1.,0.,7.93016446160826E-17));
#4462=DIRECTION('',(1.,0.,7.93016446160826E-17));
#4463=DIRECTION('',(0.,1.,0.));
#4464=DIRECTION('center_axis',(-1.,0.,2.42230478100033E-14));
#4465=DIRECTION('ref_axis',(2.42230478100033E-14,0.,1.));
#4466=DIRECTION('',(2.42230478100033E-14,0.,1.));
#4467=DIRECTION('',(0.,1.,0.));
#4468=DIRECTION('center_axis',(-1.15849359091319E-14,0.,-1.));
#4469=DIRECTION('ref_axis',(-1.,0.,1.15849359091319E-14));
#4470=DIRECTION('',(-1.,0.,1.15849359091319E-14));
#4471=DIRECTION('',(0.,1.,0.));
#4472=DIRECTION('center_axis',(-1.,0.,1.87883896475026E-14));
#4473=DIRECTION('ref_axis',(1.87883896475026E-14,0.,1.));
#4474=DIRECTION('',(1.87883896475026E-14,0.,1.));
#4475=DIRECTION('',(0.,1.,0.));
#4476=DIRECTION('center_axis',(-0.656178714924696,0.,0.754605522163584));
#4477=DIRECTION('ref_axis',(0.754605522163583,0.,0.656178714924696));
#4478=DIRECTION('',(0.754605522163583,0.,0.656178714924696));
#4479=DIRECTION('',(0.,1.,0.));
#4480=DIRECTION('center_axis',(-6.01958582663287E-14,0.,1.));
#4481=DIRECTION('ref_axis',(1.,0.,6.01958582663287E-14));
#4482=DIRECTION('',(1.,0.,6.01958582663287E-14));
#4483=DIRECTION('',(0.,1.,0.));
#4484=DIRECTION('center_axis',(-0.500000000000056,0.,0.866025403784406));
#4485=DIRECTION('ref_axis',(0.866025403784406,0.,0.500000000000056));
#4486=DIRECTION('',(0.866025403784406,0.,0.500000000000056));
#4487=DIRECTION('',(0.,1.,0.));
#4488=DIRECTION('center_axis',(0.499999999999951,0.,0.866025403784467));
#4489=DIRECTION('ref_axis',(0.866025403784467,0.,-0.499999999999951));
#4490=DIRECTION('',(0.866025403784467,0.,-0.499999999999951));
#4491=DIRECTION('',(0.,1.,0.));
#4492=DIRECTION('center_axis',(-6.39580994079743E-14,0.,1.));
#4493=DIRECTION('ref_axis',(1.,0.,6.39580994079743E-14));
#4494=DIRECTION('',(1.,0.,6.39580994079743E-14));
#4495=DIRECTION('',(0.,1.,0.));
#4496=DIRECTION('center_axis',(0.656178714924789,0.,0.754605522163503));
#4497=DIRECTION('ref_axis',(0.754605522163503,0.,-0.656178714924789));
#4498=DIRECTION('',(0.754605522163503,0.,-0.656178714924789));
#4499=DIRECTION('',(0.,1.,0.));
#4500=DIRECTION('center_axis',(1.,0.,1.70803542250024E-15));
#4501=DIRECTION('ref_axis',(1.70803542250024E-15,0.,-1.));
#4502=DIRECTION('',(1.70803542250024E-15,0.,-1.));
#4503=DIRECTION('',(0.,1.,0.));
#4504=DIRECTION('center_axis',(7.9163728712402E-14,0.,-1.));
#4505=DIRECTION('ref_axis',(-1.,0.,-7.9163728712402E-14));
#4506=DIRECTION('',(-1.,0.,-7.9163728712402E-14));
#4507=DIRECTION('',(0.,1.,0.));
#4508=DIRECTION('center_axis',(1.,0.,1.13040889780015E-13));
#4509=DIRECTION('ref_axis',(1.13040889780015E-13,0.,-1.));
#4510=DIRECTION('',(1.13040889780015E-13,0.,-1.));
#4511=DIRECTION('',(0.,1.,0.));
#4512=DIRECTION('center_axis',(-7.93016446160826E-17,0.,1.));
#4513=DIRECTION('ref_axis',(1.,0.,7.93016446160826E-17));
#4514=DIRECTION('',(1.,0.,7.93016446160826E-17));
#4515=DIRECTION('',(0.,1.,0.));
#4516=DIRECTION('center_axis',(-1.,0.,1.17078064415015E-13));
#4517=DIRECTION('ref_axis',(1.17078064415015E-13,0.,1.));
#4518=DIRECTION('',(1.17078064415015E-13,0.,1.));
#4519=DIRECTION('',(0.,1.,0.));
#4520=DIRECTION('center_axis',(-7.53020834093582E-14,0.,-1.));
#4521=DIRECTION('ref_axis',(-1.,0.,7.53020834093582E-14));
#4522=DIRECTION('',(-1.,0.,7.53020834093582E-14));
#4523=DIRECTION('',(0.,1.,0.));
#4524=DIRECTION('center_axis',(-1.,0.,0.));
#4525=DIRECTION('ref_axis',(0.,0.,1.));
#4526=DIRECTION('',(0.,0.,1.));
#4527=DIRECTION('',(0.,1.,0.));
#4528=DIRECTION('center_axis',(-0.656178714924789,0.,0.754605522163502));
#4529=DIRECTION('ref_axis',(0.754605522163502,0.,0.656178714924789));
#4530=DIRECTION('',(0.754605522163502,0.,0.656178714924789));
#4531=DIRECTION('',(0.,1.,0.));
#4532=DIRECTION('center_axis',(6.58392199787971E-14,0.,1.));
#4533=DIRECTION('ref_axis',(1.,0.,-6.58392199787971E-14));
#4534=DIRECTION('',(1.,0.,-6.58392199787971E-14));
#4535=DIRECTION('',(0.,1.,0.));
#4536=DIRECTION('center_axis',(-0.49999999999995,0.,0.866025403784467));
#4537=DIRECTION('ref_axis',(0.866025403784467,0.,0.49999999999995));
#4538=DIRECTION('',(0.866025403784467,0.,0.49999999999995));
#4539=DIRECTION('',(0.,1.,0.));
#4540=DIRECTION('center_axis',(0.500000000000053,0.,0.866025403784408));
#4541=DIRECTION('ref_axis',(0.866025403784408,0.,-0.500000000000053));
#4542=DIRECTION('',(0.866025403784408,0.,-0.500000000000053));
#4543=DIRECTION('',(0.,1.,0.));
#4544=DIRECTION('center_axis',(5.83147376955062E-14,0.,1.));
#4545=DIRECTION('ref_axis',(1.,0.,-5.83147376955062E-14));
#4546=DIRECTION('',(1.,0.,-5.83147376955062E-14));
#4547=DIRECTION('',(0.,1.,0.));
#4548=DIRECTION('center_axis',(0.656178714924695,0.,0.754605522163584));
#4549=DIRECTION('ref_axis',(0.754605522163584,0.,-0.656178714924695));
#4550=DIRECTION('',(0.754605522163584,0.,-0.656178714924695));
#4551=DIRECTION('',(0.,1.,0.));
#4552=DIRECTION('center_axis',(1.,0.,1.70803542250024E-14));
#4553=DIRECTION('ref_axis',(1.70803542250024E-14,0.,-1.));
#4554=DIRECTION('',(1.70803542250024E-14,0.,-1.));
#4555=DIRECTION('',(0.,1.,0.));
#4556=DIRECTION('center_axis',(1.54465812121759E-14,0.,-1.));
#4557=DIRECTION('ref_axis',(-1.,0.,-1.54465812121759E-14));
#4558=DIRECTION('',(-1.,0.,-1.54465812121759E-14));
#4559=DIRECTION('',(0.,1.,0.));
#4560=DIRECTION('center_axis',(1.,0.,2.42230478100033E-14));
#4561=DIRECTION('ref_axis',(2.42230478100033E-14,0.,-1.));
#4562=DIRECTION('',(2.42230478100033E-14,0.,-1.));
#4563=DIRECTION('center_axis',(0.,1.,0.));
#4564=DIRECTION('ref_axis',(1.,0.,0.));
#4565=CARTESIAN_POINT('',(0.,0.,0.));
#4566=CARTESIAN_POINT('Origin',(0.,0.,4.44089209850063E-15));
#4567=CARTESIAN_POINT('',(-9.20000000000008,0.,15.));
#4568=CARTESIAN_POINT('',(-9.20000000000006,0.,13.9));
#4569=CARTESIAN_POINT('',(-9.20000000000008,0.,15.));
#4570=CARTESIAN_POINT('',(-14.,0.,15.));
#4571=CARTESIAN_POINT('',(14.,0.,15.));
#4572=CARTESIAN_POINT('',(-15.,0.,14.));
#4573=CARTESIAN_POINT('Origin',(-14.,0.,14.));
#4574=CARTESIAN_POINT('',(-15.,0.,9.20000000000008));
#4575=CARTESIAN_POINT('',(-15.,0.,14.));
#4576=CARTESIAN_POINT('',(-13.9,0.,9.20000000000006));
#4577=CARTESIAN_POINT('',(-15.,0.,9.20000000000008));
#4578=CARTESIAN_POINT('',(-13.9,0.,10.3500000000001));
#4579=CARTESIAN_POINT('',(-13.9,0.,9.20000000000006));
#4580=CARTESIAN_POINT('',(-11.3,0.,10.35));
#4581=CARTESIAN_POINT('',(-13.9,0.,10.3500000000001));
#4582=CARTESIAN_POINT('',(-10.3000000000002,0.,9.19999999999998));
#4583=CARTESIAN_POINT('',(-11.3,0.,10.35));
#4584=CARTESIAN_POINT('',(-10.3000000000001,0.,8.01961524227065));
#4585=CARTESIAN_POINT('',(-10.3000000000002,0.,9.19999999999998));
#4586=CARTESIAN_POINT('',(-10.0000000000001,0.,7.5));
#4587=CARTESIAN_POINT('',(-10.3000000000001,0.,8.01961524227065));
#4588=CARTESIAN_POINT('',(-10.3000000000001,0.,6.98038475772932));
#4589=CARTESIAN_POINT('',(-10.0000000000001,0.,7.5));
#4590=CARTESIAN_POINT('',(-10.3,0.,5.79999999999998));
#4591=CARTESIAN_POINT('',(-10.3000000000001,0.,6.98038475772932));
#4592=CARTESIAN_POINT('',(-11.2999999999999,0.,4.65000000000007));
#4593=CARTESIAN_POINT('',(-10.3,0.,5.79999999999998));
#4594=CARTESIAN_POINT('',(-13.8999999999999,0.,4.65000000000007));
#4595=CARTESIAN_POINT('',(-11.2999999999999,0.,4.65000000000007));
#4596=CARTESIAN_POINT('',(-13.9,0.,5.80000000000008));
#4597=CARTESIAN_POINT('',(-13.8999999999999,0.,4.65000000000007));
#4598=CARTESIAN_POINT('',(-15.,0.,5.79999999999995));
#4599=CARTESIAN_POINT('',(-13.9,0.,5.80000000000008));
#4600=CARTESIAN_POINT('',(-15.,0.,-5.79999999999994));
#4601=CARTESIAN_POINT('',(-15.,0.,14.));
#4602=CARTESIAN_POINT('',(-13.9,0.,-5.80000000000008));
#4603=CARTESIAN_POINT('',(-13.9,0.,-5.80000000000008));
#4604=CARTESIAN_POINT('',(-13.8999999999999,0.,-4.65000000000007));
#4605=CARTESIAN_POINT('',(-13.8999999999999,0.,-4.65000000000007));
#4606=CARTESIAN_POINT('',(-11.2999999999999,0.,-4.65000000000007));
#4607=CARTESIAN_POINT('',(-11.2999999999999,0.,-4.65000000000007));
#4608=CARTESIAN_POINT('',(-10.3,0.,-5.79999999999998));
#4609=CARTESIAN_POINT('',(-10.3,0.,-5.79999999999998));
#4610=CARTESIAN_POINT('',(-10.3000000000001,0.,-6.98038475772932));
#4611=CARTESIAN_POINT('',(-10.3000000000001,0.,-6.98038475772932));
#4612=CARTESIAN_POINT('',(-10.0000000000001,0.,-7.5));
#4613=CARTESIAN_POINT('',(-10.0000000000001,0.,-7.5));
#4614=CARTESIAN_POINT('',(-10.3000000000001,0.,-8.01961524227065));
#4615=CARTESIAN_POINT('',(-10.3000000000001,0.,-8.01961524227065));
#4616=CARTESIAN_POINT('',(-10.3000000000002,0.,-9.19999999999998));
#4617=CARTESIAN_POINT('',(-10.3000000000002,0.,-9.19999999999998));
#4618=CARTESIAN_POINT('',(-11.3,0.,-10.35));
#4619=CARTESIAN_POINT('',(-11.3,0.,-10.35));
#4620=CARTESIAN_POINT('',(-13.9,0.,-10.3500000000001));
#4621=CARTESIAN_POINT('',(-13.9,0.,-10.3500000000001));
#4622=CARTESIAN_POINT('',(-13.9,0.,-9.20000000000006));
#4623=CARTESIAN_POINT('',(-13.9,0.,-9.20000000000006));
#4624=CARTESIAN_POINT('',(-15.,0.,-9.20000000000008));
#4625=CARTESIAN_POINT('',(-15.,0.,-9.20000000000008));
#4626=CARTESIAN_POINT('',(-15.,0.,-14.));
#4627=CARTESIAN_POINT('',(-15.,0.,14.));
#4628=CARTESIAN_POINT('',(-14.,0.,-15.));
#4629=CARTESIAN_POINT('Origin',(-14.,0.,-14.));
#4630=CARTESIAN_POINT('',(-9.20000000000008,0.,-15.));
#4631=CARTESIAN_POINT('',(-14.,0.,-15.));
#4632=CARTESIAN_POINT('',(-9.20000000000006,0.,-13.9));
#4633=CARTESIAN_POINT('',(-9.20000000000008,0.,-15.));
#4634=CARTESIAN_POINT('',(-10.3500000000001,0.,-13.9));
#4635=CARTESIAN_POINT('',(-9.20000000000006,0.,-13.9));
#4636=CARTESIAN_POINT('',(-10.35,0.,-11.3));
#4637=CARTESIAN_POINT('',(-10.3500000000001,0.,-13.9));
#4638=CARTESIAN_POINT('',(-9.19999999999998,0.,-10.3000000000002));
#4639=CARTESIAN_POINT('',(-10.35,0.,-11.3));
#4640=CARTESIAN_POINT('',(-8.01961524227065,0.,-10.3000000000001));
#4641=CARTESIAN_POINT('',(-9.19999999999998,0.,-10.3000000000002));
#4642=CARTESIAN_POINT('',(-7.5,0.,-10.0000000000001));
#4643=CARTESIAN_POINT('',(-8.01961524227065,0.,-10.3000000000001));
#4644=CARTESIAN_POINT('',(-6.98038475772932,0.,-10.3000000000001));
#4645=CARTESIAN_POINT('',(-7.5,0.,-10.0000000000001));
#4646=CARTESIAN_POINT('',(-5.79999999999998,0.,-10.3));
#4647=CARTESIAN_POINT('',(-6.98038475772932,0.,-10.3000000000001));
#4648=CARTESIAN_POINT('',(-4.65000000000007,0.,-11.2999999999999));
#4649=CARTESIAN_POINT('',(-5.79999999999998,0.,-10.3));
#4650=CARTESIAN_POINT('',(-4.65000000000007,0.,-13.8999999999999));
#4651=CARTESIAN_POINT('',(-4.65000000000007,0.,-11.2999999999999));
#4652=CARTESIAN_POINT('',(-5.80000000000008,0.,-13.9));
#4653=CARTESIAN_POINT('',(-4.65000000000007,0.,-13.8999999999999));
#4654=CARTESIAN_POINT('',(-5.79999999999995,0.,-15.));
#4655=CARTESIAN_POINT('',(-5.80000000000008,0.,-13.9));
#4656=CARTESIAN_POINT('',(5.79999999999995,0.,-15.));
#4657=CARTESIAN_POINT('',(-14.,0.,-15.));
#4658=CARTESIAN_POINT('',(5.80000000000008,0.,-13.9));
#4659=CARTESIAN_POINT('',(5.80000000000008,0.,-13.9));
#4660=CARTESIAN_POINT('',(4.65000000000007,0.,-13.8999999999999));
#4661=CARTESIAN_POINT('',(4.65000000000007,0.,-13.8999999999999));
#4662=CARTESIAN_POINT('',(4.65000000000007,0.,-11.2999999999999));
#4663=CARTESIAN_POINT('',(4.65000000000007,0.,-11.2999999999999));
#4664=CARTESIAN_POINT('',(5.79999999999998,0.,-10.3));
#4665=CARTESIAN_POINT('',(5.79999999999998,0.,-10.3));
#4666=CARTESIAN_POINT('',(6.98038475772932,0.,-10.3000000000001));
#4667=CARTESIAN_POINT('',(6.98038475772932,0.,-10.3000000000001));
#4668=CARTESIAN_POINT('',(7.5,0.,-10.0000000000001));
#4669=CARTESIAN_POINT('',(7.5,0.,-10.0000000000001));
#4670=CARTESIAN_POINT('',(8.01961524227065,0.,-10.3000000000001));
#4671=CARTESIAN_POINT('',(8.01961524227065,0.,-10.3000000000001));
#4672=CARTESIAN_POINT('',(9.19999999999998,0.,-10.3000000000002));
#4673=CARTESIAN_POINT('',(9.19999999999998,0.,-10.3000000000002));
#4674=CARTESIAN_POINT('',(10.35,0.,-11.3));
#4675=CARTESIAN_POINT('',(10.35,0.,-11.3));
#4676=CARTESIAN_POINT('',(10.3500000000001,0.,-13.9));
#4677=CARTESIAN_POINT('',(10.3500000000001,0.,-13.9));
#4678=CARTESIAN_POINT('',(9.20000000000006,0.,-13.9));
#4679=CARTESIAN_POINT('',(9.20000000000006,0.,-13.9));
#4680=CARTESIAN_POINT('',(9.20000000000008,0.,-15.));
#4681=CARTESIAN_POINT('',(9.20000000000008,0.,-15.));
#4682=CARTESIAN_POINT('',(14.,0.,-15.));
#4683=CARTESIAN_POINT('',(-14.,0.,-15.));
#4684=CARTESIAN_POINT('',(15.,0.,-14.));
#4685=CARTESIAN_POINT('Origin',(14.,0.,-14.));
#4686=CARTESIAN_POINT('',(15.,0.,-9.20000000000008));
#4687=CARTESIAN_POINT('',(15.,0.,-14.));
#4688=CARTESIAN_POINT('',(13.9,0.,-9.20000000000006));
#4689=CARTESIAN_POINT('',(15.,0.,-9.20000000000008));
#4690=CARTESIAN_POINT('',(13.9,0.,-10.3500000000001));
#4691=CARTESIAN_POINT('',(13.9,0.,-9.20000000000006));
#4692=CARTESIAN_POINT('',(11.3,0.,-10.35));
#4693=CARTESIAN_POINT('',(13.9,0.,-10.3500000000001));
#4694=CARTESIAN_POINT('',(10.3000000000002,0.,-9.19999999999998));
#4695=CARTESIAN_POINT('',(11.3,0.,-10.35));
#4696=CARTESIAN_POINT('',(10.3000000000001,0.,-8.01961524227065));
#4697=CARTESIAN_POINT('',(10.3000000000002,0.,-9.19999999999998));
#4698=CARTESIAN_POINT('',(10.0000000000001,0.,-7.5));
#4699=CARTESIAN_POINT('',(10.3000000000001,0.,-8.01961524227065));
#4700=CARTESIAN_POINT('',(10.3000000000001,0.,-6.98038475772932));
#4701=CARTESIAN_POINT('',(10.0000000000001,0.,-7.5));
#4702=CARTESIAN_POINT('',(10.3,0.,-5.79999999999998));
#4703=CARTESIAN_POINT('',(10.3000000000001,0.,-6.98038475772932));
#4704=CARTESIAN_POINT('',(11.2999999999999,0.,-4.65000000000007));
#4705=CARTESIAN_POINT('',(10.3,0.,-5.79999999999998));
#4706=CARTESIAN_POINT('',(13.8999999999999,0.,-4.65000000000007));
#4707=CARTESIAN_POINT('',(11.2999999999999,0.,-4.65000000000007));
#4708=CARTESIAN_POINT('',(13.9,0.,-5.80000000000008));
#4709=CARTESIAN_POINT('',(13.8999999999999,0.,-4.65000000000007));
#4710=CARTESIAN_POINT('',(15.,0.,-5.79999999999994));
#4711=CARTESIAN_POINT('',(13.9,0.,-5.80000000000008));
#4712=CARTESIAN_POINT('',(15.,0.,5.79999999999995));
#4713=CARTESIAN_POINT('',(15.,0.,-14.));
#4714=CARTESIAN_POINT('',(13.9,0.,5.80000000000008));
#4715=CARTESIAN_POINT('',(13.9,0.,5.80000000000008));
#4716=CARTESIAN_POINT('',(13.8999999999999,0.,4.65000000000007));
#4717=CARTESIAN_POINT('',(13.8999999999999,0.,4.65000000000007));
#4718=CARTESIAN_POINT('',(11.2999999999999,0.,4.65000000000007));
#4719=CARTESIAN_POINT('',(11.2999999999999,0.,4.65000000000007));
#4720=CARTESIAN_POINT('',(10.3,0.,5.79999999999998));
#4721=CARTESIAN_POINT('',(10.3,0.,5.79999999999998));
#4722=CARTESIAN_POINT('',(10.3000000000001,0.,6.98038475772932));
#4723=CARTESIAN_POINT('',(10.3000000000001,0.,6.98038475772932));
#4724=CARTESIAN_POINT('',(10.0000000000001,0.,7.5));
#4725=CARTESIAN_POINT('',(10.0000000000001,0.,7.5));
#4726=CARTESIAN_POINT('',(10.3000000000001,0.,8.01961524227065));
#4727=CARTESIAN_POINT('',(10.3000000000001,0.,8.01961524227065));
#4728=CARTESIAN_POINT('',(10.3000000000002,0.,9.19999999999998));
#4729=CARTESIAN_POINT('',(10.3000000000002,0.,9.19999999999998));
#4730=CARTESIAN_POINT('',(11.3,0.,10.35));
#4731=CARTESIAN_POINT('',(11.3,0.,10.35));
#4732=CARTESIAN_POINT('',(13.9,0.,10.3500000000001));
#4733=CARTESIAN_POINT('',(13.9,0.,10.3500000000001));
#4734=CARTESIAN_POINT('',(13.9,0.,9.20000000000006));
#4735=CARTESIAN_POINT('',(13.9,0.,9.20000000000006));
#4736=CARTESIAN_POINT('',(15.,0.,9.20000000000008));
#4737=CARTESIAN_POINT('',(15.,0.,9.20000000000008));
#4738=CARTESIAN_POINT('',(15.,0.,14.));
#4739=CARTESIAN_POINT('',(15.,0.,-14.));
#4740=CARTESIAN_POINT('',(14.,0.,15.));
#4741=CARTESIAN_POINT('Origin',(14.,0.,14.));
#4742=CARTESIAN_POINT('',(9.20000000000008,0.,15.));
#4743=CARTESIAN_POINT('',(14.,0.,15.));
#4744=CARTESIAN_POINT('',(9.20000000000006,0.,13.9));
#4745=CARTESIAN_POINT('',(9.20000000000008,0.,15.));
#4746=CARTESIAN_POINT('',(10.3500000000001,0.,13.9));
#4747=CARTESIAN_POINT('',(9.20000000000006,0.,13.9));
#4748=CARTESIAN_POINT('',(10.35,0.,11.3));
#4749=CARTESIAN_POINT('',(10.3500000000001,0.,13.9));
#4750=CARTESIAN_POINT('',(9.19999999999998,0.,10.3000000000002));
#4751=CARTESIAN_POINT('',(10.35,0.,11.3));
#4752=CARTESIAN_POINT('',(8.01961524227065,0.,10.3000000000001));
#4753=CARTESIAN_POINT('',(9.19999999999998,0.,10.3000000000002));
#4754=CARTESIAN_POINT('',(7.5,0.,10.0000000000001));
#4755=CARTESIAN_POINT('',(8.01961524227065,0.,10.3000000000001));
#4756=CARTESIAN_POINT('',(6.98038475772932,0.,10.3000000000001));
#4757=CARTESIAN_POINT('',(7.5,0.,10.0000000000001));
#4758=CARTESIAN_POINT('',(5.79999999999998,0.,10.3));
#4759=CARTESIAN_POINT('',(6.98038475772932,0.,10.3000000000001));
#4760=CARTESIAN_POINT('',(4.65000000000007,0.,11.2999999999999));
#4761=CARTESIAN_POINT('',(5.79999999999998,0.,10.3));
#4762=CARTESIAN_POINT('',(4.65000000000007,0.,13.8999999999999));
#4763=CARTESIAN_POINT('',(4.65000000000007,0.,11.2999999999999));
#4764=CARTESIAN_POINT('',(5.80000000000007,0.,13.9));
#4765=CARTESIAN_POINT('',(4.65000000000007,0.,13.8999999999999));
#4766=CARTESIAN_POINT('',(5.79999999999995,0.,15.));
#4767=CARTESIAN_POINT('',(5.80000000000007,0.,13.9));
#4768=CARTESIAN_POINT('',(-5.79999999999995,0.,15.));
#4769=CARTESIAN_POINT('',(14.,0.,15.));
#4770=CARTESIAN_POINT('',(-5.80000000000008,0.,13.9));
#4771=CARTESIAN_POINT('',(-5.80000000000008,0.,13.9));
#4772=CARTESIAN_POINT('',(-4.65000000000007,0.,13.8999999999999));
#4773=CARTESIAN_POINT('',(-4.65000000000007,0.,13.8999999999999));
#4774=CARTESIAN_POINT('',(-4.65000000000007,0.,11.2999999999999));
#4775=CARTESIAN_POINT('',(-4.65000000000007,0.,11.2999999999999));
#4776=CARTESIAN_POINT('',(-5.79999999999998,0.,10.3));
#4777=CARTESIAN_POINT('',(-5.79999999999998,0.,10.3));
#4778=CARTESIAN_POINT('',(-6.98038475772932,0.,10.3000000000001));
#4779=CARTESIAN_POINT('',(-6.98038475772932,0.,10.3000000000001));
#4780=CARTESIAN_POINT('',(-7.5,0.,10.0000000000001));
#4781=CARTESIAN_POINT('',(-7.5,0.,10.0000000000001));
#4782=CARTESIAN_POINT('',(-8.01961524227065,0.,10.3000000000001));
#4783=CARTESIAN_POINT('',(-8.01961524227065,0.,10.3000000000001));
#4784=CARTESIAN_POINT('',(-9.19999999999998,0.,10.3000000000002));
#4785=CARTESIAN_POINT('',(-9.19999999999998,0.,10.3000000000002));
#4786=CARTESIAN_POINT('',(-10.35,0.,11.3));
#4787=CARTESIAN_POINT('',(-10.35,0.,11.3));
#4788=CARTESIAN_POINT('',(-10.3500000000001,0.,13.9));
#4789=CARTESIAN_POINT('',(-10.3500000000001,0.,13.9));
#4790=CARTESIAN_POINT('',(-9.20000000000006,0.,13.9));
#4791=CARTESIAN_POINT('',(6.25,0.,-7.5));
#4792=CARTESIAN_POINT('Origin',(7.5,0.,-7.5));
#4793=CARTESIAN_POINT('',(6.25,0.,7.5));
#4794=CARTESIAN_POINT('Origin',(7.5,0.,7.5));
#4795=CARTESIAN_POINT('',(-8.75,0.,7.5));
#4796=CARTESIAN_POINT('Origin',(-7.5,0.,7.5));
#4797=CARTESIAN_POINT('',(-8.75,0.,-7.5));
#4798=CARTESIAN_POINT('Origin',(-7.5,0.,-7.5));
#4799=CARTESIAN_POINT('',(-4.99257067648123,0.,-9.54439717527359));
#4800=CARTESIAN_POINT('',(-3.9282034135828,0.,-10.4699339256201));
#4801=CARTESIAN_POINT('',(-5.40191170206501,0.,-9.18844845737465));
#4802=CARTESIAN_POINT('',(-5.30038235120299,0.,-8.32715306872472));
#4803=CARTESIAN_POINT('Origin',(-4.27077409006396,0.,-8.71433110089373));
#4804=CARTESIAN_POINT('',(-8.32715306872472,0.,-5.30038235120299));
#4805=CARTESIAN_POINT('Origin',(-7.5,0.,-7.5));
#4806=CARTESIAN_POINT('',(-9.54439717527359,0.,-4.99257067648123));
#4807=CARTESIAN_POINT('Origin',(-8.71433110089373,0.,-4.27077409006396));
#4808=CARTESIAN_POINT('',(-10.4699339256201,0.,-3.9282034135828));
#4809=CARTESIAN_POINT('',(-8.68844845737469,0.,-5.97691170206496));
#4810=CARTESIAN_POINT('',(-11.2999999999999,0.,-3.55000000000007));
#4811=CARTESIAN_POINT('Origin',(-11.2999999999999,0.,-4.65000000000007));
#4812=CARTESIAN_POINT('',(-12.8,0.,-3.55000000000007));
#4813=CARTESIAN_POINT('',(-5.64999999999995,0.,-3.55000000000007));
#4814=CARTESIAN_POINT('',(-13.9,0.,-2.45000000000007));
#4815=CARTESIAN_POINT('Origin',(-12.8,0.,-2.45000000000007));
#4816=CARTESIAN_POINT('',(-13.9,0.,2.45000000000007));
#4817=CARTESIAN_POINT('',(-13.9,0.,-2.89999999999997));
#4818=CARTESIAN_POINT('',(-12.8,0.,3.55000000000007));
#4819=CARTESIAN_POINT('Origin',(-12.8,0.,2.45000000000007));
#4820=CARTESIAN_POINT('',(-11.2999999999999,0.,3.55000000000007));
#4821=CARTESIAN_POINT('',(-6.94999999999996,0.,3.55000000000008));
#4822=CARTESIAN_POINT('',(-10.4699339256201,0.,3.9282034135828));
#4823=CARTESIAN_POINT('Origin',(-11.2999999999999,0.,4.65000000000007));
#4824=CARTESIAN_POINT('',(-9.54439717527359,0.,4.99257067648123));
#4825=CARTESIAN_POINT('',(-9.18844845737465,0.,5.40191170206501));
#4826=CARTESIAN_POINT('',(-8.32715306872472,0.,5.30038235120299));
#4827=CARTESIAN_POINT('Origin',(-8.71433110089374,0.,4.27077409006397));
#4828=CARTESIAN_POINT('',(-5.30038235120299,0.,8.32715306872472));
#4829=CARTESIAN_POINT('Origin',(-7.5,0.,7.5));
#4830=CARTESIAN_POINT('',(-4.99257067648123,0.,9.54439717527359));
#4831=CARTESIAN_POINT('Origin',(-4.27077409006396,0.,8.71433110089374));
#4832=CARTESIAN_POINT('',(-3.9282034135828,0.,10.4699339256201));
#4833=CARTESIAN_POINT('',(-5.97691170206497,0.,8.68844845737468));
#4834=CARTESIAN_POINT('',(-3.55000000000007,0.,11.2999999999999));
#4835=CARTESIAN_POINT('Origin',(-4.65000000000007,0.,11.2999999999999));
#4836=CARTESIAN_POINT('',(-3.55000000000007,0.,12.8));
#4837=CARTESIAN_POINT('',(-3.55000000000007,0.,5.64999999999996));
#4838=CARTESIAN_POINT('',(-2.45000000000007,0.,13.9));
#4839=CARTESIAN_POINT('Origin',(-2.45000000000007,0.,12.8));
#4840=CARTESIAN_POINT('',(2.45000000000007,0.,13.9));
#4841=CARTESIAN_POINT('',(-2.89999999999997,0.,13.9));
#4842=CARTESIAN_POINT('',(3.55000000000007,0.,12.8));
#4843=CARTESIAN_POINT('Origin',(2.45000000000007,0.,12.8));
#4844=CARTESIAN_POINT('',(3.55000000000007,0.,11.2999999999999));
#4845=CARTESIAN_POINT('',(3.55000000000008,0.,6.94999999999996));
#4846=CARTESIAN_POINT('',(3.9282034135828,0.,10.4699339256201));
#4847=CARTESIAN_POINT('Origin',(4.65000000000007,0.,11.2999999999999));
#4848=CARTESIAN_POINT('',(4.99257067648123,0.,9.54439717527359));
#4849=CARTESIAN_POINT('',(5.40191170206501,0.,9.18844845737465));
#4850=CARTESIAN_POINT('',(5.30038235120299,0.,8.32715306872472));
#4851=CARTESIAN_POINT('Origin',(4.27077409006397,0.,8.71433110089374));
#4852=CARTESIAN_POINT('',(8.32715306872472,0.,5.30038235120299));
#4853=CARTESIAN_POINT('Origin',(7.5,0.,7.5));
#4854=CARTESIAN_POINT('',(9.54439717527359,0.,4.99257067648123));
#4855=CARTESIAN_POINT('Origin',(8.71433110089374,0.,4.27077409006397));
#4856=CARTESIAN_POINT('',(10.4699339256201,0.,3.9282034135828));
#4857=CARTESIAN_POINT('',(8.68844845737469,0.,5.97691170206497));
#4858=CARTESIAN_POINT('',(11.2999999999999,0.,3.55000000000007));
#4859=CARTESIAN_POINT('Origin',(11.2999999999999,0.,4.65000000000007));
#4860=CARTESIAN_POINT('',(12.8,0.,3.55000000000007));
#4861=CARTESIAN_POINT('',(-6.94999999999996,0.,3.55000000000008));
#4862=CARTESIAN_POINT('',(13.9,0.,2.45000000000007));
#4863=CARTESIAN_POINT('Origin',(12.8,0.,2.45000000000007));
#4864=CARTESIAN_POINT('',(13.9,0.,-2.45000000000007));
#4865=CARTESIAN_POINT('',(13.9,0.,2.89999999999998));
#4866=CARTESIAN_POINT('',(12.8,0.,-3.55000000000007));
#4867=CARTESIAN_POINT('Origin',(12.8,0.,-2.45000000000007));
#4868=CARTESIAN_POINT('',(11.2999999999999,0.,-3.55000000000007));
#4869=CARTESIAN_POINT('',(-5.64999999999995,0.,-3.55000000000007));
#4870=CARTESIAN_POINT('',(10.4699339256201,0.,-3.9282034135828));
#4871=CARTESIAN_POINT('Origin',(11.2999999999999,0.,-4.65000000000007));
#4872=CARTESIAN_POINT('',(9.54439717527359,0.,-4.99257067648123));
#4873=CARTESIAN_POINT('',(9.18844845737465,0.,-5.401911702065));
#4874=CARTESIAN_POINT('',(8.32715306872472,0.,-5.30038235120299));
#4875=CARTESIAN_POINT('Origin',(8.71433110089373,0.,-4.27077409006396));
#4876=CARTESIAN_POINT('',(5.30038235120299,0.,-8.32715306872472));
#4877=CARTESIAN_POINT('Origin',(7.5,0.,-7.5));
#4878=CARTESIAN_POINT('',(4.99257067648123,0.,-9.54439717527359));
#4879=CARTESIAN_POINT('Origin',(4.27077409006396,0.,-8.71433110089373));
#4880=CARTESIAN_POINT('',(3.9282034135828,0.,-10.4699339256201));
#4881=CARTESIAN_POINT('',(5.97691170206496,0.,-8.68844845737469));
#4882=CARTESIAN_POINT('',(3.55000000000007,0.,-11.2999999999999));
#4883=CARTESIAN_POINT('Origin',(4.65000000000007,0.,-11.2999999999999));
#4884=CARTESIAN_POINT('',(3.55000000000007,0.,-12.8));
#4885=CARTESIAN_POINT('',(3.55000000000008,0.,6.94999999999996));
#4886=CARTESIAN_POINT('',(2.45000000000007,0.,-13.9));
#4887=CARTESIAN_POINT('Origin',(2.45000000000007,0.,-12.8));
#4888=CARTESIAN_POINT('',(-2.45000000000007,0.,-13.9));
#4889=CARTESIAN_POINT('',(2.89999999999997,0.,-13.9));
#4890=CARTESIAN_POINT('',(-3.55000000000007,0.,-12.8));
#4891=CARTESIAN_POINT('Origin',(-2.45000000000007,0.,-12.8));
#4892=CARTESIAN_POINT('',(-3.55000000000007,0.,-11.2999999999999));
#4893=CARTESIAN_POINT('',(-3.55000000000007,0.,5.64999999999996));
#4894=CARTESIAN_POINT('Origin',(-4.65000000000007,0.,-11.2999999999999));
#4895=CARTESIAN_POINT('Origin',(-4.27077409006396,0.,-8.71433110089373));
#4896=CARTESIAN_POINT('',(-5.30038235120299,25.,-8.32715306872472));
#4897=CARTESIAN_POINT('',(-4.99257067648123,25.,-9.54439717527359));
#4898=CARTESIAN_POINT('Origin',(-4.27077409006396,25.,-8.71433110089373));
#4899=CARTESIAN_POINT('',(-5.30038235120299,0.,-8.32715306872472));
#4900=CARTESIAN_POINT('',(-4.99257067648123,0.,-9.54439717527359));
#4901=CARTESIAN_POINT('Origin',(-7.5,0.,-7.5));
#4902=CARTESIAN_POINT('',(-8.32715306872472,25.,-5.30038235120299));
#4903=CARTESIAN_POINT('Origin',(-7.5,25.,-7.5));
#4904=CARTESIAN_POINT('',(-8.32715306872472,0.,-5.30038235120299));
#4905=CARTESIAN_POINT('Origin',(-8.71433110089373,0.,-4.27077409006396));
#4906=CARTESIAN_POINT('',(-9.54439717527359,25.,-4.99257067648123));
#4907=CARTESIAN_POINT('Origin',(-8.71433110089373,25.,-4.27077409006396));
#4908=CARTESIAN_POINT('',(-9.54439717527359,0.,-4.99257067648123));
#4909=CARTESIAN_POINT('Origin',(-2.45000000000007,0.,-12.8));
#4910=CARTESIAN_POINT('',(-2.45000000000007,25.,-13.9));
#4911=CARTESIAN_POINT('',(-2.45000000000007,0.,-13.9));
#4912=CARTESIAN_POINT('',(-3.55000000000007,25.,-12.8));
#4913=CARTESIAN_POINT('Origin',(-2.45000000000007,25.,-12.8));
#4914=CARTESIAN_POINT('',(-3.55000000000007,0.,-12.8));
#4915=CARTESIAN_POINT('Origin',(5.79999999999995,0.,-13.9));
#4916=CARTESIAN_POINT('',(2.45000000000007,25.,-13.9));
#4917=CARTESIAN_POINT('',(2.45000000000007,0.,-13.9));
#4918=CARTESIAN_POINT('',(-14.,25.,-13.9));
#4919=CARTESIAN_POINT('Origin',(2.45000000000007,0.,-12.8));
#4920=CARTESIAN_POINT('',(3.55000000000007,25.,-12.8));
#4921=CARTESIAN_POINT('',(3.55000000000007,0.,-12.8));
#4922=CARTESIAN_POINT('Origin',(2.45000000000007,25.,-12.8));
#4923=CARTESIAN_POINT('Origin',(3.55000000000007,0.,13.8999999999999));
#4924=CARTESIAN_POINT('',(3.55000000000007,25.,-11.2999999999999));
#4925=CARTESIAN_POINT('',(3.55000000000007,0.,-11.2999999999999));
#4926=CARTESIAN_POINT('',(3.55000000000007,25.,-11.2999999999999));
#4927=CARTESIAN_POINT('Origin',(4.27077409006396,0.,-8.71433110089373));
#4928=CARTESIAN_POINT('',(5.30038235120299,25.,-8.32715306872472));
#4929=CARTESIAN_POINT('',(5.30038235120299,0.,-8.32715306872472));
#4930=CARTESIAN_POINT('',(4.99257067648123,25.,-9.54439717527359));
#4931=CARTESIAN_POINT('Origin',(4.27077409006396,25.,-8.71433110089373));
#4932=CARTESIAN_POINT('',(4.99257067648123,0.,-9.54439717527359));
#4933=CARTESIAN_POINT('Origin',(7.5,0.,-7.5));
#4934=CARTESIAN_POINT('',(8.32715306872472,25.,-5.30038235120299));
#4935=CARTESIAN_POINT('',(8.32715306872472,0.,-5.30038235120299));
#4936=CARTESIAN_POINT('Origin',(7.5,25.,-7.5));
#4937=CARTESIAN_POINT('Origin',(8.71433110089373,0.,-4.27077409006396));
#4938=CARTESIAN_POINT('',(9.54439717527359,25.,-4.99257067648123));
#4939=CARTESIAN_POINT('Origin',(8.71433110089373,25.,-4.27077409006396));
#4940=CARTESIAN_POINT('',(9.54439717527359,0.,-4.99257067648123));
#4941=CARTESIAN_POINT('Origin',(10.4699339256201,0.,-3.9282034135828));
#4942=CARTESIAN_POINT('',(10.4699339256201,25.,-3.9282034135828));
#4943=CARTESIAN_POINT('',(10.4699339256201,0.,-3.9282034135828));
#4944=CARTESIAN_POINT('',(9.46993392562012,25.,-5.07820341358272));
#4945=CARTESIAN_POINT('Origin',(12.8,0.,-2.45000000000007));
#4946=CARTESIAN_POINT('',(13.9,25.,-2.45000000000007));
#4947=CARTESIAN_POINT('',(13.9,0.,-2.45000000000007));
#4948=CARTESIAN_POINT('',(12.8,25.,-3.55000000000007));
#4949=CARTESIAN_POINT('Origin',(12.8,25.,-2.45000000000007));
#4950=CARTESIAN_POINT('',(12.8,0.,-3.55000000000007));
#4951=CARTESIAN_POINT('Origin',(13.9,0.,5.79999999999995));
#4952=CARTESIAN_POINT('',(13.9,25.,2.45000000000007));
#4953=CARTESIAN_POINT('',(13.9,0.,2.45000000000007));
#4954=CARTESIAN_POINT('',(13.9,25.,-14.));
#4955=CARTESIAN_POINT('Origin',(12.8,0.,2.45000000000007));
#4956=CARTESIAN_POINT('',(12.8,25.,3.55000000000007));
#4957=CARTESIAN_POINT('',(12.8,0.,3.55000000000007));
#4958=CARTESIAN_POINT('Origin',(12.8,25.,2.45000000000007));
#4959=CARTESIAN_POINT('Origin',(-13.8999999999999,0.,3.55000000000007));
#4960=CARTESIAN_POINT('',(11.2999999999999,25.,3.55000000000007));
#4961=CARTESIAN_POINT('',(11.2999999999999,0.,3.55000000000007));
#4962=CARTESIAN_POINT('',(11.2999999999999,25.,3.55000000000007));
#4963=CARTESIAN_POINT('Origin',(8.71433110089374,0.,4.27077409006397));
#4964=CARTESIAN_POINT('',(8.32715306872472,25.,5.30038235120299));
#4965=CARTESIAN_POINT('',(8.32715306872472,0.,5.30038235120299));
#4966=CARTESIAN_POINT('',(9.54439717527359,25.,4.99257067648123));
#4967=CARTESIAN_POINT('Origin',(8.71433110089374,25.,4.27077409006397));
#4968=CARTESIAN_POINT('',(9.54439717527359,0.,4.99257067648123));
#4969=CARTESIAN_POINT('Origin',(7.5,0.,7.5));
#4970=CARTESIAN_POINT('',(5.30038235120299,25.,8.32715306872472));
#4971=CARTESIAN_POINT('',(5.30038235120299,0.,8.32715306872472));
#4972=CARTESIAN_POINT('Origin',(7.5,25.,7.5));
#4973=CARTESIAN_POINT('Origin',(4.27077409006397,0.,8.71433110089374));
#4974=CARTESIAN_POINT('',(4.99257067648123,25.,9.54439717527359));
#4975=CARTESIAN_POINT('Origin',(4.27077409006397,25.,8.71433110089374));
#4976=CARTESIAN_POINT('',(4.99257067648123,0.,9.54439717527359));
#4977=CARTESIAN_POINT('Origin',(3.9282034135828,0.,10.4699339256201));
#4978=CARTESIAN_POINT('',(3.9282034135828,25.,10.4699339256201));
#4979=CARTESIAN_POINT('',(3.9282034135828,0.,10.4699339256201));
#4980=CARTESIAN_POINT('',(5.07820341358271,25.,9.46993392562013));
#4981=CARTESIAN_POINT('Origin',(2.45000000000007,0.,12.8));
#4982=CARTESIAN_POINT('',(2.45000000000007,25.,13.9));
#4983=CARTESIAN_POINT('',(2.45000000000007,0.,13.9));
#4984=CARTESIAN_POINT('',(3.55000000000007,25.,12.8));
#4985=CARTESIAN_POINT('Origin',(2.45000000000007,25.,12.8));
#4986=CARTESIAN_POINT('',(3.55000000000007,0.,12.8));
#4987=CARTESIAN_POINT('Origin',(-5.79999999999995,0.,13.9));
#4988=CARTESIAN_POINT('',(-2.45000000000007,25.,13.9));
#4989=CARTESIAN_POINT('',(-2.45000000000007,0.,13.9));
#4990=CARTESIAN_POINT('',(14.,25.,13.9));
#4991=CARTESIAN_POINT('Origin',(-2.45000000000007,0.,12.8));
#4992=CARTESIAN_POINT('',(-3.55000000000007,25.,12.8));
#4993=CARTESIAN_POINT('',(-3.55000000000007,0.,12.8));
#4994=CARTESIAN_POINT('Origin',(-2.45000000000007,25.,12.8));
#4995=CARTESIAN_POINT('Origin',(-3.55000000000007,0.,11.2999999999999));
#4996=CARTESIAN_POINT('',(-3.55000000000007,25.,11.2999999999999));
#4997=CARTESIAN_POINT('',(-3.55000000000007,0.,11.2999999999999));
#4998=CARTESIAN_POINT('',(-3.55000000000007,25.,11.2999999999999));
#4999=CARTESIAN_POINT('Origin',(-4.27077409006396,0.,8.71433110089374));
#5000=CARTESIAN_POINT('',(-5.30038235120299,25.,8.32715306872472));
#5001=CARTESIAN_POINT('',(-5.30038235120299,0.,8.32715306872472));
#5002=CARTESIAN_POINT('',(-4.99257067648123,25.,9.54439717527359));
#5003=CARTESIAN_POINT('Origin',(-4.27077409006396,25.,8.71433110089374));
#5004=CARTESIAN_POINT('',(-4.99257067648123,0.,9.54439717527359));
#5005=CARTESIAN_POINT('Origin',(-7.5,0.,7.5));
#5006=CARTESIAN_POINT('',(-8.32715306872472,25.,5.30038235120299));
#5007=CARTESIAN_POINT('',(-8.32715306872472,0.,5.30038235120299));
#5008=CARTESIAN_POINT('Origin',(-7.5,25.,7.5));
#5009=CARTESIAN_POINT('Origin',(-8.71433110089374,0.,4.27077409006397));
#5010=CARTESIAN_POINT('',(-9.54439717527359,25.,4.99257067648123));
#5011=CARTESIAN_POINT('Origin',(-8.71433110089374,25.,4.27077409006397));
#5012=CARTESIAN_POINT('',(-9.54439717527359,0.,4.99257067648123));
#5013=CARTESIAN_POINT('Origin',(-10.4699339256201,0.,3.9282034135828));
#5014=CARTESIAN_POINT('',(-10.4699339256201,25.,3.9282034135828));
#5015=CARTESIAN_POINT('',(-10.4699339256201,0.,3.9282034135828));
#5016=CARTESIAN_POINT('',(-9.46993392562013,25.,5.07820341358272));
#5017=CARTESIAN_POINT('Origin',(-12.8,0.,2.45000000000007));
#5018=CARTESIAN_POINT('',(-13.9,25.,2.45000000000007));
#5019=CARTESIAN_POINT('',(-13.9,0.,2.45000000000007));
#5020=CARTESIAN_POINT('',(-12.8,25.,3.55000000000007));
#5021=CARTESIAN_POINT('Origin',(-12.8,25.,2.45000000000007));
#5022=CARTESIAN_POINT('',(-12.8,0.,3.55000000000007));
#5023=CARTESIAN_POINT('Origin',(-13.9,0.,-5.79999999999994));
#5024=CARTESIAN_POINT('',(-13.9,25.,-2.45000000000007));
#5025=CARTESIAN_POINT('',(-13.9,0.,-2.45000000000007));
#5026=CARTESIAN_POINT('',(-13.9,25.,14.));
#5027=CARTESIAN_POINT('Origin',(-12.8,0.,-2.45000000000007));
#5028=CARTESIAN_POINT('',(-12.8,25.,-3.55000000000007));
#5029=CARTESIAN_POINT('',(-12.8,0.,-3.55000000000007));
#5030=CARTESIAN_POINT('Origin',(-12.8,25.,-2.45000000000007));
#5031=CARTESIAN_POINT('Origin',(-11.2999999999999,0.,-3.55000000000007));
#5032=CARTESIAN_POINT('',(-11.2999999999999,25.,-3.55000000000007));
#5033=CARTESIAN_POINT('',(-11.2999999999999,0.,-3.55000000000007));
#5034=CARTESIAN_POINT('',(-11.2999999999999,25.,-3.55000000000007));
#5035=CARTESIAN_POINT('Origin',(-4.65000000000007,0.,11.2999999999999));
#5036=CARTESIAN_POINT('',(-3.9282034135828,25.,10.4699339256201));
#5037=CARTESIAN_POINT('',(-3.9282034135828,0.,10.4699339256201));
#5038=CARTESIAN_POINT('Origin',(-4.65000000000007,25.,11.2999999999999));
#5039=CARTESIAN_POINT('Origin',(4.65000000000007,0.,11.2999999999999));
#5040=CARTESIAN_POINT('',(3.55000000000007,25.,11.2999999999999));
#5041=CARTESIAN_POINT('',(3.55000000000007,0.,11.2999999999999));
#5042=CARTESIAN_POINT('Origin',(4.65000000000007,25.,11.2999999999999));
#5043=CARTESIAN_POINT('Origin',(11.2999999999999,0.,4.65000000000007));
#5044=CARTESIAN_POINT('',(10.4699339256201,25.,3.9282034135828));
#5045=CARTESIAN_POINT('',(10.4699339256201,0.,3.9282034135828));
#5046=CARTESIAN_POINT('Origin',(11.2999999999999,25.,4.65000000000007));
#5047=CARTESIAN_POINT('Origin',(11.2999999999999,0.,-4.65000000000007));
#5048=CARTESIAN_POINT('',(11.2999999999999,25.,-3.55000000000007));
#5049=CARTESIAN_POINT('',(11.2999999999999,0.,-3.55000000000007));
#5050=CARTESIAN_POINT('Origin',(11.2999999999999,25.,-4.65000000000007));
#5051=CARTESIAN_POINT('Origin',(4.65000000000007,0.,-11.2999999999999));
#5052=CARTESIAN_POINT('',(3.9282034135828,25.,-10.4699339256201));
#5053=CARTESIAN_POINT('',(3.9282034135828,0.,-10.4699339256201));
#5054=CARTESIAN_POINT('Origin',(4.65000000000007,25.,-11.2999999999999));
#5055=CARTESIAN_POINT('Origin',(-4.65000000000007,0.,-11.2999999999999));
#5056=CARTESIAN_POINT('',(-3.9282034135828,25.,-10.4699339256201));
#5057=CARTESIAN_POINT('',(-3.9282034135828,0.,-10.4699339256201));
#5058=CARTESIAN_POINT('',(-3.55000000000007,25.,-11.2999999999999));
#5059=CARTESIAN_POINT('',(-3.55000000000007,0.,-11.2999999999999));
#5060=CARTESIAN_POINT('Origin',(-4.65000000000007,25.,-11.2999999999999));
#5061=CARTESIAN_POINT('Origin',(-11.2999999999999,0.,-4.65000000000007));
#5062=CARTESIAN_POINT('',(-10.4699339256201,25.,-3.9282034135828));
#5063=CARTESIAN_POINT('',(-10.4699339256201,0.,-3.9282034135828));
#5064=CARTESIAN_POINT('Origin',(-11.2999999999999,25.,-4.65000000000007));
#5065=CARTESIAN_POINT('Origin',(-11.2999999999999,0.,4.65000000000007));
#5066=CARTESIAN_POINT('',(-11.2999999999999,25.,3.55000000000007));
#5067=CARTESIAN_POINT('',(-11.2999999999999,0.,3.55000000000007));
#5068=CARTESIAN_POINT('Origin',(-11.2999999999999,25.,4.65000000000007));
#5069=CARTESIAN_POINT('Origin',(-5.07820341358271,0.,9.46993392562013));
#5070=CARTESIAN_POINT('',(-5.07820341358271,25.,9.46993392562013));
#5071=CARTESIAN_POINT('Origin',(3.55000000000007,0.,13.8999999999999));
#5072=CARTESIAN_POINT('',(3.55000000000007,25.,11.2999999999999));
#5073=CARTESIAN_POINT('Origin',(9.46993392562013,0.,5.07820341358272));
#5074=CARTESIAN_POINT('',(9.46993392562013,25.,5.07820341358272));
#5075=CARTESIAN_POINT('Origin',(-11.2999999999999,0.,-3.55000000000007));
#5076=CARTESIAN_POINT('',(11.2999999999999,25.,-3.55000000000007));
#5077=CARTESIAN_POINT('Origin',(5.07820341358271,0.,-9.46993392562012));
#5078=CARTESIAN_POINT('',(5.07820341358272,25.,-9.46993392562012));
#5079=CARTESIAN_POINT('Origin',(-3.55000000000007,0.,11.2999999999999));
#5080=CARTESIAN_POINT('',(-3.55000000000007,25.,-11.2999999999999));
#5081=CARTESIAN_POINT('Origin',(-3.9282034135828,0.,-10.4699339256201));
#5082=CARTESIAN_POINT('',(-5.07820341358272,25.,-9.46993392562012));
#5083=CARTESIAN_POINT('Origin',(-9.46993392562012,0.,-5.07820341358272));
#5084=CARTESIAN_POINT('',(-9.46993392562012,25.,-5.07820341358272));
#5085=CARTESIAN_POINT('Origin',(-13.8999999999999,0.,3.55000000000007));
#5086=CARTESIAN_POINT('',(-11.2999999999999,25.,3.55000000000007));
#5087=CARTESIAN_POINT('Origin',(7.5,0.,-7.5));
#5088=CARTESIAN_POINT('',(6.25,25.,-7.5));
#5089=CARTESIAN_POINT('Origin',(7.5,25.,-7.5));
#5090=CARTESIAN_POINT('',(6.25,0.,-7.5));
#5091=CARTESIAN_POINT('Origin',(7.5,0.,7.5));
#5092=CARTESIAN_POINT('',(6.25,25.,7.5));
#5093=CARTESIAN_POINT('Origin',(7.5,25.,7.5));
#5094=CARTESIAN_POINT('',(6.25,0.,7.5));
#5095=CARTESIAN_POINT('Origin',(-7.5,0.,7.5));
#5096=CARTESIAN_POINT('',(-8.75,25.,7.5));
#5097=CARTESIAN_POINT('Origin',(-7.5,25.,7.5));
#5098=CARTESIAN_POINT('',(-8.75,0.,7.5));
#5099=CARTESIAN_POINT('Origin',(-7.5,0.,-7.5));
#5100=CARTESIAN_POINT('',(-8.75,25.,-7.5));
#5101=CARTESIAN_POINT('Origin',(-7.5,25.,-7.5));
#5102=CARTESIAN_POINT('',(-8.75,0.,-7.5));
#5103=CARTESIAN_POINT('Origin',(-14.,0.,15.));
#5104=CARTESIAN_POINT('',(-9.20000000000008,25.,15.));
#5105=CARTESIAN_POINT('',(-9.20000000000008,0.,15.));
#5106=CARTESIAN_POINT('',(-14.,25.,15.));
#5107=CARTESIAN_POINT('',(14.,25.,15.));
#5108=CARTESIAN_POINT('',(-14.,0.,15.));
#5109=CARTESIAN_POINT('Origin',(-14.,0.,14.));
#5110=CARTESIAN_POINT('',(-15.,25.,14.));
#5111=CARTESIAN_POINT('Origin',(-14.,25.,14.));
#5112=CARTESIAN_POINT('',(-15.,0.,14.));
#5113=CARTESIAN_POINT('Origin',(-15.,0.,9.20000000000008));
#5114=CARTESIAN_POINT('',(-15.,25.,9.20000000000008));
#5115=CARTESIAN_POINT('',(-15.,25.,14.));
#5116=CARTESIAN_POINT('',(-15.,0.,9.20000000000008));
#5117=CARTESIAN_POINT('Origin',(-13.9,0.,9.20000000000006));
#5118=CARTESIAN_POINT('',(-13.9,25.,9.20000000000006));
#5119=CARTESIAN_POINT('',(-15.,25.,9.20000000000008));
#5120=CARTESIAN_POINT('',(-13.9,0.,9.20000000000006));
#5121=CARTESIAN_POINT('Origin',(-13.9,0.,10.3500000000001));
#5122=CARTESIAN_POINT('',(-13.9,25.,10.3500000000001));
#5123=CARTESIAN_POINT('',(-13.9,25.,9.20000000000006));
#5124=CARTESIAN_POINT('',(-13.9,0.,10.3500000000001));
#5125=CARTESIAN_POINT('Origin',(-11.3,0.,10.35));
#5126=CARTESIAN_POINT('',(-11.3,25.,10.35));
#5127=CARTESIAN_POINT('',(-13.9,25.,10.3500000000001));
#5128=CARTESIAN_POINT('',(-11.3,0.,10.35));
#5129=CARTESIAN_POINT('Origin',(-10.3000000000002,0.,9.19999999999998));
#5130=CARTESIAN_POINT('',(-10.3000000000002,25.,9.19999999999998));
#5131=CARTESIAN_POINT('',(-11.3,25.,10.35));
#5132=CARTESIAN_POINT('',(-10.3000000000002,0.,9.19999999999998));
#5133=CARTESIAN_POINT('Origin',(-10.3000000000001,0.,8.01961524227065));
#5134=CARTESIAN_POINT('',(-10.3000000000001,25.,8.01961524227065));
#5135=CARTESIAN_POINT('',(-10.3000000000002,25.,9.19999999999998));
#5136=CARTESIAN_POINT('',(-10.3000000000001,0.,8.01961524227065));
#5137=CARTESIAN_POINT('Origin',(-10.0000000000001,0.,7.5));
#5138=CARTESIAN_POINT('',(-10.0000000000001,25.,7.5));
#5139=CARTESIAN_POINT('',(-10.3000000000001,25.,8.01961524227065));
#5140=CARTESIAN_POINT('',(-10.0000000000001,0.,7.5));
#5141=CARTESIAN_POINT('Origin',(-10.3000000000001,0.,6.98038475772932));
#5142=CARTESIAN_POINT('',(-10.3000000000001,25.,6.98038475772932));
#5143=CARTESIAN_POINT('',(-10.0000000000001,25.,7.5));
#5144=CARTESIAN_POINT('',(-10.3000000000001,0.,6.98038475772932));
#5145=CARTESIAN_POINT('Origin',(-10.3,0.,5.79999999999998));
#5146=CARTESIAN_POINT('',(-10.3,25.,5.79999999999998));
#5147=CARTESIAN_POINT('',(-10.3000000000001,25.,6.98038475772932));
#5148=CARTESIAN_POINT('',(-10.3,0.,5.79999999999998));
#5149=CARTESIAN_POINT('Origin',(-11.2999999999999,0.,4.65000000000007));
#5150=CARTESIAN_POINT('',(-11.2999999999999,25.,4.65000000000007));
#5151=CARTESIAN_POINT('',(-10.3,25.,5.79999999999998));
#5152=CARTESIAN_POINT('',(-11.2999999999999,0.,4.65000000000007));
#5153=CARTESIAN_POINT('Origin',(-13.8999999999999,0.,4.65000000000007));
#5154=CARTESIAN_POINT('',(-13.8999999999999,25.,4.65000000000007));
#5155=CARTESIAN_POINT('',(-11.2999999999999,25.,4.65000000000007));
#5156=CARTESIAN_POINT('',(-13.8999999999999,0.,4.65000000000007));
#5157=CARTESIAN_POINT('Origin',(-13.9,0.,5.80000000000008));
#5158=CARTESIAN_POINT('',(-13.9,25.,5.80000000000008));
#5159=CARTESIAN_POINT('',(-13.8999999999999,25.,4.65000000000007));
#5160=CARTESIAN_POINT('',(-13.9,0.,5.80000000000008));
#5161=CARTESIAN_POINT('Origin',(-15.,0.,5.79999999999995));
#5162=CARTESIAN_POINT('',(-15.,25.,5.79999999999995));
#5163=CARTESIAN_POINT('',(-13.9,25.,5.80000000000008));
#5164=CARTESIAN_POINT('',(-15.,0.,5.79999999999995));
#5165=CARTESIAN_POINT('Origin',(-15.,0.,-5.79999999999994));
#5166=CARTESIAN_POINT('',(-15.,25.,-5.79999999999994));
#5167=CARTESIAN_POINT('',(-15.,25.,14.));
#5168=CARTESIAN_POINT('',(-15.,0.,-5.79999999999994));
#5169=CARTESIAN_POINT('Origin',(-13.9,0.,-5.80000000000008));
#5170=CARTESIAN_POINT('',(-13.9,25.,-5.80000000000008));
#5171=CARTESIAN_POINT('',(-13.9,25.,-5.80000000000008));
#5172=CARTESIAN_POINT('',(-13.9,0.,-5.80000000000008));
#5173=CARTESIAN_POINT('Origin',(-13.8999999999999,0.,-4.65000000000007));
#5174=CARTESIAN_POINT('',(-13.8999999999999,25.,-4.65000000000007));
#5175=CARTESIAN_POINT('',(-13.8999999999999,25.,-4.65000000000007));
#5176=CARTESIAN_POINT('',(-13.8999999999999,0.,-4.65000000000007));
#5177=CARTESIAN_POINT('Origin',(-11.2999999999999,0.,-4.65000000000007));
#5178=CARTESIAN_POINT('',(-11.2999999999999,25.,-4.65000000000007));
#5179=CARTESIAN_POINT('',(-11.2999999999999,25.,-4.65000000000007));
#5180=CARTESIAN_POINT('',(-11.2999999999999,0.,-4.65000000000007));
#5181=CARTESIAN_POINT('Origin',(-10.3,0.,-5.79999999999998));
#5182=CARTESIAN_POINT('',(-10.3,25.,-5.79999999999998));
#5183=CARTESIAN_POINT('',(-10.3,25.,-5.79999999999998));
#5184=CARTESIAN_POINT('',(-10.3,0.,-5.79999999999998));
#5185=CARTESIAN_POINT('Origin',(-10.3000000000001,0.,-6.98038475772932));
#5186=CARTESIAN_POINT('',(-10.3000000000001,25.,-6.98038475772932));
#5187=CARTESIAN_POINT('',(-10.3000000000001,25.,-6.98038475772932));
#5188=CARTESIAN_POINT('',(-10.3000000000001,0.,-6.98038475772932));
#5189=CARTESIAN_POINT('Origin',(-10.0000000000001,0.,-7.5));
#5190=CARTESIAN_POINT('',(-10.0000000000001,25.,-7.5));
#5191=CARTESIAN_POINT('',(-10.0000000000001,25.,-7.5));
#5192=CARTESIAN_POINT('',(-10.0000000000001,0.,-7.5));
#5193=CARTESIAN_POINT('Origin',(-10.3000000000001,0.,-8.01961524227065));
#5194=CARTESIAN_POINT('',(-10.3000000000001,25.,-8.01961524227065));
#5195=CARTESIAN_POINT('',(-10.3000000000001,25.,-8.01961524227065));
#5196=CARTESIAN_POINT('',(-10.3000000000001,0.,-8.01961524227065));
#5197=CARTESIAN_POINT('Origin',(-10.3000000000002,0.,-9.19999999999998));
#5198=CARTESIAN_POINT('',(-10.3000000000002,25.,-9.19999999999998));
#5199=CARTESIAN_POINT('',(-10.3000000000002,25.,-9.19999999999998));
#5200=CARTESIAN_POINT('',(-10.3000000000002,0.,-9.19999999999998));
#5201=CARTESIAN_POINT('Origin',(-11.3,0.,-10.35));
#5202=CARTESIAN_POINT('',(-11.3,25.,-10.35));
#5203=CARTESIAN_POINT('',(-11.3,25.,-10.35));
#5204=CARTESIAN_POINT('',(-11.3,0.,-10.35));
#5205=CARTESIAN_POINT('Origin',(-13.9,0.,-10.3500000000001));
#5206=CARTESIAN_POINT('',(-13.9,25.,-10.3500000000001));
#5207=CARTESIAN_POINT('',(-13.9,25.,-10.3500000000001));
#5208=CARTESIAN_POINT('',(-13.9,0.,-10.3500000000001));
#5209=CARTESIAN_POINT('Origin',(-13.9,0.,-9.20000000000006));
#5210=CARTESIAN_POINT('',(-13.9,25.,-9.20000000000006));
#5211=CARTESIAN_POINT('',(-13.9,25.,-9.20000000000006));
#5212=CARTESIAN_POINT('',(-13.9,0.,-9.20000000000006));
#5213=CARTESIAN_POINT('Origin',(-15.,0.,-9.20000000000008));
#5214=CARTESIAN_POINT('',(-15.,25.,-9.20000000000008));
#5215=CARTESIAN_POINT('',(-15.,25.,-9.20000000000008));
#5216=CARTESIAN_POINT('',(-15.,0.,-9.20000000000008));
#5217=CARTESIAN_POINT('Origin',(-15.,0.,-14.));
#5218=CARTESIAN_POINT('',(-15.,25.,-14.));
#5219=CARTESIAN_POINT('',(-15.,25.,14.));
#5220=CARTESIAN_POINT('',(-15.,0.,-14.));
#5221=CARTESIAN_POINT('Origin',(-14.,0.,-14.));
#5222=CARTESIAN_POINT('',(-14.,25.,-15.));
#5223=CARTESIAN_POINT('Origin',(-14.,25.,-14.));
#5224=CARTESIAN_POINT('',(-14.,0.,-15.));
#5225=CARTESIAN_POINT('Origin',(-9.20000000000008,0.,-15.));
#5226=CARTESIAN_POINT('',(-9.20000000000008,25.,-15.));
#5227=CARTESIAN_POINT('',(-14.,25.,-15.));
#5228=CARTESIAN_POINT('',(-9.20000000000008,0.,-15.));
#5229=CARTESIAN_POINT('Origin',(-9.20000000000006,0.,-13.9));
#5230=CARTESIAN_POINT('',(-9.20000000000006,25.,-13.9));
#5231=CARTESIAN_POINT('',(-9.20000000000008,25.,-15.));
#5232=CARTESIAN_POINT('',(-9.20000000000006,0.,-13.9));
#5233=CARTESIAN_POINT('Origin',(-10.3500000000001,0.,-13.9));
#5234=CARTESIAN_POINT('',(-10.3500000000001,25.,-13.9));
#5235=CARTESIAN_POINT('',(-9.20000000000006,25.,-13.9));
#5236=CARTESIAN_POINT('',(-10.3500000000001,0.,-13.9));
#5237=CARTESIAN_POINT('Origin',(-10.35,0.,-11.3));
#5238=CARTESIAN_POINT('',(-10.35,25.,-11.3));
#5239=CARTESIAN_POINT('',(-10.3500000000001,25.,-13.9));
#5240=CARTESIAN_POINT('',(-10.35,0.,-11.3));
#5241=CARTESIAN_POINT('Origin',(-9.19999999999998,0.,-10.3000000000002));
#5242=CARTESIAN_POINT('',(-9.19999999999998,25.,-10.3000000000002));
#5243=CARTESIAN_POINT('',(-10.35,25.,-11.3));
#5244=CARTESIAN_POINT('',(-9.19999999999998,0.,-10.3000000000002));
#5245=CARTESIAN_POINT('Origin',(-8.01961524227065,0.,-10.3000000000001));
#5246=CARTESIAN_POINT('',(-8.01961524227065,25.,-10.3000000000001));
#5247=CARTESIAN_POINT('',(-9.19999999999998,25.,-10.3000000000002));
#5248=CARTESIAN_POINT('',(-8.01961524227065,0.,-10.3000000000001));
#5249=CARTESIAN_POINT('Origin',(-7.5,0.,-10.0000000000001));
#5250=CARTESIAN_POINT('',(-7.5,25.,-10.0000000000001));
#5251=CARTESIAN_POINT('',(-8.01961524227065,25.,-10.3000000000001));
#5252=CARTESIAN_POINT('',(-7.5,0.,-10.0000000000001));
#5253=CARTESIAN_POINT('Origin',(-6.98038475772932,0.,-10.3000000000001));
#5254=CARTESIAN_POINT('',(-6.98038475772932,25.,-10.3000000000001));
#5255=CARTESIAN_POINT('',(-7.5,25.,-10.0000000000001));
#5256=CARTESIAN_POINT('',(-6.98038475772932,0.,-10.3000000000001));
#5257=CARTESIAN_POINT('Origin',(-5.79999999999998,0.,-10.3));
#5258=CARTESIAN_POINT('',(-5.79999999999998,25.,-10.3));
#5259=CARTESIAN_POINT('',(-6.98038475772932,25.,-10.3000000000001));
#5260=CARTESIAN_POINT('',(-5.79999999999998,0.,-10.3));
#5261=CARTESIAN_POINT('Origin',(-4.65000000000007,0.,-11.2999999999999));
#5262=CARTESIAN_POINT('',(-4.65000000000007,25.,-11.2999999999999));
#5263=CARTESIAN_POINT('',(-5.79999999999998,25.,-10.3));
#5264=CARTESIAN_POINT('',(-4.65000000000007,0.,-11.2999999999999));
#5265=CARTESIAN_POINT('Origin',(-4.65000000000007,0.,-13.8999999999999));
#5266=CARTESIAN_POINT('',(-4.65000000000007,25.,-13.8999999999999));
#5267=CARTESIAN_POINT('',(-4.65000000000007,25.,-11.2999999999999));
#5268=CARTESIAN_POINT('',(-4.65000000000007,0.,-13.8999999999999));
#5269=CARTESIAN_POINT('Origin',(-5.80000000000008,0.,-13.9));
#5270=CARTESIAN_POINT('',(-5.80000000000008,25.,-13.9));
#5271=CARTESIAN_POINT('',(-4.65000000000007,25.,-13.8999999999999));
#5272=CARTESIAN_POINT('',(-5.80000000000008,0.,-13.9));
#5273=CARTESIAN_POINT('Origin',(-5.79999999999995,0.,-15.));
#5274=CARTESIAN_POINT('',(-5.79999999999995,25.,-15.));
#5275=CARTESIAN_POINT('',(-5.80000000000008,25.,-13.9));
#5276=CARTESIAN_POINT('',(-5.79999999999995,0.,-15.));
#5277=CARTESIAN_POINT('Origin',(5.79999999999995,0.,-15.));
#5278=CARTESIAN_POINT('',(5.79999999999995,25.,-15.));
#5279=CARTESIAN_POINT('',(-14.,25.,-15.));
#5280=CARTESIAN_POINT('',(5.79999999999995,0.,-15.));
#5281=CARTESIAN_POINT('Origin',(5.80000000000008,0.,-13.9));
#5282=CARTESIAN_POINT('',(5.80000000000008,25.,-13.9));
#5283=CARTESIAN_POINT('',(5.80000000000008,25.,-13.9));
#5284=CARTESIAN_POINT('',(5.80000000000008,0.,-13.9));
#5285=CARTESIAN_POINT('Origin',(4.65000000000007,0.,-13.8999999999999));
#5286=CARTESIAN_POINT('',(4.65000000000007,25.,-13.8999999999999));
#5287=CARTESIAN_POINT('',(4.65000000000007,25.,-13.8999999999999));
#5288=CARTESIAN_POINT('',(4.65000000000007,0.,-13.8999999999999));
#5289=CARTESIAN_POINT('Origin',(4.65000000000007,0.,-11.2999999999999));
#5290=CARTESIAN_POINT('',(4.65000000000007,25.,-11.2999999999999));
#5291=CARTESIAN_POINT('',(4.65000000000007,25.,-11.2999999999999));
#5292=CARTESIAN_POINT('',(4.65000000000007,0.,-11.2999999999999));
#5293=CARTESIAN_POINT('Origin',(5.79999999999998,0.,-10.3));
#5294=CARTESIAN_POINT('',(5.79999999999998,25.,-10.3));
#5295=CARTESIAN_POINT('',(5.79999999999998,25.,-10.3));
#5296=CARTESIAN_POINT('',(5.79999999999998,0.,-10.3));
#5297=CARTESIAN_POINT('Origin',(6.98038475772932,0.,-10.3000000000001));
#5298=CARTESIAN_POINT('',(6.98038475772932,25.,-10.3000000000001));
#5299=CARTESIAN_POINT('',(6.98038475772932,25.,-10.3000000000001));
#5300=CARTESIAN_POINT('',(6.98038475772932,0.,-10.3000000000001));
#5301=CARTESIAN_POINT('Origin',(7.5,0.,-10.0000000000001));
#5302=CARTESIAN_POINT('',(7.5,25.,-10.0000000000001));
#5303=CARTESIAN_POINT('',(7.5,25.,-10.0000000000001));
#5304=CARTESIAN_POINT('',(7.5,0.,-10.0000000000001));
#5305=CARTESIAN_POINT('Origin',(8.01961524227065,0.,-10.3000000000001));
#5306=CARTESIAN_POINT('',(8.01961524227065,25.,-10.3000000000001));
#5307=CARTESIAN_POINT('',(8.01961524227065,25.,-10.3000000000001));
#5308=CARTESIAN_POINT('',(8.01961524227065,0.,-10.3000000000001));
#5309=CARTESIAN_POINT('Origin',(9.19999999999998,0.,-10.3000000000002));
#5310=CARTESIAN_POINT('',(9.19999999999998,25.,-10.3000000000002));
#5311=CARTESIAN_POINT('',(9.19999999999998,25.,-10.3000000000002));
#5312=CARTESIAN_POINT('',(9.19999999999998,0.,-10.3000000000002));
#5313=CARTESIAN_POINT('Origin',(10.35,0.,-11.3));
#5314=CARTESIAN_POINT('',(10.35,25.,-11.3));
#5315=CARTESIAN_POINT('',(10.35,25.,-11.3));
#5316=CARTESIAN_POINT('',(10.35,0.,-11.3));
#5317=CARTESIAN_POINT('Origin',(10.3500000000001,0.,-13.9));
#5318=CARTESIAN_POINT('',(10.3500000000001,25.,-13.9));
#5319=CARTESIAN_POINT('',(10.3500000000001,25.,-13.9));
#5320=CARTESIAN_POINT('',(10.3500000000001,0.,-13.9));
#5321=CARTESIAN_POINT('Origin',(9.20000000000006,0.,-13.9));
#5322=CARTESIAN_POINT('',(9.20000000000006,25.,-13.9));
#5323=CARTESIAN_POINT('',(9.20000000000006,25.,-13.9));
#5324=CARTESIAN_POINT('',(9.20000000000006,0.,-13.9));
#5325=CARTESIAN_POINT('Origin',(9.20000000000008,0.,-15.));
#5326=CARTESIAN_POINT('',(9.20000000000008,25.,-15.));
#5327=CARTESIAN_POINT('',(9.20000000000008,25.,-15.));
#5328=CARTESIAN_POINT('',(9.20000000000008,0.,-15.));
#5329=CARTESIAN_POINT('Origin',(14.,0.,-15.));
#5330=CARTESIAN_POINT('',(14.,25.,-15.));
#5331=CARTESIAN_POINT('',(-14.,25.,-15.));
#5332=CARTESIAN_POINT('',(14.,0.,-15.));
#5333=CARTESIAN_POINT('Origin',(14.,0.,-14.));
#5334=CARTESIAN_POINT('',(15.,25.,-14.));
#5335=CARTESIAN_POINT('Origin',(14.,25.,-14.));
#5336=CARTESIAN_POINT('',(15.,0.,-14.));
#5337=CARTESIAN_POINT('Origin',(15.,0.,-9.20000000000008));
#5338=CARTESIAN_POINT('',(15.,25.,-9.20000000000008));
#5339=CARTESIAN_POINT('',(15.,25.,-14.));
#5340=CARTESIAN_POINT('',(15.,0.,-9.20000000000008));
#5341=CARTESIAN_POINT('Origin',(13.9,0.,-9.20000000000006));
#5342=CARTESIAN_POINT('',(13.9,25.,-9.20000000000006));
#5343=CARTESIAN_POINT('',(15.,25.,-9.20000000000008));
#5344=CARTESIAN_POINT('',(13.9,0.,-9.20000000000006));
#5345=CARTESIAN_POINT('Origin',(13.9,0.,-10.3500000000001));
#5346=CARTESIAN_POINT('',(13.9,25.,-10.3500000000001));
#5347=CARTESIAN_POINT('',(13.9,25.,-9.20000000000006));
#5348=CARTESIAN_POINT('',(13.9,0.,-10.3500000000001));
#5349=CARTESIAN_POINT('Origin',(11.3,0.,-10.35));
#5350=CARTESIAN_POINT('',(11.3,25.,-10.35));
#5351=CARTESIAN_POINT('',(13.9,25.,-10.3500000000001));
#5352=CARTESIAN_POINT('',(11.3,0.,-10.35));
#5353=CARTESIAN_POINT('Origin',(10.3000000000002,0.,-9.19999999999998));
#5354=CARTESIAN_POINT('',(10.3000000000002,25.,-9.19999999999998));
#5355=CARTESIAN_POINT('',(11.3,25.,-10.35));
#5356=CARTESIAN_POINT('',(10.3000000000002,0.,-9.19999999999998));
#5357=CARTESIAN_POINT('Origin',(10.3000000000001,0.,-8.01961524227065));
#5358=CARTESIAN_POINT('',(10.3000000000001,25.,-8.01961524227065));
#5359=CARTESIAN_POINT('',(10.3000000000002,25.,-9.19999999999998));
#5360=CARTESIAN_POINT('',(10.3000000000001,0.,-8.01961524227065));
#5361=CARTESIAN_POINT('Origin',(10.0000000000001,0.,-7.5));
#5362=CARTESIAN_POINT('',(10.0000000000001,25.,-7.5));
#5363=CARTESIAN_POINT('',(10.3000000000001,25.,-8.01961524227065));
#5364=CARTESIAN_POINT('',(10.0000000000001,0.,-7.5));
#5365=CARTESIAN_POINT('Origin',(10.3000000000001,0.,-6.98038475772932));
#5366=CARTESIAN_POINT('',(10.3000000000001,25.,-6.98038475772932));
#5367=CARTESIAN_POINT('',(10.0000000000001,25.,-7.5));
#5368=CARTESIAN_POINT('',(10.3000000000001,0.,-6.98038475772932));
#5369=CARTESIAN_POINT('Origin',(10.3,0.,-5.79999999999998));
#5370=CARTESIAN_POINT('',(10.3,25.,-5.79999999999998));
#5371=CARTESIAN_POINT('',(10.3000000000001,25.,-6.98038475772932));
#5372=CARTESIAN_POINT('',(10.3,0.,-5.79999999999998));
#5373=CARTESIAN_POINT('Origin',(11.2999999999999,0.,-4.65000000000007));
#5374=CARTESIAN_POINT('',(11.2999999999999,25.,-4.65000000000007));
#5375=CARTESIAN_POINT('',(10.3,25.,-5.79999999999998));
#5376=CARTESIAN_POINT('',(11.2999999999999,0.,-4.65000000000007));
#5377=CARTESIAN_POINT('Origin',(13.8999999999999,0.,-4.65000000000007));
#5378=CARTESIAN_POINT('',(13.8999999999999,25.,-4.65000000000007));
#5379=CARTESIAN_POINT('',(11.2999999999999,25.,-4.65000000000007));
#5380=CARTESIAN_POINT('',(13.8999999999999,0.,-4.65000000000007));
#5381=CARTESIAN_POINT('Origin',(13.9,0.,-5.80000000000008));
#5382=CARTESIAN_POINT('',(13.9,25.,-5.80000000000008));
#5383=CARTESIAN_POINT('',(13.8999999999999,25.,-4.65000000000007));
#5384=CARTESIAN_POINT('',(13.9,0.,-5.80000000000008));
#5385=CARTESIAN_POINT('Origin',(15.,0.,-5.79999999999994));
#5386=CARTESIAN_POINT('',(15.,25.,-5.79999999999994));
#5387=CARTESIAN_POINT('',(13.9,25.,-5.80000000000008));
#5388=CARTESIAN_POINT('',(15.,0.,-5.79999999999994));
#5389=CARTESIAN_POINT('Origin',(15.,0.,5.79999999999995));
#5390=CARTESIAN_POINT('',(15.,25.,5.79999999999995));
#5391=CARTESIAN_POINT('',(15.,25.,-14.));
#5392=CARTESIAN_POINT('',(15.,0.,5.79999999999995));
#5393=CARTESIAN_POINT('Origin',(13.9,0.,5.80000000000008));
#5394=CARTESIAN_POINT('',(13.9,25.,5.80000000000008));
#5395=CARTESIAN_POINT('',(13.9,25.,5.80000000000008));
#5396=CARTESIAN_POINT('',(13.9,0.,5.80000000000008));
#5397=CARTESIAN_POINT('Origin',(13.8999999999999,0.,4.65000000000007));
#5398=CARTESIAN_POINT('',(13.8999999999999,25.,4.65000000000007));
#5399=CARTESIAN_POINT('',(13.8999999999999,25.,4.65000000000007));
#5400=CARTESIAN_POINT('',(13.8999999999999,0.,4.65000000000007));
#5401=CARTESIAN_POINT('Origin',(11.2999999999999,0.,4.65000000000007));
#5402=CARTESIAN_POINT('',(11.2999999999999,25.,4.65000000000007));
#5403=CARTESIAN_POINT('',(11.2999999999999,25.,4.65000000000007));
#5404=CARTESIAN_POINT('',(11.2999999999999,0.,4.65000000000007));
#5405=CARTESIAN_POINT('Origin',(10.3,0.,5.79999999999998));
#5406=CARTESIAN_POINT('',(10.3,25.,5.79999999999998));
#5407=CARTESIAN_POINT('',(10.3,25.,5.79999999999998));
#5408=CARTESIAN_POINT('',(10.3,0.,5.79999999999998));
#5409=CARTESIAN_POINT('Origin',(10.3000000000001,0.,6.98038475772932));
#5410=CARTESIAN_POINT('',(10.3000000000001,25.,6.98038475772932));
#5411=CARTESIAN_POINT('',(10.3000000000001,25.,6.98038475772932));
#5412=CARTESIAN_POINT('',(10.3000000000001,0.,6.98038475772932));
#5413=CARTESIAN_POINT('Origin',(10.0000000000001,0.,7.5));
#5414=CARTESIAN_POINT('',(10.0000000000001,25.,7.5));
#5415=CARTESIAN_POINT('',(10.0000000000001,25.,7.5));
#5416=CARTESIAN_POINT('',(10.0000000000001,0.,7.5));
#5417=CARTESIAN_POINT('Origin',(10.3000000000001,0.,8.01961524227065));
#5418=CARTESIAN_POINT('',(10.3000000000001,25.,8.01961524227065));
#5419=CARTESIAN_POINT('',(10.3000000000001,25.,8.01961524227065));
#5420=CARTESIAN_POINT('',(10.3000000000001,0.,8.01961524227065));
#5421=CARTESIAN_POINT('Origin',(10.3000000000002,0.,9.19999999999998));
#5422=CARTESIAN_POINT('',(10.3000000000002,25.,9.19999999999998));
#5423=CARTESIAN_POINT('',(10.3000000000002,25.,9.19999999999998));
#5424=CARTESIAN_POINT('',(10.3000000000002,0.,9.19999999999998));
#5425=CARTESIAN_POINT('Origin',(11.3,0.,10.35));
#5426=CARTESIAN_POINT('',(11.3,25.,10.35));
#5427=CARTESIAN_POINT('',(11.3,25.,10.35));
#5428=CARTESIAN_POINT('',(11.3,0.,10.35));
#5429=CARTESIAN_POINT('Origin',(13.9,0.,10.3500000000001));
#5430=CARTESIAN_POINT('',(13.9,25.,10.3500000000001));
#5431=CARTESIAN_POINT('',(13.9,25.,10.3500000000001));
#5432=CARTESIAN_POINT('',(13.9,0.,10.3500000000001));
#5433=CARTESIAN_POINT('Origin',(13.9,0.,9.20000000000006));
#5434=CARTESIAN_POINT('',(13.9,25.,9.20000000000006));
#5435=CARTESIAN_POINT('',(13.9,25.,9.20000000000006));
#5436=CARTESIAN_POINT('',(13.9,0.,9.20000000000006));
#5437=CARTESIAN_POINT('Origin',(15.,0.,9.20000000000008));
#5438=CARTESIAN_POINT('',(15.,25.,9.20000000000008));
#5439=CARTESIAN_POINT('',(15.,25.,9.20000000000008));
#5440=CARTESIAN_POINT('',(15.,0.,9.20000000000008));
#5441=CARTESIAN_POINT('Origin',(15.,0.,14.));
#5442=CARTESIAN_POINT('',(15.,25.,14.));
#5443=CARTESIAN_POINT('',(15.,25.,-14.));
#5444=CARTESIAN_POINT('',(15.,0.,14.));
#5445=CARTESIAN_POINT('Origin',(14.,0.,14.));
#5446=CARTESIAN_POINT('',(14.,25.,15.));
#5447=CARTESIAN_POINT('Origin',(14.,25.,14.));
#5448=CARTESIAN_POINT('',(14.,0.,15.));
#5449=CARTESIAN_POINT('Origin',(9.20000000000008,0.,15.));
#5450=CARTESIAN_POINT('',(9.20000000000008,25.,15.));
#5451=CARTESIAN_POINT('',(14.,25.,15.));
#5452=CARTESIAN_POINT('',(9.20000000000008,0.,15.));
#5453=CARTESIAN_POINT('Origin',(9.20000000000006,0.,13.9));
#5454=CARTESIAN_POINT('',(9.20000000000006,25.,13.9));
#5455=CARTESIAN_POINT('',(9.20000000000008,25.,15.));
#5456=CARTESIAN_POINT('',(9.20000000000006,0.,13.9));
#5457=CARTESIAN_POINT('Origin',(10.3500000000001,0.,13.9));
#5458=CARTESIAN_POINT('',(10.3500000000001,25.,13.9));
#5459=CARTESIAN_POINT('',(9.20000000000006,25.,13.9));
#5460=CARTESIAN_POINT('',(10.3500000000001,0.,13.9));
#5461=CARTESIAN_POINT('Origin',(10.35,0.,11.3));
#5462=CARTESIAN_POINT('',(10.35,25.,11.3));
#5463=CARTESIAN_POINT('',(10.3500000000001,25.,13.9));
#5464=CARTESIAN_POINT('',(10.35,0.,11.3));
#5465=CARTESIAN_POINT('Origin',(9.19999999999998,0.,10.3000000000002));
#5466=CARTESIAN_POINT('',(9.19999999999998,25.,10.3000000000002));
#5467=CARTESIAN_POINT('',(10.35,25.,11.3));
#5468=CARTESIAN_POINT('',(9.19999999999998,0.,10.3000000000002));
#5469=CARTESIAN_POINT('Origin',(8.01961524227065,0.,10.3000000000001));
#5470=CARTESIAN_POINT('',(8.01961524227065,25.,10.3000000000001));
#5471=CARTESIAN_POINT('',(9.19999999999998,25.,10.3000000000002));
#5472=CARTESIAN_POINT('',(8.01961524227065,0.,10.3000000000001));
#5473=CARTESIAN_POINT('Origin',(7.5,0.,10.0000000000001));
#5474=CARTESIAN_POINT('',(7.5,25.,10.0000000000001));
#5475=CARTESIAN_POINT('',(8.01961524227065,25.,10.3000000000001));
#5476=CARTESIAN_POINT('',(7.5,0.,10.0000000000001));
#5477=CARTESIAN_POINT('Origin',(6.98038475772932,0.,10.3000000000001));
#5478=CARTESIAN_POINT('',(6.98038475772932,25.,10.3000000000001));
#5479=CARTESIAN_POINT('',(7.5,25.,10.0000000000001));
#5480=CARTESIAN_POINT('',(6.98038475772932,0.,10.3000000000001));
#5481=CARTESIAN_POINT('Origin',(5.79999999999998,0.,10.3));
#5482=CARTESIAN_POINT('',(5.79999999999998,25.,10.3));
#5483=CARTESIAN_POINT('',(6.98038475772932,25.,10.3000000000001));
#5484=CARTESIAN_POINT('',(5.79999999999998,0.,10.3));
#5485=CARTESIAN_POINT('Origin',(4.65000000000007,0.,11.2999999999999));
#5486=CARTESIAN_POINT('',(4.65000000000007,25.,11.2999999999999));
#5487=CARTESIAN_POINT('',(5.79999999999998,25.,10.3));
#5488=CARTESIAN_POINT('',(4.65000000000007,0.,11.2999999999999));
#5489=CARTESIAN_POINT('Origin',(4.65000000000007,0.,13.8999999999999));
#5490=CARTESIAN_POINT('',(4.65000000000007,25.,13.8999999999999));
#5491=CARTESIAN_POINT('',(4.65000000000007,25.,11.2999999999999));
#5492=CARTESIAN_POINT('',(4.65000000000007,0.,13.8999999999999));
#5493=CARTESIAN_POINT('Origin',(5.80000000000007,0.,13.9));
#5494=CARTESIAN_POINT('',(5.80000000000007,25.,13.9));
#5495=CARTESIAN_POINT('',(4.65000000000007,25.,13.8999999999999));
#5496=CARTESIAN_POINT('',(5.80000000000007,0.,13.9));
#5497=CARTESIAN_POINT('Origin',(5.79999999999995,0.,15.));
#5498=CARTESIAN_POINT('',(5.79999999999995,25.,15.));
#5499=CARTESIAN_POINT('',(5.80000000000007,25.,13.9));
#5500=CARTESIAN_POINT('',(5.79999999999995,0.,15.));
#5501=CARTESIAN_POINT('Origin',(-5.79999999999995,0.,15.));
#5502=CARTESIAN_POINT('',(-5.79999999999995,25.,15.));
#5503=CARTESIAN_POINT('',(14.,25.,15.));
#5504=CARTESIAN_POINT('',(-5.79999999999995,0.,15.));
#5505=CARTESIAN_POINT('Origin',(-5.80000000000008,0.,13.9));
#5506=CARTESIAN_POINT('',(-5.80000000000008,25.,13.9));
#5507=CARTESIAN_POINT('',(-5.80000000000008,25.,13.9));
#5508=CARTESIAN_POINT('',(-5.80000000000008,0.,13.9));
#5509=CARTESIAN_POINT('Origin',(-4.65000000000007,0.,13.8999999999999));
#5510=CARTESIAN_POINT('',(-4.65000000000007,25.,13.8999999999999));
#5511=CARTESIAN_POINT('',(-4.65000000000007,25.,13.8999999999999));
#5512=CARTESIAN_POINT('',(-4.65000000000007,0.,13.8999999999999));
#5513=CARTESIAN_POINT('Origin',(-4.65000000000007,0.,11.2999999999999));
#5514=CARTESIAN_POINT('',(-4.65000000000007,25.,11.2999999999999));
#5515=CARTESIAN_POINT('',(-4.65000000000007,25.,11.2999999999999));
#5516=CARTESIAN_POINT('',(-4.65000000000007,0.,11.2999999999999));
#5517=CARTESIAN_POINT('Origin',(-5.79999999999998,0.,10.3));
#5518=CARTESIAN_POINT('',(-5.79999999999998,25.,10.3));
#5519=CARTESIAN_POINT('',(-5.79999999999998,25.,10.3));
#5520=CARTESIAN_POINT('',(-5.79999999999998,0.,10.3));
#5521=CARTESIAN_POINT('Origin',(-6.98038475772932,0.,10.3000000000001));
#5522=CARTESIAN_POINT('',(-6.98038475772932,25.,10.3000000000001));
#5523=CARTESIAN_POINT('',(-6.98038475772932,25.,10.3000000000001));
#5524=CARTESIAN_POINT('',(-6.98038475772932,0.,10.3000000000001));
#5525=CARTESIAN_POINT('Origin',(-7.5,0.,10.0000000000001));
#5526=CARTESIAN_POINT('',(-7.5,25.,10.0000000000001));
#5527=CARTESIAN_POINT('',(-7.5,25.,10.0000000000001));
#5528=CARTESIAN_POINT('',(-7.5,0.,10.0000000000001));
#5529=CARTESIAN_POINT('Origin',(-8.01961524227065,0.,10.3000000000001));
#5530=CARTESIAN_POINT('',(-8.01961524227065,25.,10.3000000000001));
#5531=CARTESIAN_POINT('',(-8.01961524227065,25.,10.3000000000001));
#5532=CARTESIAN_POINT('',(-8.01961524227065,0.,10.3000000000001));
#5533=CARTESIAN_POINT('Origin',(-9.19999999999998,0.,10.3000000000002));
#5534=CARTESIAN_POINT('',(-9.19999999999998,25.,10.3000000000002));
#5535=CARTESIAN_POINT('',(-9.19999999999998,25.,10.3000000000002));
#5536=CARTESIAN_POINT('',(-9.19999999999998,0.,10.3000000000002));
#5537=CARTESIAN_POINT('Origin',(-10.35,0.,11.3));
#5538=CARTESIAN_POINT('',(-10.35,25.,11.3));
#5539=CARTESIAN_POINT('',(-10.35,25.,11.3));
#5540=CARTESIAN_POINT('',(-10.35,0.,11.3));
#5541=CARTESIAN_POINT('Origin',(-10.3500000000001,0.,13.9));
#5542=CARTESIAN_POINT('',(-10.3500000000001,25.,13.9));
#5543=CARTESIAN_POINT('',(-10.3500000000001,25.,13.9));
#5544=CARTESIAN_POINT('',(-10.3500000000001,0.,13.9));
#5545=CARTESIAN_POINT('Origin',(-9.20000000000006,0.,13.9));
#5546=CARTESIAN_POINT('',(-9.20000000000006,25.,13.9));
#5547=CARTESIAN_POINT('',(-9.20000000000006,25.,13.9));
#5548=CARTESIAN_POINT('',(-9.20000000000006,0.,13.9));
#5549=CARTESIAN_POINT('Origin',(-9.20000000000008,0.,15.));
#5550=CARTESIAN_POINT('',(-9.20000000000008,25.,15.));
#5551=CARTESIAN_POINT('Origin',(0.,25.,4.44089209850063E-15));
#5552=UNCERTAINTY_MEASURE_WITH_UNIT(LENGTH_MEASURE(0.01),#5556,
'DISTANCE_ACCURACY_VALUE',
'Maximum model space distance between geometric entities at asserted c
onnectivities');
#5553=UNCERTAINTY_MEASURE_WITH_UNIT(LENGTH_MEASURE(0.01),#5556,
'DISTANCE_ACCURACY_VALUE',
'Maximum model space distance between geometric entities at asserted c
onnectivities');
#5554=(
GEOMETRIC_REPRESENTATION_CONTEXT(3)
GLOBAL_UNCERTAINTY_ASSIGNED_CONTEXT((#5552))
GLOBAL_UNIT_ASSIGNED_CONTEXT((#5556,#5558,#5559))
REPRESENTATION_CONTEXT('','3D')
);
#5555=(
GEOMETRIC_REPRESENTATION_CONTEXT(3)
GLOBAL_UNCERTAINTY_ASSIGNED_CONTEXT((#5553))
GLOBAL_UNIT_ASSIGNED_CONTEXT((#5556,#5558,#5559))
REPRESENTATION_CONTEXT('','3D')
);
#5556=(
LENGTH_UNIT()
NAMED_UNIT(*)
SI_UNIT(.MILLI.,.METRE.)
);
#5557=(
LENGTH_UNIT()
NAMED_UNIT(*)
SI_UNIT($,.METRE.)
);
#5558=(
NAMED_UNIT(*)
PLANE_ANGLE_UNIT()
SI_UNIT($,.RADIAN.)
);
#5559=(
NAMED_UNIT(*)
SI_UNIT($,.STERADIAN.)
SOLID_ANGLE_UNIT()
);
#5560=SHAPE_DEFINITION_REPRESENTATION(#5561,#5562);
#5561=PRODUCT_DEFINITION_SHAPE('',$,#5564);
#5562=SHAPE_REPRESENTATION('',(#3428),#5554);
#5563=PRODUCT_DEFINITION_CONTEXT('part definition',#5568,'design');
#5564=PRODUCT_DEFINITION('Misumi 3030 Base 15','Misumi 3030 Base 15 v5',
#5565,#5563);
#5565=PRODUCT_DEFINITION_FORMATION('',$,#5570);
#5566=PRODUCT_RELATED_PRODUCT_CATEGORY('Misumi 3030 Base 15 v5',
'Misumi 3030 Base 15 v5',(#5570));
#5567=APPLICATION_PROTOCOL_DEFINITION('international standard',
'automotive_design',2009,#5568);
#5568=APPLICATION_CONTEXT(
'Core Data for Automotive Mechanical Design Process');
#5569=PRODUCT_CONTEXT('part definition',#5568,'mechanical');
#5570=PRODUCT('Misumi 3030 Base 15','Misumi 3030 Base 15 v5',$,(#5569));
#5571=PRESENTATION_STYLE_ASSIGNMENT((#5572));
#5572=SURFACE_STYLE_USAGE(.BOTH.,#5573);
#5573=SURFACE_SIDE_STYLE('',(#5574));
#5574=SURFACE_STYLE_FILL_AREA(#5575);
#5575=FILL_AREA_STYLE('Steel - Satin',(#5576));
#5576=FILL_AREA_STYLE_COLOUR('Steel - Satin',#5577);
#5577=COLOUR_RGB('Steel - Satin',0.627450980392157,0.627450980392157,0.627450980392157);
ENDSEC;
END-ISO-10303-21;
